﻿<?xml version="1.0" encoding="utf-8"?>
<object name="EntityPrototype" def="ark">
  <field name="disLibItemId" type="Id64">1008813899885702802</field>
  <field name="text_hidArchetypeResId" type="String">entityarchetypeslibrary\1008813899885702802.ark.fcb</field>
  <field name="hidArchetypeResId" type="Hash64">0C65FBDF33286C84</field>
  <field name="Name" type="String">StimEffectCurves/OldRestoreReliability</field>
  <field name="ArchetypeName" type="String">curves:stimeffectcurves/oldrestorereliability</field>
  <object name="Entity">
    <field name="hidName" type="String">Curves:StimEffectCurves/OldRestoreReliability</field>
    <field name="text_hidEntityClass" type="String">CCurve</field>
    <field name="hidEntityClass" type="Hash32">68745CCF</field>
    <object name="curveCurve">
      <field name="hidNumKnots" type="Int32">2</field>
      <field name="hidAllowedTypes" type="Int32">7</field>
      <object name="Knots">
        <object name="Knot">
          <field name="Value" type="BinHex">000080BF000000BF0000003F00000000</field>
          <field name="Info" type="BinHex">F90FC9400000803F0000000000000000</field>
          <field name="Type" type="BinHex">00000000</field>
        </object>
        <object name="Knot">
          <field name="Value" type="BinHex">000050410000D0400000003F00000000</field>
          <field name="Info" type="BinHex">F90FC9400000803F0000000000000000</field>
          <field name="Type" type="BinHex">00000000</field>
        </object>
      </object>
    </object>
  </object>
  <object name="ResPack" />
</object>