﻿<?xml version="1.0" encoding="utf-8"?>
<object name="EntityPrototype" def="ark">
  <field name="disLibItemId" type="Id64">1017821099140443794</field>
  <field name="text_hidArchetypeResId" type="String">entityarchetypeslibrary\1017821099140443794.ark.fcb</field>
  <field name="hidArchetypeResId" type="Hash64">835F7B23AB0B2A41</field>
  <field name="Name" type="String">Time/TimeElapseCurve</field>
  <field name="ArchetypeName" type="String">curves:time/timeelapsecurve</field>
  <object name="Entity">
    <field name="hidName" type="String">Curves:Time/TimeElapseCurve</field>
    <field name="text_hidEntityClass" type="String">CCurve</field>
    <field name="hidEntityClass" type="Hash32">68745CCF</field>
    <object name="curveCurve">
      <field name="hidNumKnots" type="Int32">8</field>
      <field name="hidAllowedTypes" type="Int32">7</field>
      <object name="Knots">
        <object name="Knot">
          <field name="Value" type="BinHex">17B7D1B8080C79448566703A4E023043</field>
          <field name="Info" type="BinHex">C3F5C8400000803F0000000000000000</field>
          <field name="Type" type="BinHex">00000000</field>
        </object>
        <object name="Knot">
          <field name="Value" type="BinHex">A9A4CE3D339BBB45417F513E499D3AC1</field>
          <field name="Info" type="BinHex">C3F5C8400000803F0000000000000000</field>
          <field name="Type" type="BinHex">00000000</field>
        </object>
        <object name="Knot">
          <field name="Value" type="BinHex">A9A4CE3D339BBB4594C4BD3DD1A22142</field>
          <field name="Info" type="BinHex">F90FC9400000803F0000000000000000</field>
          <field name="Type" type="BinHex">00000000</field>
        </object>
        <object name="Knot">
          <field name="Value" type="BinHex">143F663F7199BB4596DBAC3C66F7E541</field>
          <field name="Info" type="BinHex">F90FC9400000803F0000000000000000</field>
          <field name="Type" type="BinHex">00000000</field>
        </object>
        <object name="Knot">
          <field name="Value" type="BinHex">143F663F7199BB4596DBAC3C66F7E541</field>
          <field name="Info" type="BinHex">F90FC9400000803F0000000000000000</field>
          <field name="Type" type="BinHex">00000000</field>
        </object>
        <object name="Knot">
          <field name="Value" type="BinHex">B537783F711581440000003F00000000</field>
          <field name="Info" type="BinHex">F90FC9400000803F0000000000000000</field>
          <field name="Type" type="BinHex">00000000</field>
        </object>
        <object name="Knot">
          <field name="Value" type="BinHex">B537783F711581440000003F00000000</field>
          <field name="Info" type="BinHex">F90FC9400000803F0000000000000000</field>
          <field name="Type" type="BinHex">00000000</field>
        </object>
        <object name="Knot">
          <field name="Value" type="BinHex">05C57F3F6D0751430000003F00000000</field>
          <field name="Info" type="BinHex">F90FC9400000803F0000000000000000</field>
          <field name="Type" type="BinHex">00000000</field>
        </object>
      </object>
    </object>
  </object>
  <object name="ResPack" />
</object>