﻿<?xml version="1.0" encoding="utf-8"?>
<object name="EntityPrototype" def="ark">
  <field name="disLibItemId" type="Id64">1026959158137306007</field>
  <field name="text_hidArchetypeResId" type="String">entityarchetypeslibrary\1026959158137306007.ark.fcb</field>
  <field name="hidArchetypeResId" type="Hash64">C2EBF13B6AB77616</field>
  <field name="Name" type="String">groups/groups/OutdoorStill_A/Fire_Camp_01_38</field>
  <field name="ArchetypeName" type="String">ige_archetypes:groups/groups/outdoorstill_a/fire_camp_01_38</field>
  <object name="Entity">
    <field name="hidName" type="String">ige_archetypes:groups/groups/OutdoorStill_A/Fire_Camp_01_38</field>
    <field name="text_hidEntityClass" type="String">CEntity</field>
    <field name="hidEntityClass" type="Hash32">50C95067</field>
    <field name="hidResourceCount" type="Int32">3</field>
    <field name="hidConstEntity" type="Boolean">False</field>
    <field name="text_hidArchetypeResId" type="String">entityarchetypeslibrary\1026959158137306007.ark.fcb</field>
    <field name="hidArchetypeResId" type="Hash64">C2EBF13B6AB77616</field>
    <object name="Components">
      <object name="CFileDescriptorComponent">
        <field name="hidHasAliasName" type="Boolean">False</field>
        <field name="text_fileName" type="String">graphics\_singleplayer\props\natural\fire_camp_01.xml</field>
        <field name="fileName" type="Hash64">B0F7DCA85ACE1A91</field>
        <field name="hidDescriptor" type="Rml">
          <rml>
            <hidDescriptor>
              <component class="GraphicComponent" version="2" detail="0">
                <object index="0" boneName="Fire_Camp_01_LOD0" bboxMin="-0.698721,-0.83777,-0.0694154" bboxMax="0.932469,0.748676,0.660213" />
                <resource fileName="graphics\_SinglePlayer\Props\Natural\Fire_Camp_01.xbg" bboxMin="-0.703811,-0.886877,-0.0792786" bboxMax="0.95552,0.768095,0.671897" />
                <skeleton_reference_list>
                  <skeleton name="Fire_Camp_01" index="0" pos="0,0,0" rot="1,-0,-0,-0" />
                </skeleton_reference_list>
                <material_reference_list>
                  <material name="FcG_WoodRottenBurnt_01" shader_name="Generic_FC3" ref_shader_id="nfortin-M-20140714142508" hd="0" />
                  <material name="Sim_Soil_Derivation" shader_name="Simple" ref_shader_id="skovalchuk-M-20140812112627" hd="0" />
                  <material name="Sim_Stone_Stairs" shader_name="Simple" ref_shader_id="arodrigue2-M-20140403145122" hd="0" />
                </material_reference_list>
              </component>
              <component class="InteriorVolumeComponent" version="1" detail="0" />
              <component class="StaticPhysComponent">
                <resource fileName="graphics\_SinglePlayer\Props\Natural\Fire_Camp_01.hkx" />
              </component>
            </hidDescriptor>
          </rml>
        </field>
      </object>
      <object name="CObjectIgnitorCreatorComponent">
        <field name="hidHasAliasName" type="Boolean">False</field>
      </object>
      <object name="CGraphicComponent">
        <field name="hidHasAliasName" type="Boolean">True</field>
        <field name="hidComponentClassName" type="String">CStaticGraphicComponent</field>
        <field name="bCastShadow" type="Boolean">False</field>
        <field name="bReceiveShadow" type="Boolean">True</field>
        <field name="bCastAmbientShadow" type="Boolean">True</field>
        <field name="olgLightGroup" type="Int32">129</field>
        <field name="bShowInReflection" type="Boolean">False</field>
        <field name="bAlwaysShowInReflection" type="Boolean">False</field>
        <field name="bHighLight" type="Boolean">False</field>
        <field name="bLodDitheringEnable" type="Boolean">True</field>
        <field name="matIntuitionMaterialName" type="String"></field>
        <field name="bShowThroughWithFlashing" type="Boolean">False</field>
        <field name="bBackDrop" type="Boolean">False</field>
        <field name="bDisableMip0ResourceLoading" type="BinHex">00</field>
        <field hash="F41DCC4F" type="BinHex">0000000000000000</field>
        <field name="hidIndex" type="Int32">0</field>
        <field name="text_fileModel" type="String">graphics\_singleplayer\props\natural\fire_camp_01.xbg</field>
        <field name="fileModel" type="Hash64">BFAE4CA85ACE1A91</field>
        <field name="hidMeshName" type="String"></field>
        <field name="hidScale" type="Vector3">1,1,1</field>
        <object name="MaterialLightSwitch">
          <field name="hidSharedDataHandlerHash" type="Hash64">D6E2BF5A10A6BA16</field>
          <object name="MaterialSlots">
            <object name="Material">
              <field name="text_disSlotPathId" type="String">graphics\_materials\skovalchuk-m-20140812112627.material.bin</field>
              <field name="disSlotPathId" type="Hash64">079DB3D0B1D1EC5A</field>
              <field name="text_matMaterial" type="String"></field>
              <field name="matMaterial" type="Hash64">FFFFFFFFFFFFFFFF</field>
              <field name="disHD" type="BinHex">00</field>
            </object>
            <object name="Material">
              <field name="text_disSlotPathId" type="String">graphics\_materials\nfortin-m-20140714142508.material.bin</field>
              <field name="disSlotPathId" type="Hash64">36DAFA0A22E2ED53</field>
              <field name="text_matMaterial" type="String"></field>
              <field name="matMaterial" type="Hash64">FFFFFFFFFFFFFFFF</field>
              <field name="disHD" type="BinHex">00</field>
            </object>
            <object name="Material">
              <field name="text_disSlotPathId" type="String">graphics\_materials\arodrigue2-m-20140403145122.material.bin</field>
              <field name="disSlotPathId" type="Hash64">D18E8AE48E647FA3</field>
              <field name="text_matMaterial" type="String"></field>
              <field name="matMaterial" type="Hash64">FFFFFFFFFFFFFFFF</field>
              <field name="disHD" type="BinHex">00</field>
            </object>
          </object>
        </object>
        <object name="MaterialOverrides">
          <field name="hidSharedDataHandlerHash" type="Hash64">788119BCB3DA39C9</field>
          <object name="MaterialSlots">
            <object name="Material">
              <field name="text_disSlotPathId" type="String">graphics\_materials\skovalchuk-m-20140812112627.material.bin</field>
              <field name="disSlotPathId" type="Hash64">079DB3D0B1D1EC5A</field>
              <field name="text_matMaterial" type="String"></field>
              <field name="matMaterial" type="Hash64">FFFFFFFFFFFFFFFF</field>
              <field name="disHD" type="BinHex">00</field>
            </object>
            <object name="Material">
              <field name="text_disSlotPathId" type="String">graphics\_materials\nfortin-m-20140714142508.material.bin</field>
              <field name="disSlotPathId" type="Hash64">36DAFA0A22E2ED53</field>
              <field name="text_matMaterial" type="String"></field>
              <field name="matMaterial" type="Hash64">FFFFFFFFFFFFFFFF</field>
              <field name="disHD" type="BinHex">00</field>
            </object>
            <object name="Material">
              <field name="text_disSlotPathId" type="String">graphics\_materials\arodrigue2-m-20140403145122.material.bin</field>
              <field name="disSlotPathId" type="Hash64">D18E8AE48E647FA3</field>
              <field name="text_matMaterial" type="String"></field>
              <field name="matMaterial" type="Hash64">FFFFFFFFFFFFFFFF</field>
              <field name="disHD" type="BinHex">00</field>
            </object>
          </object>
        </object>
        <object name="hidModelLODs" />
        <object name="hidModelDistancesLODs" />
      </object>
      <object name="CStaticPhysComponent">
        <field name="hidHasAliasName" type="Boolean">False</field>
        <field name="text_hidResourceId" type="String">graphics\_singleplayer\props\natural\fire_camp_01.hkx</field>
        <field name="hidResourceId" type="Hash64">AD3267A85ACE1A91</field>
        <field hash="C784A41F" type="BinHex">01</field>
        <field name="bUseMaxTerrainSlope" type="Boolean">False</field>
        <field name="bIgnoreInExplosions" type="Boolean">False</field>
        <field name="selOverrideSlideAngle" type="BinHex">00000000</field>
        <field name="bAnimateable" type="Boolean">False</field>
        <field hash="AAFA0C31" type="BinHex">00</field>
        <field hash="BF1EB181" type="BinHex">00</field>
        <field name="bIgnoreBreakableEventsForEver" type="BinHex">00</field>
        <field name="bIgnoreBreakableEventsTemporarily" type="BinHex">00</field>
        <field name="bImmuneToDamage" type="BinHex">00</field>
        <field name="bNoCollision" type="BinHex">00</field>
        <field name="bLargeEntity" type="Boolean">False</field>
        <field name="hidResourceIndex" type="Int32">0</field>
        <field name="bEncounterTeleportToGroundOnCreate" type="BinHex">00</field>
        <field name="bNoDecals" type="BinHex">00</field>
        <field name="bPatchNavmesh" type="BinHex">00</field>
        <field name="bAffectNavMesh" type="Boolean">True</field>
        <object name="LogicMaterialOverrides" />
        <object name="hidTheSharedMap">
          <field name="hidSharedDataHandlerHash" type="Hash64">86B8C40898DE0042</field>
        </object>
      </object>
      <object name="CCoverComponent">
        <field name="hidHasAliasName" type="Boolean">False</field>
        <object name="Covers">
          <object name="Cover">
            <field name="bUseMetadataOnEmptyInstance" type="BinHex">01</field>
            <field name="bIsFPCover" type="BinHex">01</field>
            <field name="hidTransform" type="BinHex">0000803F000000000000000000000000000000000000803F000000000000000000000000000000000000803F000000000000000000000000000000000000803F</field>
            <field name="selCoverObjectType" type="BinHex">00000000</field>
            <object name="hidCoverInformation">
              <object name="hidState">
                <object name="hidCover">
                  <field name="State" type="BinHex">FFFFFFFF</field>
                  <object name="CoverPoints" />
                  <object name="CoverLinks" />
                  <object name="CoverAnchors" />
                </object>
              </object>
            </object>
          </object>
        </object>
      </object>
      <object hash="0C5A5F7D">
        <field name="hidHasAliasName" type="Boolean">False</field>
        <object hash="D89DA0E2">
          <field name="sndvarMIMUHBRes" type="BinHex">01000000</field>
          <field hash="EB9B8FFE" type="BinHex">00000000</field>
          <field name="MaterialId" type="BinHex">00000000</field>
          <field name="RulesBus" type="BinHex">00000000</field>
        </object>
      </object>
      <object name="CInteriorVolumeComponent">
        <field name="hidHasAliasName" type="Boolean">False</field>
        <field name="text_fileModel" type="String"></field>
        <field name="fileModel" type="Hash64">FFFFFFFFFFFFFFFF</field>
        <field name="intambientInteriorAmbient" type="Id64">4294967295</field>
        <field name="bEnabled" type="Boolean">True</field>
        <field name="Priority" type="UInt32">0</field>
      </object>
      <object name="CMinimapComponent">
        <field name="hidHasAliasName" type="Boolean">False</field>
        <field name="minimapobjectinfoObjectInfo" type="BinHex">FFFFFFFF00000000</field>
      </object>
      <object name="CLightAndFXComponent">
        <field name="hidHasAliasName" type="Boolean">False</field>
        <field name="hidInjected" type="Boolean">True</field>
        <field name="bIsImportantToUpdate" type="Boolean">True</field>
        <object name="curveGlobalTimeOfDayCurve">
          <field name="hidNumKnots" type="Int32">10</field>
          <field name="hidAllowedTypes" type="Int32">7</field>
          <object name="Knots">
            <object name="Knot">
              <field name="Value" type="Vector4">23.976,1.00098,-6.26094,0</field>
              <field name="Info" type="Vector4">6.2832,1,0,0</field>
              <field name="Type" type="BinHex">00000000</field>
            </object>
            <object name="Knot">
              <field name="Value" type="Vector4">5.746,0.988828,-1.915,0</field>
              <field name="Info" type="Vector4">6.2832,1,0,0</field>
              <field name="Type" type="BinHex">00000000</field>
            </object>
            <object name="Knot">
              <field name="Value" type="Vector4">5.746,0.988828,0.117667,0</field>
              <field name="Info" type="Vector4">6.2832,1,0,0</field>
              <field name="Type" type="BinHex">00000000</field>
            </object>
            <object name="Knot">
              <field name="Value" type="Vector4">6.099,0,-0.117667,0</field>
              <field name="Info" type="Vector4">6.2832,1,0,0</field>
              <field name="Type" type="BinHex">00000000</field>
            </object>
            <object name="Knot">
              <field name="Value" type="Vector4">6.099,0,3.60624,0</field>
              <field name="Info" type="Vector4">6.2832,1,0,0</field>
              <field name="Type" type="BinHex">00000000</field>
            </object>
            <object name="Knot">
              <field name="Value" type="Vector4">16.986,0,-3.629,-0.337436</field>
              <field name="Info" type="Vector4">6.2832,1,0,0</field>
              <field name="Type" type="BinHex">00000000</field>
            </object>
            <object name="Knot">
              <field name="Value" type="Vector4">16.986,0,0.243,0.0225949</field>
              <field name="Info" type="Vector4">6.2832,1,0,0</field>
              <field name="Type" type="BinHex">00000000</field>
            </object>
            <object name="Knot">
              <field name="Value" type="Vector4">17.715,1.00064,-0.243,-0.182353</field>
              <field name="Info" type="Vector4">6.2832,1,0,0</field>
              <field name="Type" type="BinHex">00000000</field>
            </object>
            <object name="Knot">
              <field name="Value" type="Vector4">17.715,1.00064,2.087,1.56613</field>
              <field name="Info" type="Vector4">6.2832,1,0,0</field>
              <field name="Type" type="BinHex">00000000</field>
            </object>
            <object name="Knot">
              <field name="Value" type="Vector4">23.976,1.00098,-6.26094,0</field>
              <field name="Info" type="Vector4">6.2832,1,0,0</field>
              <field name="Type" type="BinHex">00000000</field>
            </object>
          </object>
        </object>
        <object name="Light">
          <field name="selType" type="Enum">1</field>
          <field name="fRadius" type="Float32">5</field>
          <field name="fInnerRadius" type="Float32">2</field>
          <field name="fOcclusionAttThreshold" type="Float32">0.07</field>
          <field name="fileProjectedTexture" type="String"></field>
          <field name="clrColor" type="Vector3">0.776471,0.34902,0.0196078</field>
          <field name="fIntensity" type="Float32">3</field>
          <field name="bLightParticlesOnly" type="BinHex">00</field>
          <field name="fTurnOffFallOff" type="Float32">10</field>
          <field name="fTurnOffDistance" type="Float32">20</field>
          <field name="fFlickeringFrequency" type="Float32">1</field>
          <field name="fFlickeringAmplitude" type="Float32">0.4</field>
          <field name="fFlickeringNoise" type="Float32">1</field>
          <field name="bEnabled" type="Boolean">True</field>
          <object name="Sounds">
            <field name="sndtpFlickeringSoundType" type="BinHex">FFFFFFFF</field>
            <field name="sndFlickeringLoopingStartSound" type="String">0xFFFFFFFF</field>
            <field name="sndFlickeringLoopingStopSound" type="String">0xFFFFFFFF</field>
            <field name="sndFlickeringClickRandomSound" type="String">0xFFFFFFFF</field>
            <field name="sndvarFlickeringSoundIntensityVar" type="BinHex">FFFFFFFF</field>
          </object>
          <object name="CommonAttachmentProperties">
            <field name="text_sBoneName" type="String"></field>
            <field name="sBoneName" type="BinHex">FFFFFFFF</field>
            <field name="vectorPosOffset" type="Vector3">0,0,0</field>
            <field name="AngleOffset" type="BinHex">000000000000000000000000</field>
            <object name="curveTimeOfDayCurve">
              <field name="hidNumKnots" type="Int32">0</field>
              <field name="hidAllowedTypes" type="Int32">7</field>
              <object name="Knots" />
            </object>
          </object>
        </object>
        <object name="LightEffect">
          <field name="selType" type="Enum">0</field>
          <field name="fSizeX" type="Float32">1</field>
          <field name="fSizeY" type="Float32">1</field>
          <field name="fOffsetToCamera" type="Float32">0</field>
          <field name="fVisibilitySize" type="Float32">1</field>
          <field name="fScaleNoise" type="Float32">0</field>
          <field name="fFadeAngle" type="Float32">180</field>
          <field name="clrColor" type="Vector3">1,1,1</field>
          <field name="fileTexture" type="String"></field>
          <field name="fFadeDistance" type="Float32">100</field>
          <field name="fFadeLength" type="Float32">0</field>
          <field name="fCloseFadeDistance" type="Float32">0</field>
          <field name="fCloseFadeLength" type="Float32">0</field>
          <field name="bEnable" type="Boolean">False</field>
          <object name="CommonAttachmentProperties">
            <field name="text_sBoneName" type="String"></field>
            <field name="sBoneName" type="BinHex">FFFFFFFF</field>
            <field name="vectorPosOffset" type="Vector3">0,0,0</field>
            <field name="AngleOffset" type="BinHex">000000000000000000000000</field>
            <object name="curveTimeOfDayCurve">
              <field name="hidNumKnots" type="Int32">0</field>
              <field name="hidAllowedTypes" type="Int32">7</field>
              <object name="Knots" />
            </object>
          </object>
        </object>
        <object name="Particles">
          <field name="text_psPartSys" type="String">newparticles\7844446233795.part</field>
          <field name="psPartSys" type="Hash64">5988755C0C634ECA</field>
          <field name="fLodRatio" type="Float32">1</field>
          <field name="fLifeTimeRatio" type="Float32">1</field>
          <field name="fSizeXRatio" type="Float32">1</field>
          <field name="fSizeYRatio" type="Float32">1</field>
          <field name="fSpeedRatio" type="Float32">1</field>
          <field name="fAlphaRatio" type="Float32">1</field>
          <field name="fGravityRatio" type="Float32">1</field>
          <field name="fScale" type="Float32">1</field>
          <field name="fDistClippingMultiplier" type="Float32">1</field>
          <field name="clrColorMultiplier" type="Vector3">1,1,1</field>
          <field name="fEmitFactor" type="Float32">1</field>
          <field name="fVolumeDim1Ratio" type="Float32">1</field>
          <field name="fVolumeDim2Ratio" type="Float32">1</field>
          <field name="fVolumeDim3Ratio" type="Float32">1</field>
          <field name="bAutoStart" type="Boolean">True</field>
          <field name="bEnabledOutside" type="BinHex">01</field>
          <field name="bEnabledInRoom" type="BinHex">01</field>
          <field name="vecClippingOffset" type="BinHex">000000000000000000000000</field>
          <field name="nPriority" type="BinHex">05000000</field>
          <field name="EditorProperties" type="BinHex">000012010000110000456469746F7250726F70657274696573000000</field>
          <object name="CommonAttachmentProperties">
            <field name="text_sBoneName" type="String"></field>
            <field name="sBoneName" type="BinHex">FFFFFFFF</field>
            <field name="vectorPosOffset" type="Vector3">0.1,0,0.6</field>
            <field name="AngleOffset" type="BinHex">000000000000000000000000</field>
            <object name="curveTimeOfDayCurve">
              <field name="hidNumKnots" type="Int32">0</field>
              <field name="hidAllowedTypes" type="Int32">7</field>
              <object name="Knots" />
            </object>
          </object>
        </object>
        <object name="OffParticles">
          <field name="text_psPartSys" type="String"></field>
          <field name="psPartSys" type="Hash64">FFFFFFFFFFFFFFFF</field>
          <field name="fLodRatio" type="Float32">1</field>
          <field name="fLifeTimeRatio" type="Float32">1</field>
          <field name="fSizeXRatio" type="Float32">1</field>
          <field name="fSizeYRatio" type="Float32">1</field>
          <field name="fSpeedRatio" type="Float32">1</field>
          <field name="fAlphaRatio" type="Float32">1</field>
          <field name="fGravityRatio" type="Float32">1</field>
          <field name="fScale" type="Float32">1</field>
          <field name="fDistClippingMultiplier" type="Float32">1</field>
          <field name="clrColorMultiplier" type="Vector3">1,1,1</field>
          <field name="fEmitFactor" type="Float32">1</field>
          <field name="fVolumeDim1Ratio" type="Float32">1</field>
          <field name="fVolumeDim2Ratio" type="Float32">1</field>
          <field name="fVolumeDim3Ratio" type="Float32">1</field>
          <field name="bAutoStart" type="Boolean">True</field>
          <field name="bEnabledOutside" type="BinHex">01</field>
          <field name="bEnabledInRoom" type="BinHex">01</field>
          <field name="vecClippingOffset" type="BinHex">000000000000000000000000</field>
          <field name="nPriority" type="BinHex">05000000</field>
          <field name="EditorProperties" type="BinHex">000012010000110000456469746F7250726F70657274696573000000</field>
          <object name="CommonAttachmentProperties">
            <field name="text_sBoneName" type="String"></field>
            <field name="sBoneName" type="BinHex">FFFFFFFF</field>
            <field name="vectorPosOffset" type="Vector3">0,0,0</field>
            <field name="AngleOffset" type="BinHex">000000000000000000000000</field>
            <object name="curveTimeOfDayCurve">
              <field name="hidNumKnots" type="Int32">0</field>
              <field name="hidAllowedTypes" type="Int32">7</field>
              <object name="Knots" />
            </object>
          </object>
        </object>
      </object>
      <object name="CStimsEmitterComponent">
        <field name="hidHasAliasName" type="Boolean">False</field>
        <field name="hidInjected" type="Boolean">True</field>
        <field name="bEnable" type="Boolean">False</field>
        <field name="bSingleEmit" type="BinHex">00</field>
        <field name="fRateOfEmission" type="Float32">1</field>
        <field name="bUseSpecifiedInstigator" type="BinHex">00</field>
        <field name="entInstigatorId" type="BinHex">FFFFFFFFFFFFFFFF</field>
        <field name="vectorOffsetOrigin" type="BinHex">000000000000000000000000</field>
        <object name="Stims">
          <object name="Stim">
            <field name="hidEventName" type="String">Stims</field>
            <field name="bSupportForDualComponent" type="Boolean">False</field>
            <field name="hidTargetEntityId" type="Hash64">FFFFFFFFFFFFFFFF</field>
            <field name="text_sDetail" type="String"></field>
            <field name="sDetail" type="Hash32">FFFFFFFF</field>
            <field name="selType" type="Enum">7</field>
            <field name="selFilterSubType" type="Enum">6</field>
            <field name="fLevel" type="Float32">15</field>
            <field name="vectorImpactPos" type="Vector3">0,0,0.3</field>
            <field name="fRadius" type="Float32">1.1</field>
            <field name="bFalloff" type="Boolean">True</field>
            <field name="fFalloffMinLevel" type="Float32">1</field>
            <field name="fFalloffInterpolationFactor" type="Float32">0</field>
            <field name="bUseNewFalloffCurve" type="Boolean">False</field>
            <field name="arkFalloffCurve" type="Id64">0</field>
            <field name="hidShowType" type="Boolean">True</field>
            <field name="hidShowRadius" type="Boolean">True</field>
            <field name="fDuration" type="Float32">0</field>
            <object name="FilterFlags">
              <field name="bCommon" type="Boolean">True</field>
              <field name="bSinglePlayer" type="Boolean">False</field>
              <field name="bPvP" type="Boolean">False</field>
              <field name="bCoop" type="Boolean">False</field>
              <field name="bShangriLa" type="Boolean">False</field>
              <field name="bArena" type="Boolean">False</field>
              <field name="bChannel0" type="Boolean">False</field>
              <field name="bChannel1" type="BinHex">00</field>
              <field name="bChannel2" type="BinHex">00</field>
            </object>
          </object>
          <object name="Stim">
            <field name="hidEventName" type="String">Stims</field>
            <field name="bSupportForDualComponent" type="Boolean">False</field>
            <field name="hidTargetEntityId" type="Hash64">FFFFFFFFFFFFFFFF</field>
            <field name="text_sDetail" type="String"></field>
            <field name="sDetail" type="Hash32">FFFFFFFF</field>
            <field name="selType" type="Enum">0</field>
            <field name="fLevel" type="Float32">0</field>
            <field name="vectorImpactPos" type="Vector3">0,0,0</field>
            <field name="fRadius" type="Float32">0</field>
            <field name="bFalloff" type="Boolean">False</field>
            <field name="fFalloffMinLevel" type="Float32">1</field>
            <field name="fFalloffInterpolationFactor" type="Float32">0</field>
            <field name="bUseNewFalloffCurve" type="Boolean">False</field>
            <field name="arkFalloffCurve" type="Id64">0</field>
            <field name="hidShowType" type="Boolean">True</field>
            <field name="hidShowRadius" type="Boolean">True</field>
            <field name="fDuration" type="Float32">0</field>
            <object name="FilterFlags">
              <field name="bCommon" type="Boolean">True</field>
              <field name="bSinglePlayer" type="Boolean">False</field>
              <field name="bPvP" type="Boolean">False</field>
              <field name="bCoop" type="Boolean">False</field>
              <field name="bShangriLa" type="Boolean">False</field>
              <field name="bArena" type="Boolean">False</field>
              <field name="bChannel0" type="Boolean">False</field>
              <field name="bChannel1" type="BinHex">00</field>
              <field name="bChannel2" type="BinHex">00</field>
            </object>
          </object>
        </object>
      </object>
    </object>
  </object>
  <object name="ResPack">
    <field name="Count" type="BinHex">03000000</field>
    <object name="ResList">
      <field name="TypeId" type="Hash32">3AE88EFD</field>
      <field name="ResIds" type="BinHex">01000000911ACE5AA86732AD</field>
    </object>
    <object name="ResList">
      <field name="TypeId" type="Hash32">44601C12</field>
      <field name="ResIds" type="BinHex">01000000CA4E630C5C758859</field>
    </object>
    <object name="ResList">
      <field name="TypeId" type="Hash32">86E8E8BE</field>
      <field name="ResIds" type="BinHex">01000000911ACE5AA84CAEBF</field>
    </object>
  </object>
</object>