﻿<?xml version="1.0" encoding="utf-8"?>
<object name="EntityPrototype" def="ark">
  <field name="disLibItemId" type="Id64">1062987955001865752</field>
  <field name="text_hidArchetypeResId" type="String">entityarchetypeslibrary\1062987955001865752.ark.fcb</field>
  <field name="hidArchetypeResId" type="Hash64">2EF9FFDD73A85BBC</field>
  <field name="Name" type="String">groups/groups/MediumHomeSetup/Decal_WoodChipShavings_01_3</field>
  <field name="ArchetypeName" type="String">ige_archetypes:groups/groups/mediumhomesetup/decal_woodchipshavings_01_3</field>
  <object name="Entity">
    <field name="hidName" type="String">ige_archetypes:groups/groups/MediumHomeSetup/Decal_WoodChipShavings_01_3</field>
    <field name="text_hidEntityClass" type="String">CEntity</field>
    <field name="hidEntityClass" type="Hash32">50C95067</field>
    <field name="hidResourceCount" type="Int32">1</field>
    <field name="hidConstEntity" type="Boolean">False</field>
    <field name="text_hidArchetypeResId" type="String">entityarchetypeslibrary\1062987955001865752.ark.fcb</field>
    <field name="hidArchetypeResId" type="Hash64">2EF9FFDD73A85BBC</field>
    <object name="Components">
      <object name="CStaticDecalComponent">
        <field name="hidHasAliasName" type="Boolean">False</field>
        <field name="matMaterialName" type="String">graphics\_materials\rlaudico-m-20130912131512.material.bin</field>
        <field name="fWidth" type="Float32">1</field>
        <field name="fHeight" type="Float32">1</field>
        <field name="fRotation" type="Float32">0</field>
        <field name="fDistanceMax" type="Float32">256</field>
        <field name="iSortingLayer" type="BinHex">00000000</field>
        <field name="logmatLogicMaterial" type="Int32">39</field>
        <field name="hidSectorIdsList" type="BinHex">010000000D000000</field>
        <object name="Positions">
          <object name="Pos">
            <field name="Pos" type="Vector3">326.786,-470.108,0</field>
          </object>
          <object name="Pos">
            <field name="Pos" type="Vector3">0,0,0</field>
          </object>
          <object name="Pos">
            <field name="Pos" type="Vector3">0,0,0</field>
          </object>
          <object name="Pos">
            <field name="Pos" type="Vector3">0,0,0</field>
          </object>
          <object name="Pos">
            <field name="Pos" type="Vector3">0,0,0</field>
          </object>
          <object name="Pos">
            <field name="Pos" type="Vector3">0,0,0</field>
          </object>
          <object name="Pos">
            <field name="Pos" type="Vector3">0,0,0</field>
          </object>
          <object name="Pos">
            <field name="Pos" type="Vector3">0,0,0</field>
          </object>
          <object name="Pos">
            <field name="Pos" type="Vector3">0,0,0</field>
          </object>
        </object>
      </object>
    </object>
  </object>
  <object name="ResPack">
    <field name="Count" type="BinHex">01000000</field>
    <object name="ResList">
      <field name="TypeId" type="Hash32">BC825377</field>
      <field name="ResIds" type="BinHex">010000000F91DEEEDADF3D8B</field>
    </object>
  </object>
</object>