﻿<?xml version="1.0" encoding="utf-8"?>
<object name="EntityPrototype" def="ark">
  <field name="disLibItemId" type="Id64">108093974411603602</field>
  <field name="text_hidArchetypeResId" type="String">entityarchetypeslibrary\108093974411603602.ark.fcb</field>
  <field name="hidArchetypeResId" type="Hash64">1AD1B529384AC028</field>
  <field name="Name" type="String">CameraShakeAndRumble/GenericSmallCameraRoll</field>
  <field name="ArchetypeName" type="String">curves:camerashakeandrumble/genericsmallcameraroll</field>
  <object name="Entity">
    <field name="hidName" type="String">Curves:CameraShakeAndRumble/GenericSmallCameraRoll</field>
    <field name="text_hidEntityClass" type="String">CCurve</field>
    <field name="hidEntityClass" type="Hash32">68745CCF</field>
    <object name="curveCurve">
      <field name="hidNumKnots" type="Int32">20</field>
      <field name="hidAllowedTypes" type="Int32">7</field>
      <object name="Knots">
        <object name="Knot">
          <field name="Value" type="BinHex">00000000000000000000003F00000000</field>
          <field name="Info" type="BinHex">F90FC9400000803F0000000000000000</field>
          <field name="Type" type="BinHex">00000000</field>
        </object>
        <object name="Knot">
          <field name="Value" type="BinHex">1EA7683CE02D103B0000003F00000000</field>
          <field name="Info" type="BinHex">F90FC9400000803F0000000000000000</field>
          <field name="Type" type="BinHex">00000000</field>
        </object>
        <object name="Knot">
          <field name="Value" type="BinHex">1EA7683CE02D103B0000003F00000000</field>
          <field name="Info" type="BinHex">F90FC9400000803F0000000000000000</field>
          <field name="Type" type="BinHex">00000000</field>
        </object>
        <object name="Knot">
          <field name="Value" type="BinHex">D8F0F43C6F1203BB0000003F00000000</field>
          <field name="Info" type="BinHex">F90FC9400000803F0000000000000000</field>
          <field name="Type" type="BinHex">00000000</field>
        </object>
        <object name="Knot">
          <field name="Value" type="BinHex">D8F0F43C6F1203BB0000003F00000000</field>
          <field name="Info" type="BinHex">F90FC9400000803F0000000000000000</field>
          <field name="Type" type="BinHex">00000000</field>
        </object>
        <object name="Knot">
          <field name="Value" type="BinHex">5917373D52499D390000003F00000000</field>
          <field name="Info" type="BinHex">F90FC9400000803F0000000000000000</field>
          <field name="Type" type="BinHex">00000000</field>
        </object>
        <object name="Knot">
          <field name="Value" type="BinHex">5917373D52499D390000003F00000000</field>
          <field name="Info" type="BinHex">F90FC9400000803F0000000000000000</field>
          <field name="Type" type="BinHex">00000000</field>
        </object>
        <object name="Knot">
          <field name="Value" type="BinHex">DB8A7D3D89D2DEBA0000003F00000000</field>
          <field name="Info" type="BinHex">F90FC9400000803F0000000000000000</field>
          <field name="Type" type="BinHex">00000000</field>
        </object>
        <object name="Knot">
          <field name="Value" type="BinHex">DB8A7D3D89D2DEBA0000003F00000000</field>
          <field name="Info" type="BinHex">F90FC9400000803F0000000000000000</field>
          <field name="Type" type="BinHex">00000000</field>
        </object>
        <object name="Knot">
          <field name="Value" type="BinHex">E78CA83D17B751BA0000003F00000000</field>
          <field name="Info" type="BinHex">F90FC9400000803F0000000000000000</field>
          <field name="Type" type="BinHex">00000000</field>
        </object>
        <object name="Knot">
          <field name="Value" type="BinHex">E78CA83D17B751BA0000003F00000000</field>
          <field name="Info" type="BinHex">F90FC9400000803F0000000000000000</field>
          <field name="Type" type="BinHex">00000000</field>
        </object>
        <object name="Knot">
          <field name="Value" type="BinHex">39D6C53D6C09F9BA0000003F00000000</field>
          <field name="Info" type="BinHex">F90FC9400000803F0000000000000000</field>
          <field name="Type" type="BinHex">00000000</field>
        </object>
        <object name="Knot">
          <field name="Value" type="BinHex">39D6C53D6C09F9BA0000003F00000000</field>
          <field name="Info" type="BinHex">F90FC9400000803F0000000000000000</field>
          <field name="Type" type="BinHex">00000000</field>
        </object>
        <object name="Knot">
          <field name="Value" type="BinHex">6822EC3D17B751B90000003F00000000</field>
          <field name="Info" type="BinHex">F90FC9400000803F0000000000000000</field>
          <field name="Type" type="BinHex">00000000</field>
        </object>
        <object name="Knot">
          <field name="Value" type="BinHex">6822EC3D17B751B90000003F00000000</field>
          <field name="Info" type="BinHex">F90FC9400000803F0000000000000000</field>
          <field name="Type" type="BinHex">00000000</field>
        </object>
        <object name="Knot">
          <field name="Value" type="BinHex">CC7F083E52499DBA0000003F00000000</field>
          <field name="Info" type="BinHex">F90FC9400000803F0000000000000000</field>
          <field name="Type" type="BinHex">00000000</field>
        </object>
        <object name="Knot">
          <field name="Value" type="BinHex">CC7F083E52499DBA0000003F00000000</field>
          <field name="Info" type="BinHex">F90FC9400000803F0000000000000000</field>
          <field name="Type" type="BinHex">00000000</field>
        </object>
        <object name="Knot">
          <field name="Value" type="BinHex">E86A2B3E17B751390000003F00000000</field>
          <field name="Info" type="BinHex">F90FC9400000803F0000000000000000</field>
          <field name="Type" type="BinHex">00000000</field>
        </object>
        <object name="Knot">
          <field name="Value" type="BinHex">E86A2B3E17B751390000003F00000000</field>
          <field name="Info" type="BinHex">F90FC9400000803F0000000000000000</field>
          <field name="Type" type="BinHex">00000000</field>
        </object>
        <object name="Knot">
          <field name="Value" type="BinHex">3B014D3E17B751390000003F00000000</field>
          <field name="Info" type="BinHex">F90FC9400000803F0000000000000000</field>
          <field name="Type" type="BinHex">00000000</field>
        </object>
      </object>
    </object>
  </object>
  <object name="ResPack" />
</object>