﻿<?xml version="1.0" encoding="utf-8"?>
<object name="EntityPrototype" def="ark">
  <field name="disLibItemId" type="Id64">108224821272897761</field>
  <field name="text_hidArchetypeResId" type="String">entityarchetypeslibrary\108224821272897761.ark.fcb</field>
  <field name="hidArchetypeResId" type="Hash64">54E4BA6E49569046</field>
  <field name="Name" type="String">groups/groups/StorageShack_B/Jug_Plastic_146</field>
  <field name="ArchetypeName" type="String">ige_archetypes:groups/groups/storageshack_b/jug_plastic_146</field>
  <object name="Entity">
    <field name="hidName" type="String">ige_archetypes:groups/groups/StorageShack_B/Jug_Plastic_146</field>
    <field name="text_hidEntityClass" type="String">CEntity</field>
    <field name="hidEntityClass" type="Hash32">50C95067</field>
    <field name="hidResourceCount" type="Int32">3</field>
    <field name="hidConstEntity" type="Boolean">False</field>
    <field name="text_hidArchetypeResId" type="String">entityarchetypeslibrary\108224821272897761.ark.fcb</field>
    <field name="hidArchetypeResId" type="Hash64">54E4BA6E49569046</field>
    <object name="Components">
      <object name="CFileDescriptorComponent">
        <field name="hidHasAliasName" type="Boolean">False</field>
        <field name="text_fileName" type="String">graphics\_singleplayer\props\containers\jug_plastic.xml</field>
        <field name="fileName" type="Hash64">3A5836861380745D</field>
        <field name="hidDescriptor" type="Rml">
          <rml>
            <hidDescriptor>
              <component class="GraphicComponent" version="2" detail="0">
                <object index="0" boneName="Jug_Plastic_LOD0" bboxMin="-0.139586,-0.168842,0.000569801" bboxMax="0.138358,0.204283,0.420095" />
                <resource fileName="graphics\_SinglePlayer\Props\Containers\Jug_Plastic.xbg" bboxMin="-0.139586,-0.168842,0.000569801" bboxMax="0.138358,0.204283,0.420095" />
                <skeleton_reference_list>
                  <skeleton name="Jug_Plastic" index="0" pos="0,0,0" rot="1,-0,-0,-0" />
                </skeleton_reference_list>
                <material_reference_list>
                  <material name="Sim_Mosaic_01" shader_name="Simple" ref_shader_id="skovalchuk-M-20130819095708" hd="0" />
                  <material name="JUGPLASTIC" shader_name="Metal" ref_shader_id="grassam-M-917201357665002" hd="0" />
                </material_reference_list>
              </component>
              <component class="InteriorVolumeComponent" version="1" detail="0" />
              <component class="RigidPhysComponent">
                <resource fileName="graphics\_SinglePlayer\Props\Containers\Jug_Plastic.hkx" />
              </component>
            </hidDescriptor>
          </rml>
        </field>
      </object>
      <object name="CObjectIgnitorCreatorComponent">
        <field name="hidHasAliasName" type="Boolean">False</field>
      </object>
      <object name="CGraphicComponent">
        <field name="hidHasAliasName" type="Boolean">True</field>
        <field name="hidComponentClassName" type="String">CStaticGraphicComponent</field>
        <field name="bCastShadow" type="Boolean">True</field>
        <field name="bReceiveShadow" type="Boolean">True</field>
        <field name="bCastAmbientShadow" type="Boolean">True</field>
        <field name="olgLightGroup" type="Int32">129</field>
        <field name="bShowInReflection" type="Boolean">False</field>
        <field name="bAlwaysShowInReflection" type="Boolean">False</field>
        <field name="bHighLight" type="Boolean">False</field>
        <field name="bLodDitheringEnable" type="Boolean">True</field>
        <field name="matIntuitionMaterialName" type="String"></field>
        <field name="bShowThroughWithFlashing" type="Boolean">False</field>
        <field name="bBackDrop" type="Boolean">False</field>
        <field name="bDisableMip0ResourceLoading" type="BinHex">00</field>
        <field hash="F41DCC4F" type="BinHex">0000000000000000</field>
        <field name="hidIndex" type="Int32">0</field>
        <field name="text_fileModel" type="String">graphics\_singleplayer\props\containers\jug_plastic.xbg</field>
        <field name="fileModel" type="Hash64">3501A6861380745D</field>
        <field name="hidMeshName" type="String"></field>
        <field name="hidScale" type="Vector3">1,1,1</field>
        <object name="MaterialLightSwitch">
          <field name="hidSharedDataHandlerHash" type="Hash64">3DD161607C898E49</field>
          <object name="MaterialSlots">
            <object name="Material">
              <field name="text_disSlotPathId" type="String">graphics\_materials\skovalchuk-m-20130819095708.material.bin</field>
              <field name="disSlotPathId" type="Hash64">6994398777CD1DD4</field>
              <field name="text_matMaterial" type="String"></field>
              <field name="matMaterial" type="Hash64">FFFFFFFFFFFFFFFF</field>
              <field name="disHD" type="BinHex">00</field>
            </object>
            <object name="Material">
              <field name="text_disSlotPathId" type="String">graphics\_materials\grassam-m-917201357665002.material.bin</field>
              <field name="disSlotPathId" type="Hash64">7F4EFCAA64B4A966</field>
              <field name="text_matMaterial" type="String"></field>
              <field name="matMaterial" type="Hash64">FFFFFFFFFFFFFFFF</field>
              <field name="disHD" type="BinHex">00</field>
            </object>
          </object>
        </object>
        <object name="MaterialOverrides">
          <field name="hidSharedDataHandlerHash" type="Hash64">AD1BAB56B4773777</field>
          <object name="MaterialSlots">
            <object name="Material">
              <field name="text_disSlotPathId" type="String">graphics\_materials\skovalchuk-m-20130819095708.material.bin</field>
              <field name="disSlotPathId" type="Hash64">6994398777CD1DD4</field>
              <field name="text_matMaterial" type="String"></field>
              <field name="matMaterial" type="Hash64">FFFFFFFFFFFFFFFF</field>
              <field name="disHD" type="BinHex">00</field>
            </object>
            <object name="Material">
              <field name="text_disSlotPathId" type="String">graphics\_materials\grassam-m-917201357665002.material.bin</field>
              <field name="disSlotPathId" type="Hash64">7F4EFCAA64B4A966</field>
              <field name="text_matMaterial" type="String"></field>
              <field name="matMaterial" type="Hash64">FFFFFFFFFFFFFFFF</field>
              <field name="disHD" type="BinHex">00</field>
            </object>
          </object>
        </object>
        <object name="hidModelLODs" />
        <object name="hidModelDistancesLODs" />
      </object>
      <object name="CStaticPhysComponent">
        <field name="hidHasAliasName" type="Boolean">False</field>
        <field name="text_hidResourceId" type="String">graphics\_singleplayer\props\containers\jug_plastic.hkx</field>
        <field name="hidResourceId" type="Hash64">279D8D861380745D</field>
        <field hash="C784A41F" type="BinHex">01</field>
        <field name="bUseMaxTerrainSlope" type="Boolean">False</field>
        <field name="bIgnoreInExplosions" type="Boolean">False</field>
        <field name="selOverrideSlideAngle" type="BinHex">00000000</field>
        <field name="bAnimateable" type="Boolean">False</field>
        <field hash="AAFA0C31" type="BinHex">01</field>
        <field hash="BF1EB181" type="BinHex">00</field>
        <field name="bIgnoreBreakableEventsForEver" type="BinHex">00</field>
        <field name="bIgnoreBreakableEventsTemporarily" type="BinHex">00</field>
        <field name="bImmuneToDamage" type="BinHex">00</field>
        <field name="bNoCollision" type="BinHex">00</field>
        <field name="bLargeEntity" type="Boolean">False</field>
        <field name="hidResourceIndex" type="Int32">0</field>
        <field name="bEncounterTeleportToGroundOnCreate" type="BinHex">00</field>
        <field name="bNoDecals" type="BinHex">00</field>
        <field name="bPatchNavmesh" type="BinHex">00</field>
        <field name="bAffectNavMesh" type="Boolean">True</field>
        <object name="LogicMaterialOverrides">
          <object name="LogicMaterial">
            <field name="logmatLogicMaterial" type="Int32">25</field>
            <field name="text_disSlotName" type="String">CCOL003</field>
            <field name="disSlotName" type="Hash32">2EDF5230</field>
          </object>
          <object name="LogicMaterial">
            <field name="logmatLogicMaterial" type="Int32">25</field>
            <field name="text_disSlotName" type="String">CCOL002</field>
            <field name="disSlotName" type="Hash32">59D862A6</field>
          </object>
          <object name="LogicMaterial">
            <field name="logmatLogicMaterial" type="Int32">25</field>
            <field name="text_disSlotName" type="String">SCOL001</field>
            <field name="disSlotName" type="Hash32">A70FAFD2</field>
          </object>
          <object name="LogicMaterial">
            <field name="logmatLogicMaterial" type="Int32">25</field>
            <field name="text_disSlotName" type="String">CCOL004</field>
            <field name="disSlotName" type="Hash32">B0BBC793</field>
          </object>
          <object name="LogicMaterial">
            <field name="logmatLogicMaterial" type="Int32">25</field>
            <field name="text_disSlotName" type="String">CCOL001</field>
            <field name="disSlotName" type="Hash32">C0D1331C</field>
          </object>
          <object name="LogicMaterial">
            <field name="logmatLogicMaterial" type="Int32">25</field>
            <field name="text_disSlotName" type="String">CCOL005</field>
            <field name="disSlotName" type="Hash32">C7BCF705</field>
          </object>
        </object>
        <object name="hidTheSharedMap">
          <field name="hidSharedDataHandlerHash" type="Hash64">6EE9C1812DB628E3</field>
        </object>
      </object>
      <object name="CCoverComponent">
        <field name="hidHasAliasName" type="Boolean">False</field>
        <object name="Covers">
          <object name="Cover">
            <field name="bUseMetadataOnEmptyInstance" type="BinHex">01</field>
            <field name="bIsFPCover" type="BinHex">01</field>
            <field name="hidTransform" type="BinHex">0000803F000000000000000000000000000000000000803F000000000000000000000000000000000000803F000000000000000000000000000000000000803F</field>
            <field name="selCoverObjectType" type="BinHex">00000000</field>
            <object name="hidCoverInformation">
              <object name="hidState">
                <object name="hidCover">
                  <field name="State" type="BinHex">FFFFFFFF</field>
                  <object name="CoverPoints" />
                  <object name="CoverLinks" />
                  <object name="CoverAnchors" />
                </object>
              </object>
            </object>
          </object>
        </object>
      </object>
      <object hash="0C5A5F7D">
        <field name="hidHasAliasName" type="Boolean">False</field>
        <object hash="D89DA0E2">
          <field name="sndvarMIMUHBRes" type="BinHex">01000000</field>
          <field hash="EB9B8FFE" type="BinHex">00000000</field>
          <field name="MaterialId" type="BinHex">00000000</field>
          <field name="RulesBus" type="BinHex">00000000</field>
        </object>
      </object>
      <object name="CInteriorVolumeComponent">
        <field name="hidHasAliasName" type="Boolean">False</field>
        <field name="text_fileModel" type="String"></field>
        <field name="fileModel" type="Hash64">FFFFFFFFFFFFFFFF</field>
        <field name="intambientInteriorAmbient" type="Id64">4294967295</field>
        <field name="bEnabled" type="Boolean">True</field>
        <field name="Priority" type="UInt32">0</field>
      </object>
      <object name="CMinimapComponent">
        <field name="hidHasAliasName" type="Boolean">False</field>
        <field name="minimapobjectinfoObjectInfo" type="BinHex">FFFFFFFF00000000</field>
      </object>
      <object name="CObjectSoundAndFXComponent">
        <field name="hidHasAliasName" type="Boolean">False</field>
        <field name="hidInjected" type="Boolean">True</field>
        <object name="Impact">
          <field name="matimpDropImpact" type="BinHex">13A07BD800000000</field>
          <field name="fSpeedForMaxDropImpactVolume" type="Float32">0</field>
          <field name="fMinimalCollisionSpeed" type="Float32">3</field>
          <field name="bIsSingleDropImpactObject" type="Boolean">False</field>
          <object name="MovementSound">
            <field name="sndRollingSound" type="String">0xFFFFFFFF</field>
            <field name="sndRollingSoundEnd" type="String">0xFFFFFFFF</field>
            <field name="sndtpRollingSoundType" type="Int32">-1</field>
            <field name="sndSlidingSound" type="String">0xFFFFFFFF</field>
            <field name="sndSlidingSoundEnd" type="String">0xFFFFFFFF</field>
            <field name="sndtpSlidingSoundType" type="Int32">-1</field>
            <field name="sndmlObjectMovementMultilayer" type="BinHex">FFFFFFFF</field>
          </object>
        </object>
        <object name="Falling">
          <field name="bAllowAfterCollision" type="Boolean">False</field>
          <field name="sndFallingSound" type="String">0xFFFFFFFF</field>
          <field name="sndtpFallingType" type="Int32">-1</field>
          <field name="fSpeedToPlayFallingSound" type="Float32">0</field>
          <field name="FallingSoundTimeTrigger" type="BinHex">00000000</field>
        </object>
        <object name="Water">
          <field name="fZMinSpeedToTriggerSplash" type="Float32">1</field>
          <field name="fZMaxSpeedToTriggerSplash" type="Float32">5</field>
          <field name="fZMinSplashScale" type="Float32">1</field>
          <field name="fZMaxSplashScale" type="Float32">1.2</field>
          <field name="fZSpeedForMaxSplashVolume" type="Float32">0</field>
        </object>
        <object name="WaterWave">
          <field name="zSpeedToTriggerWaterWave" type="Float32">1</field>
          <field name="zMaxSpeedToTriggerWaterWave" type="Float32">5</field>
          <field name="minWaterWavePressure" type="Float32">0.2</field>
          <field name="maxWaterWavePressure" type="Float32">1</field>
          <field name="minWaterWaveSpeed" type="Float32">1</field>
          <field name="maxWaterWaveSpeed" type="Float32">1.5</field>
          <field name="minWaterWaveWaveLength" type="Float32">0.2</field>
          <field name="maxWaterWaveWaveLength" type="Float32">0.4</field>
          <field name="minWaterWaveDuration" type="Float32">0.5</field>
          <field name="maxWaterWaveDuration" type="Float32">1.5</field>
          <field name="minWaterWaveStartTime" type="Float32">0</field>
          <field name="maxWaterWaveStartTime" type="Float32">0.2</field>
          <field name="minWaterWaveTimeExponent" type="Float32">1</field>
          <field name="maxWaterWaveTimeExponent" type="Float32">1</field>
        </object>
      </object>
      <object name="CSoundComponent">
        <field name="hidHasAliasName" type="Boolean">False</field>
        <field name="hidInjected" type="Boolean">True</field>
        <field name="sndptSoundPoint" type="Hash64">00000000FFFFFFFF</field>
        <field name="bStopSoundOnStateChange" type="Boolean">False</field>
        <field name="bAlwaysUpdate" type="Boolean">False</field>
      </object>
    </object>
  </object>
  <object name="ResPack">
    <field name="Count" type="BinHex">0B000000</field>
    <object name="ResList">
      <field name="TypeId" type="Hash32">3AE88EFD</field>
      <field name="ResIds" type="BinHex">010000005D748013868D9D27</field>
    </object>
    <object name="ResList">
      <field name="TypeId" type="Hash32">44601C12</field>
      <field name="ResIds" type="BinHex">08000000DB9118164D72252BBCF21B16085BC86308B3101608D1E272983A1D164DC4E772CD551E164D37619E7D341D16085B6A9E7AF41B16081EF5D82A3BABB99E5CB1D9</field>
    </object>
    <object name="ResList">
      <field name="TypeId" type="Hash32">63F450D8</field>
      <field name="ResIds" type="BinHex">01000000584B2ECC9CD34B56</field>
    </object>
    <object name="ResList">
      <field name="TypeId" type="Hash32">86E8E8BE</field>
      <field name="ResIds" type="BinHex">010000005D74801386A60135</field>
    </object>
  </object>
</object>