﻿<?xml version="1.0" encoding="utf-8"?>
<object name="EntityPrototype" def="ark">
  <field name="disLibItemId" type="Id64">1126038349822309608</field>
  <field name="text_hidArchetypeResId" type="String">entityarchetypeslibrary\1126038349822309608.ark.fcb</field>
  <field name="hidArchetypeResId" type="Hash64">3368CC105E88D666</field>
  <field name="Name" type="String">groups/groups/Dolpo_PrayerWheels_Snow/Dolpo_PrayerWheelsSnow</field>
  <field name="ArchetypeName" type="String">ige_archetypes:groups/groups/dolpo_prayerwheels_snow/dolpo_prayerwheelssnow</field>
  <object name="Entity">
    <field name="hidName" type="String">ige_archetypes:groups/groups/Dolpo_PrayerWheels_Snow/Dolpo_PrayerWheelsSnow</field>
    <field name="text_hidEntityClass" type="String">CEntity</field>
    <field name="hidEntityClass" type="Hash32">50C95067</field>
    <field name="hidResourceCount" type="Int32">2</field>
    <field name="hidConstEntity" type="Boolean">False</field>
    <field name="text_hidArchetypeResId" type="String">entityarchetypeslibrary\1126038349822309608.ark.fcb</field>
    <field name="hidArchetypeResId" type="Hash64">3368CC105E88D666</field>
    <object name="Components">
      <object name="CFileDescriptorComponent">
        <field name="hidHasAliasName" type="Boolean">False</field>
        <field name="text_fileName" type="String">graphics\_sidequest\buildings\location\a3\dolpo_prayerwheels_01.xml</field>
        <field name="fileName" type="Hash64">D9628D45C8BB2495</field>
        <field name="hidDescriptor" type="Rml">
          <rml>
            <hidDescriptor>
              <component class="GraphicComponent" version="2" detail="0">
                <object index="0" boneName="Dolpo_PrayerWheels_01_LOD0" bboxMin="-1.15727,-4.10192,-1.03681" bboxMax="1.12598,4.01128,3.38909" />
                <resource fileName="graphics\_Sidequest\Buildings\Location\A3\Dolpo_PrayerWheels_01.xbg" bboxMin="-1.19615,-4.10421,-1.04429" bboxMax="1.22679,4.02062,3.40542" />
                <skeleton_reference_list>
                  <skeleton name="Dolpo_PrayerWheels_01" index="0" pos="0,0,0" rot="1,-0,-0,-0" />
                </skeleton_reference_list>
                <material_reference_list>
                  <material name="FcG_BrickStairTrims_01" shader_name="Generic_FC3" ref_shader_id="yallaire-M-20130618093709" hd="0" />
                  <material name="Sim_PaintDecoration_01" shader_name="Decal" ref_shader_id="nfortin-M-20130529152728" hd="0" />
                  <material name="SHA_FcG_PaintTrim_01" shader_name="Generic_FC3" ref_shader_id="Long-FeiChen-M-20140714175809" hd="0" />
                  <material name="SHA_A3_FcG_StoneWallDolpo_02" shader_name="Generic_FC3" ref_shader_id="jingluo-M-20140702111552" hd="0" />
                  <material name="SHA_FCG_WallRockSnow_02" shader_name="Generic_FC3" ref_shader_id="Long-FeiChen-M-20140716152036" hd="0" />
                  <material name="SHA_Ice_GateDetailPainted_01" shader_name="Ice" ref_shader_id="Long-FeiChen-M-20140714155844" hd="0" />
                  <material name="SHA_A3_Ice_RockBaseGround_01" shader_name="Ice" ref_shader_id="jingluo-M-20140701181807" hd="0" />
                  <material name="FcG_WoodPainted_01 - Copy" shader_name="Generic_FC3" ref_shader_id="Long-FeiChen-M-20140716171308" hd="0" />
                </material_reference_list>
              </component>
              <component class="InteriorVolumeComponent" version="1" detail="0" />
              <component class="StaticPhysComponent">
                <resource fileName="graphics\_Sidequest\Buildings\Location\A3\Dolpo_PrayerWheels_01.hkx" />
              </component>
            </hidDescriptor>
          </rml>
        </field>
      </object>
      <object name="CObjectIgnitorCreatorComponent">
        <field name="hidHasAliasName" type="Boolean">False</field>
      </object>
      <object name="CGraphicComponent">
        <field name="hidHasAliasName" type="Boolean">True</field>
        <field name="hidComponentClassName" type="String">CStaticGraphicComponent</field>
        <field name="bCastShadow" type="Boolean">True</field>
        <field name="bReceiveShadow" type="Boolean">True</field>
        <field name="bCastAmbientShadow" type="Boolean">True</field>
        <field name="olgLightGroup" type="Int32">129</field>
        <field name="bShowInReflection" type="Boolean">True</field>
        <field name="bAlwaysShowInReflection" type="Boolean">False</field>
        <field name="bHighLight" type="Boolean">False</field>
        <field name="bLodDitheringEnable" type="Boolean">True</field>
        <field name="matIntuitionMaterialName" type="String"></field>
        <field name="bShowThroughWithFlashing" type="Boolean">False</field>
        <field name="bBackDrop" type="Boolean">False</field>
        <field name="bDisableMip0ResourceLoading" type="BinHex">00</field>
        <field hash="F41DCC4F" type="BinHex">0000000000000000</field>
        <field name="hidIndex" type="Int32">0</field>
        <field name="text_fileModel" type="String">graphics\_sidequest\buildings\location\a3\dolpo_prayerwheels_01.xbg</field>
        <field name="fileModel" type="Hash64">D63B1D45C8BB2495</field>
        <field name="hidMeshName" type="String"></field>
        <field name="hidScale" type="Vector3">1,1,1</field>
        <object name="MaterialLightSwitch">
          <field name="hidSharedDataHandlerHash" type="Hash64">024946870005A8AF</field>
          <object name="MaterialSlots">
            <object name="Material">
              <field name="text_disSlotPathId" type="String">graphics\_materials\long-feichen-m-20140716171308.material.bin</field>
              <field name="disSlotPathId" type="Hash64">5B1790B23E890CAD</field>
              <field name="text_matMaterial" type="String"></field>
              <field name="matMaterial" type="Hash64">FFFFFFFFFFFFFFFF</field>
              <field name="disHD" type="BinHex">00</field>
            </object>
            <object name="Material">
              <field name="text_disSlotPathId" type="String">graphics\_materials\jingluo-m-20140702111552.material.bin</field>
              <field name="disSlotPathId" type="Hash64">8CE155479D9DC0CF</field>
              <field name="text_matMaterial" type="String"></field>
              <field name="matMaterial" type="Hash64">FFFFFFFFFFFFFFFF</field>
              <field name="disHD" type="BinHex">00</field>
            </object>
            <object name="Material">
              <field name="text_disSlotPathId" type="String">graphics\_materials\jingluo-m-20140701181807.material.bin</field>
              <field name="disSlotPathId" type="Hash64">C1DE55B5F0099590</field>
              <field name="text_matMaterial" type="String"></field>
              <field name="matMaterial" type="Hash64">FFFFFFFFFFFFFFFF</field>
              <field name="disHD" type="BinHex">00</field>
            </object>
            <object name="Material">
              <field name="text_disSlotPathId" type="String">graphics\_materials\yallaire-m-20130618093709.material.bin</field>
              <field name="disSlotPathId" type="Hash64">D330F254B2795622</field>
              <field name="text_matMaterial" type="String"></field>
              <field name="matMaterial" type="Hash64">FFFFFFFFFFFFFFFF</field>
              <field name="disHD" type="BinHex">00</field>
            </object>
            <object name="Material">
              <field name="text_disSlotPathId" type="String">graphics\_materials\long-feichen-m-20140714155844.material.bin</field>
              <field name="disSlotPathId" type="Hash64">DA69E651886635B0</field>
              <field name="text_matMaterial" type="String"></field>
              <field name="matMaterial" type="Hash64">FFFFFFFFFFFFFFFF</field>
              <field name="disHD" type="BinHex">00</field>
            </object>
            <object name="Material">
              <field name="text_disSlotPathId" type="String">graphics\_materials\long-feichen-m-20140714175809.material.bin</field>
              <field name="disSlotPathId" type="Hash64">DA6A50B1886849A4</field>
              <field name="text_matMaterial" type="String"></field>
              <field name="matMaterial" type="Hash64">FFFFFFFFFFFFFFFF</field>
              <field name="disHD" type="BinHex">00</field>
            </object>
            <object name="Material">
              <field name="text_disSlotPathId" type="String">graphics\_materials\nfortin-m-20130529152728.material.bin</field>
              <field name="disSlotPathId" type="Hash64">E04C21724DBCC93E</field>
              <field name="text_matMaterial" type="String"></field>
              <field name="matMaterial" type="Hash64">FFFFFFFFFFFFFFFF</field>
              <field name="disHD" type="BinHex">00</field>
            </object>
            <object name="Material">
              <field name="text_disSlotPathId" type="String">graphics\_materials\long-feichen-m-20140716152036.material.bin</field>
              <field name="disSlotPathId" type="Hash64">E4E9B6523E84B961</field>
              <field name="text_matMaterial" type="String"></field>
              <field name="matMaterial" type="Hash64">FFFFFFFFFFFFFFFF</field>
              <field name="disHD" type="BinHex">00</field>
            </object>
          </object>
        </object>
        <object name="MaterialOverrides">
          <field name="hidSharedDataHandlerHash" type="Hash64">E8116298E1829F50</field>
          <object name="MaterialSlots">
            <object name="Material">
              <field name="text_disSlotPathId" type="String">graphics\_materials\long-feichen-m-20140716171308.material.bin</field>
              <field name="disSlotPathId" type="Hash64">5B1790B23E890CAD</field>
              <field name="text_matMaterial" type="String"></field>
              <field name="matMaterial" type="Hash64">FFFFFFFFFFFFFFFF</field>
              <field name="disHD" type="BinHex">00</field>
            </object>
            <object name="Material">
              <field name="text_disSlotPathId" type="String">graphics\_materials\jingluo-m-20140702111552.material.bin</field>
              <field name="disSlotPathId" type="Hash64">8CE155479D9DC0CF</field>
              <field name="text_matMaterial" type="String"></field>
              <field name="matMaterial" type="Hash64">FFFFFFFFFFFFFFFF</field>
              <field name="disHD" type="BinHex">00</field>
            </object>
            <object name="Material">
              <field name="text_disSlotPathId" type="String">graphics\_materials\jingluo-m-20140701181807.material.bin</field>
              <field name="disSlotPathId" type="Hash64">C1DE55B5F0099590</field>
              <field name="text_matMaterial" type="String"></field>
              <field name="matMaterial" type="Hash64">FFFFFFFFFFFFFFFF</field>
              <field name="disHD" type="BinHex">00</field>
            </object>
            <object name="Material">
              <field name="text_disSlotPathId" type="String">graphics\_materials\yallaire-m-20130618093709.material.bin</field>
              <field name="disSlotPathId" type="Hash64">D330F254B2795622</field>
              <field name="text_matMaterial" type="String"></field>
              <field name="matMaterial" type="Hash64">FFFFFFFFFFFFFFFF</field>
              <field name="disHD" type="BinHex">00</field>
            </object>
            <object name="Material">
              <field name="text_disSlotPathId" type="String">graphics\_materials\long-feichen-m-20140714155844.material.bin</field>
              <field name="disSlotPathId" type="Hash64">DA69E651886635B0</field>
              <field name="text_matMaterial" type="String"></field>
              <field name="matMaterial" type="Hash64">FFFFFFFFFFFFFFFF</field>
              <field name="disHD" type="BinHex">00</field>
            </object>
            <object name="Material">
              <field name="text_disSlotPathId" type="String">graphics\_materials\long-feichen-m-20140714175809.material.bin</field>
              <field name="disSlotPathId" type="Hash64">DA6A50B1886849A4</field>
              <field name="text_matMaterial" type="String"></field>
              <field name="matMaterial" type="Hash64">FFFFFFFFFFFFFFFF</field>
              <field name="disHD" type="BinHex">00</field>
            </object>
            <object name="Material">
              <field name="text_disSlotPathId" type="String">graphics\_materials\nfortin-m-20130529152728.material.bin</field>
              <field name="disSlotPathId" type="Hash64">E04C21724DBCC93E</field>
              <field name="text_matMaterial" type="String"></field>
              <field name="matMaterial" type="Hash64">FFFFFFFFFFFFFFFF</field>
              <field name="disHD" type="BinHex">00</field>
            </object>
            <object name="Material">
              <field name="text_disSlotPathId" type="String">graphics\_materials\long-feichen-m-20140716152036.material.bin</field>
              <field name="disSlotPathId" type="Hash64">E4E9B6523E84B961</field>
              <field name="text_matMaterial" type="String"></field>
              <field name="matMaterial" type="Hash64">FFFFFFFFFFFFFFFF</field>
              <field name="disHD" type="BinHex">00</field>
            </object>
          </object>
        </object>
        <object name="hidModelLODs" />
        <object name="hidModelDistancesLODs" />
      </object>
      <object name="CStaticPhysComponent">
        <field name="hidHasAliasName" type="Boolean">False</field>
        <field name="text_hidResourceId" type="String">graphics\_sidequest\buildings\location\a3\dolpo_prayerwheels_01.hkx</field>
        <field name="hidResourceId" type="Hash64">C4A73645C8BB2495</field>
        <field hash="C784A41F" type="BinHex">01</field>
        <field name="bUseMaxTerrainSlope" type="Boolean">False</field>
        <field name="bIgnoreInExplosions" type="Boolean">False</field>
        <field name="selOverrideSlideAngle" type="BinHex">00000000</field>
        <field name="bAnimateable" type="Boolean">False</field>
        <field hash="AAFA0C31" type="BinHex">00</field>
        <field hash="BF1EB181" type="BinHex">00</field>
        <field name="bIgnoreBreakableEventsForEver" type="BinHex">00</field>
        <field name="bIgnoreBreakableEventsTemporarily" type="BinHex">00</field>
        <field name="bImmuneToDamage" type="BinHex">00</field>
        <field name="bNoCollision" type="BinHex">00</field>
        <field name="bLargeEntity" type="Boolean">False</field>
        <field name="hidResourceIndex" type="Int32">0</field>
        <field name="bEncounterTeleportToGroundOnCreate" type="BinHex">00</field>
        <field name="bNoDecals" type="BinHex">00</field>
        <field name="bPatchNavmesh" type="BinHex">00</field>
        <field name="bAffectNavMesh" type="Boolean">True</field>
        <object name="LogicMaterialOverrides" />
        <object name="hidTheSharedMap">
          <field name="hidSharedDataHandlerHash" type="Hash64">86B8C40898DE0042</field>
        </object>
      </object>
      <object name="CCoverComponent">
        <field name="hidHasAliasName" type="Boolean">False</field>
        <object name="Covers">
          <object name="Cover">
            <field name="bUseMetadataOnEmptyInstance" type="BinHex">01</field>
            <field name="bIsFPCover" type="BinHex">01</field>
            <field name="hidTransform" type="BinHex">0000803F000000000000000000000000000000000000803F000000000000000000000000000000000000803F0000000071FDCFC33AE38CC2160000310000803F</field>
            <field name="selCoverObjectType" type="BinHex">00000000</field>
            <object name="hidCoverInformation">
              <object name="hidState">
                <object name="hidCover">
                  <field name="State" type="BinHex">FFFFFFFF</field>
                  <object name="CoverPoints" />
                  <object name="CoverLinks" />
                  <object name="CoverAnchors" />
                </object>
              </object>
            </object>
          </object>
        </object>
      </object>
      <object hash="0C5A5F7D">
        <field name="hidHasAliasName" type="Boolean">False</field>
        <object hash="D89DA0E2">
          <field name="sndvarMIMUHBRes" type="BinHex">01000000</field>
          <field hash="EB9B8FFE" type="BinHex">00000000</field>
          <field name="MaterialId" type="BinHex">00000000</field>
          <field name="RulesBus" type="BinHex">00000000</field>
        </object>
      </object>
      <object name="CInteriorVolumeComponent">
        <field name="hidHasAliasName" type="Boolean">False</field>
        <field name="text_fileModel" type="String"></field>
        <field name="fileModel" type="Hash64">FFFFFFFFFFFFFFFF</field>
        <field name="intambientInteriorAmbient" type="Id64">4294967295</field>
        <field name="bEnabled" type="Boolean">True</field>
        <field name="Priority" type="UInt32">0</field>
      </object>
      <object name="CMinimapComponent">
        <field name="hidHasAliasName" type="Boolean">False</field>
        <field name="minimapobjectinfoObjectInfo" type="BinHex">FFFFFFFF00000000</field>
      </object>
      <object name="CClimbableComponent">
        <field name="hidHasAliasName" type="Boolean">False</field>
        <field name="hidInjected" type="Boolean">True</field>
        <field name="bCanClimbFromWater" type="BinHex">01</field>
        <field name="bCanClimbFromLand" type="BinHex">01</field>
        <object name="Lines">
          <object name="Lines">
            <field name="disVectorLineStart" type="Vector3">0,0,0</field>
            <field name="disVectorLineEnd" type="Vector3">0,0,0</field>
            <field name="disVectorAnchor" type="Vector3">0,0,0</field>
          </object>
        </object>
      </object>
      <object name="CNavLinkComponent">
        <field name="hidHasAliasName" type="Boolean">False</field>
        <field name="hidInjected" type="Boolean">True</field>
        <field name="bValid" type="BinHex">01</field>
        <field name="bActivated" type="BinHex">01</field>
        <field name="bCanUseFirstEntry" type="BinHex">01</field>
        <field name="bCanUseSecondEntry" type="BinHex">01</field>
        <field name="selNavMeshLayer" type="BinHex">00000000</field>
      </object>
    </object>
  </object>
  <object name="ResPack">
    <field name="Count" type="BinHex">02000000</field>
    <object name="ResList">
      <field name="TypeId" type="Hash32">3AE88EFD</field>
      <field name="ResIds" type="BinHex">010000009524BBC84536A7C4</field>
    </object>
    <object name="ResList">
      <field name="TypeId" type="Hash32">86E8E8BE</field>
      <field name="ResIds" type="BinHex">010000009524BBC8451D3BD6</field>
    </object>
  </object>
</object>