﻿<?xml version="1.0" encoding="utf-8"?>
<object name="EntityPrototype" def="ark">
  <field name="disLibItemId" type="Id64">1144052748331791595</field>
  <field name="text_hidArchetypeResId" type="String">entityarchetypeslibrary\1144052748331791595.ark.fcb</field>
  <field name="hidArchetypeResId" type="Hash64">AC9F0FA21D497A8B</field>
  <field name="Name" type="String">groups/groups/Cascade_15x20m/Emitters/OmniSoundPoint_0</field>
  <field name="ArchetypeName" type="String">ige_archetypes:groups/groups/cascade_15x20m/emitters/omnisoundpoint_0</field>
  <object name="Entity">
    <field name="hidName" type="String">ige_archetypes:groups/groups/Cascade_15x20m/Emitters/OmniSoundPoint_0</field>
    <field name="text_hidEntityClass" type="String">COmniMapEntity</field>
    <field name="hidEntityClass" type="Hash32">888164B2</field>
    <field name="hidResourceCount" type="Int32">2</field>
    <field name="hidConstEntity" type="Boolean">False</field>
    <field name="text_hidArchetypeResId" type="String">entityarchetypeslibrary\1144052748331791595.ark.fcb</field>
    <field name="hidArchetypeResId" type="Hash64">AC9F0FA21D497A8B</field>
    <object name="Components">
      <object name="CSoundComponent">
        <field name="hidHasAliasName" type="Boolean">False</field>
        <field name="sndptSoundPoint" type="Hash64">000000000022322C</field>
        <field name="bStopSoundOnStateChange" type="Boolean">False</field>
        <field name="bAlwaysUpdate" type="Boolean">False</field>
      </object>
    </object>
  </object>
  <object name="ResPack">
    <field name="Count" type="BinHex">02000000</field>
    <object name="ResList">
      <field name="TypeId" type="Hash32">63F450D8</field>
      <field name="ResIds" type="BinHex">0200000086A990BA9C5996928619E1CA9C599692</field>
    </object>
  </object>
</object>