﻿<?xml version="1.0" encoding="utf-8"?>
<object name="EntityPrototype" def="ark">
  <field name="disLibItemId" type="Id64">117232019568142834</field>
  <field name="text_hidArchetypeResId" type="String">entityarchetypeslibrary\117232019568142834.ark.fcb</field>
  <field name="hidArchetypeResId" type="Hash64">9F207F7A597E0E9E</field>
  <field name="Name" type="String">groups/groups/Dolpo_Small_House_3_Closed/Dolpo_SmallHouse_C_Interior_01_0</field>
  <field name="ArchetypeName" type="String">ige_archetypes:groups/groups/dolpo_small_house_3_closed/dolpo_smallhouse_c_interior_01_0</field>
  <object name="Entity">
    <field name="hidName" type="String">ige_archetypes:groups/groups/Dolpo_Small_House_3_Closed/Dolpo_SmallHouse_C_Interior_01_0</field>
    <field name="text_hidEntityClass" type="String">CEntity</field>
    <field name="hidEntityClass" type="Hash32">50C95067</field>
    <field name="hidResourceCount" type="Int32">1</field>
    <field name="hidConstEntity" type="Boolean">False</field>
    <field name="text_hidArchetypeResId" type="String">entityarchetypeslibrary\117232019568142834.ark.fcb</field>
    <field name="hidArchetypeResId" type="Hash64">9F207F7A597E0E9E</field>
    <object name="Components">
      <object name="CFileDescriptorComponent">
        <field name="hidHasAliasName" type="Boolean">False</field>
        <field name="text_fileName" type="String">graphics\_singleplayer\buildings\dolpo\dolpo_smallhouse_c_interior_01.xml</field>
        <field name="fileName" type="Hash64">A6C4425C473329ED</field>
        <field name="hidDescriptor" type="Rml">
          <rml>
            <hidDescriptor>
              <component class="GraphicComponent" version="2" detail="0">
                <object index="0" boneName="Dolpo_SmallHouse_C_Interior_01_LOD0" bboxMin="-4.93454,-2.74807,-0.0564996" bboxMax="5.734,2.77695,3.03995" />
                <resource fileName="graphics\_SinglePlayer\Buildings\Dolpo\Dolpo_SmallHouse_C_Interior_01.xbg" bboxMin="-4.93454,-2.74807,-0.0564996" bboxMax="5.734,2.77695,3.03995" />
                <skeleton_reference_list>
                  <skeleton name="Dolpo_SmallHouse_C_Interior_01" index="0" pos="0,0,0" rot="1,-0,-0,-0" />
                </skeleton_reference_list>
                <material_reference_list>
                  <material name="Sim_EarthDry_01" shader_name="Simple" ref_shader_id="sdesjardins-M-20140813182316" hd="0" />
                  <material name="Sim_MessyBrick_02" shader_name="Simple" ref_shader_id="skovalchuk-M-20140812144833" hd="0" />
                  <material name="FcG_PlasterDamaged_01" shader_name="Generic_FC3" ref_shader_id="ipapismado-M-20130408135541" hd="0" />
                  <material name="FcG_EarthDry_01" shader_name="Generic_FC3" ref_shader_id="skovalchuk-M-20130521105145" hd="0" />
                  <material name="FcG_WoodPainted_Dark" shader_name="Generic_FC3" ref_shader_id="sdesjardins-M-20130514133833" hd="0" />
                </material_reference_list>
              </component>
              <component class="InteriorVolumeComponent" version="1" detail="0" />
            </hidDescriptor>
          </rml>
        </field>
      </object>
      <object name="CGraphicComponent">
        <field name="hidHasAliasName" type="Boolean">True</field>
        <field name="hidComponentClassName" type="String">CStaticGraphicComponent</field>
        <field name="bCastShadow" type="Boolean">True</field>
        <field name="bReceiveShadow" type="Boolean">True</field>
        <field name="bCastAmbientShadow" type="Boolean">True</field>
        <field name="olgLightGroup" type="Int32">129</field>
        <field name="bShowInReflection" type="Boolean">True</field>
        <field name="bAlwaysShowInReflection" type="Boolean">False</field>
        <field name="bHighLight" type="Boolean">False</field>
        <field name="bLodDitheringEnable" type="Boolean">True</field>
        <field name="matIntuitionMaterialName" type="String"></field>
        <field name="bShowThroughWithFlashing" type="Boolean">False</field>
        <field name="bBackDrop" type="Boolean">False</field>
        <field name="bDisableMip0ResourceLoading" type="BinHex">00</field>
        <field hash="F41DCC4F" type="BinHex">0000000000000000</field>
        <field name="hidIndex" type="Int32">0</field>
        <field name="text_fileModel" type="String">graphics\_singleplayer\buildings\dolpo\dolpo_smallhouse_c_interior_01.xbg</field>
        <field name="fileModel" type="Hash64">A99DD25C473329ED</field>
        <field name="hidMeshName" type="String"></field>
        <field name="hidScale" type="Vector3">1,1,1</field>
        <object name="MaterialLightSwitch">
          <field name="hidSharedDataHandlerHash" type="Hash64">03FA394BFE37C653</field>
          <object name="MaterialSlots">
            <object name="Material">
              <field name="text_disSlotPathId" type="String">graphics\_materials\sdesjardins-m-20130514133833.material.bin</field>
              <field name="disSlotPathId" type="Hash64">7C87E33C138CEFFA</field>
              <field name="text_matMaterial" type="String"></field>
              <field name="matMaterial" type="Hash64">FFFFFFFFFFFFFFFF</field>
              <field name="disHD" type="BinHex">00</field>
            </object>
            <object name="Material">
              <field name="text_disSlotPathId" type="String">graphics\_materials\ipapismado-m-20130408135541.material.bin</field>
              <field name="disSlotPathId" type="Hash64">7FC749329BD3DFF8</field>
              <field name="text_matMaterial" type="String"></field>
              <field name="matMaterial" type="Hash64">FFFFFFFFFFFFFFFF</field>
              <field name="disHD" type="BinHex">00</field>
            </object>
            <object name="Material">
              <field name="text_disSlotPathId" type="String">graphics\_materials\skovalchuk-m-20130521105145.material.bin</field>
              <field name="disSlotPathId" type="Hash64">A2BB38A2DE269CF7</field>
              <field name="text_matMaterial" type="String"></field>
              <field name="matMaterial" type="Hash64">FFFFFFFFFFFFFFFF</field>
              <field name="disHD" type="BinHex">00</field>
            </object>
            <object name="Material">
              <field name="text_disSlotPathId" type="String">graphics\_materials\skovalchuk-m-20140812144833.material.bin</field>
              <field name="disSlotPathId" type="Hash64">F3E02560B1D4F912</field>
              <field name="text_matMaterial" type="String"></field>
              <field name="matMaterial" type="Hash64">FFFFFFFFFFFFFFFF</field>
              <field name="disHD" type="BinHex">00</field>
            </object>
            <object name="Material">
              <field name="text_disSlotPathId" type="String">graphics\_materials\sdesjardins-m-20140813182316.material.bin</field>
              <field name="disSlotPathId" type="Hash64">FB37252913D0D14C</field>
              <field name="text_matMaterial" type="String"></field>
              <field name="matMaterial" type="Hash64">FFFFFFFFFFFFFFFF</field>
              <field name="disHD" type="BinHex">00</field>
            </object>
          </object>
        </object>
        <object name="MaterialOverrides">
          <field name="hidSharedDataHandlerHash" type="Hash64">75C60D7B9730217E</field>
          <object name="MaterialSlots">
            <object name="Material">
              <field name="text_disSlotPathId" type="String">graphics\_materials\sdesjardins-m-20130514133833.material.bin</field>
              <field name="disSlotPathId" type="Hash64">7C87E33C138CEFFA</field>
              <field name="text_matMaterial" type="String"></field>
              <field name="matMaterial" type="Hash64">FFFFFFFFFFFFFFFF</field>
              <field name="disHD" type="BinHex">00</field>
            </object>
            <object name="Material">
              <field name="text_disSlotPathId" type="String">graphics\_materials\ipapismado-m-20130408135541.material.bin</field>
              <field name="disSlotPathId" type="Hash64">7FC749329BD3DFF8</field>
              <field name="text_matMaterial" type="String"></field>
              <field name="matMaterial" type="Hash64">FFFFFFFFFFFFFFFF</field>
              <field name="disHD" type="BinHex">00</field>
            </object>
            <object name="Material">
              <field name="text_disSlotPathId" type="String">graphics\_materials\skovalchuk-m-20130521105145.material.bin</field>
              <field name="disSlotPathId" type="Hash64">A2BB38A2DE269CF7</field>
              <field name="text_matMaterial" type="String"></field>
              <field name="matMaterial" type="Hash64">FFFFFFFFFFFFFFFF</field>
              <field name="disHD" type="BinHex">00</field>
            </object>
            <object name="Material">
              <field name="text_disSlotPathId" type="String">graphics\_materials\skovalchuk-m-20140812144833.material.bin</field>
              <field name="disSlotPathId" type="Hash64">F3E02560B1D4F912</field>
              <field name="text_matMaterial" type="String"></field>
              <field name="matMaterial" type="Hash64">FFFFFFFFFFFFFFFF</field>
              <field name="disHD" type="BinHex">00</field>
            </object>
            <object name="Material">
              <field name="text_disSlotPathId" type="String">graphics\_materials\sdesjardins-m-20140813182316.material.bin</field>
              <field name="disSlotPathId" type="Hash64">FB37252913D0D14C</field>
              <field name="text_matMaterial" type="String"></field>
              <field name="matMaterial" type="Hash64">FFFFFFFFFFFFFFFF</field>
              <field name="disHD" type="BinHex">00</field>
            </object>
          </object>
        </object>
        <object name="hidModelLODs" />
        <object name="hidModelDistancesLODs" />
      </object>
      <object name="CMinimapComponent">
        <field name="hidHasAliasName" type="Boolean">False</field>
        <field name="minimapobjectinfoObjectInfo" type="BinHex">FFFFFFFF00000000</field>
      </object>
      <object name="CInteriorVolumeComponent">
        <field name="hidHasAliasName" type="Boolean">False</field>
        <field name="hidInjected" type="Boolean">True</field>
        <field name="text_fileModel" type="String"></field>
        <field name="fileModel" type="Hash64">FFFFFFFFFFFFFFFF</field>
        <field name="intambientInteriorAmbient" type="Id64">3870101179</field>
        <field name="bEnabled" type="Boolean">True</field>
        <field name="Priority" type="UInt32">0</field>
      </object>
      <object name="CCoverComponent">
        <field name="hidHasAliasName" type="Boolean">False</field>
        <field name="hidInjected" type="Boolean">True</field>
        <object name="Covers">
          <object name="Cover">
            <field name="bUseMetadataOnEmptyInstance" type="BinHex">01</field>
            <field name="bIsFPCover" type="BinHex">01</field>
            <field name="hidTransform" type="BinHex">0000803F000000000000000000000000000000000000803F000000000000000000000000000000000000803F000000000000000000000000000000000000803F</field>
            <field name="selCoverObjectType" type="BinHex">00000000</field>
            <object name="hidCoverInformation">
              <object name="hidState">
                <object name="hidCover">
                  <field name="State" type="BinHex">FFFFFFFF</field>
                  <object name="CoverPoints" />
                  <object name="CoverLinks" />
                  <object name="CoverAnchors" />
                </object>
              </object>
            </object>
          </object>
        </object>
      </object>
    </object>
  </object>
  <object name="ResPack">
    <field name="Count" type="BinHex">01000000</field>
    <object name="ResList">
      <field name="TypeId" type="Hash32">86E8E8BE</field>
      <field name="ResIds" type="BinHex">01000000ED2933475CD29DA9</field>
    </object>
  </object>
</object>