﻿<?xml version="1.0" encoding="utf-8"?>
<object name="EntityPrototype" def="ark">
  <field name="disLibItemId" type="Id64">126108376437762839</field>
  <field name="text_hidArchetypeResId" type="String">entityarchetypeslibrary\126108376437762839.ark.fcb</field>
  <field name="hidArchetypeResId" type="Hash64">8618E3731B0C9395</field>
  <field name="Name" type="String">Lights/Omni</field>
  <field name="ArchetypeName" type="String">fcx_lighting:lights/omni</field>
  <object name="Entity">
    <field name="hidName" type="String">FCX_Lighting:Lights/Omni</field>
    <field name="text_hidEntityClass" type="String">CEntity</field>
    <field name="hidEntityClass" type="Hash32">50C95067</field>
    <field name="hidResourceCount" type="Int32">0</field>
    <field name="hidConstEntity" type="Boolean">False</field>
    <field name="text_hidArchetypeResId" type="String">entityarchetypeslibrary\126108376437762839.ark.fcb</field>
    <field name="hidArchetypeResId" type="Hash64">8618E3731B0C9395</field>
    <object name="Components">
      <object name="CDynamicLightComponent">
        <field name="hidHasAliasName" type="Boolean">False</field>
        <field name="hidType" type="Int32">1</field>
        <field name="fRadius" type="Float32">6</field>
        <field name="fInnerRadius" type="Float32">2</field>
        <field name="fOcclusionAttThreshold" type="Float32">0.07</field>
        <field name="clrColor" type="Vector3">0.731373,0.645098,0.488235</field>
        <field name="fIntensity" type="Float32">5</field>
        <field name="selUnits" type="BinHex">00000000</field>
        <field name="fFadeInTime" type="Float32">0</field>
        <field name="fFadeOutTime" type="Float32">0</field>
        <field name="bLightParticlesOnly" type="BinHex">00</field>
        <field name="fTurnOffFallOff" type="Float32">3</field>
        <field name="fTurnOffDistance" type="Float32">40</field>
        <field name="fFlickeringFrequency" type="Float32">0</field>
        <field name="fFlickeringAmplitude" type="Float32">0</field>
        <field name="fFlickeringNoise" type="Float32">0</field>
        <field name="bEnabled" type="Boolean">True</field>
        <field name="hidDrivenType" type="BinHex">00000000</field>
        <field name="bUseTimeOfDay" type="Boolean">False</field>
        <field name="sndtpFlickeringSoundType" type="BinHex">FFFFFFFF</field>
        <field name="sndFlickeringLoopingStartSound" type="String">0xFFFFFFFF</field>
        <field name="sndFlickeringLoopingStopSound" type="String">0xFFFFFFFF</field>
        <field name="sndFlickeringClickRandomSound" type="String">0xFFFFFFFF</field>
        <field name="sndvarFlickeringSoundIntensityVar" type="BinHex">FFFFFFFF</field>
        <object name="hidCLightClippingPlanes">
          <field name="fClippingPlaneFade" type="Float32">0.25</field>
          <object name="hidLightPlaneContainer">
            <object name="Plane">
              <field name="value" type="BinHex">0000000000000000000000000000803F</field>
            </object>
            <object name="Plane">
              <field name="value" type="BinHex">0000000000000000000000000000803F</field>
            </object>
            <object name="Plane">
              <field name="value" type="BinHex">0000000000000000000000000000803F</field>
            </object>
          </object>
          <object hash="0D05E14C">
            <object name="CEditorLightPlane">
              <field name="bEnable" type="Boolean">False</field>
              <field name="vectorPosition" type="BinHex">000000000000000000000000</field>
              <field name="vectorOrientation" type="BinHex">0000000000000000</field>
              <field name="fSizeFactor" type="BinHex">0000803F</field>
            </object>
            <object name="CEditorLightPlane">
              <field name="bEnable" type="Boolean">False</field>
              <field name="vectorPosition" type="BinHex">000000000000000000000000</field>
              <field name="vectorOrientation" type="BinHex">0000000000000000</field>
              <field name="fSizeFactor" type="BinHex">0000803F</field>
            </object>
            <object name="CEditorLightPlane">
              <field name="bEnable" type="Boolean">False</field>
              <field name="vectorPosition" type="BinHex">000000000000000000000000</field>
              <field name="vectorOrientation" type="BinHex">0000000000000000</field>
              <field name="fSizeFactor" type="BinHex">0000803F</field>
            </object>
          </object>
        </object>
      </object>
      <object name="CLightEffectComponent">
        <field name="hidHasAliasName" type="Boolean">False</field>
        <field name="hidType" type="Int32">0</field>
        <field name="selType" type="Enum">2</field>
        <field name="fSizeX" type="Float32">1</field>
        <field name="fSizeY" type="Float32">1</field>
        <field name="fOffsetToCamera" type="Float32">0</field>
        <field name="fScaleNoise" type="Float32">0</field>
        <field name="clrColor" type="Vector3">1.00196,1.00196,1.00196</field>
        <field name="fileTexture" type="String"></field>
        <field name="fFadeDistance" type="Float32">100</field>
        <field name="fFadeLength" type="Float32">0</field>
        <field name="fCloseFadeDistance" type="Float32">0</field>
        <field name="fCloseFadeLength" type="Float32">0</field>
        <field name="bSoft" type="BinHex">00</field>
        <field name="fSoftRange" type="Float32">0.25</field>
        <field name="fFarSoftRange" type="Float32">1</field>
        <field name="fFarSoftDistance" type="Float32">-1</field>
        <field name="bEnable" type="Boolean">False</field>
      </object>
      <object name="CEditableEventComponent">
        <field name="hidHasAliasName" type="Boolean">False</field>
      </object>
    </object>
  </object>
  <object name="ResPack" />
</object>