﻿<?xml version="1.0" encoding="utf-8"?>
<object name="EntityPrototype" def="ark">
  <field name="disLibItemId" type="Id64">126239199657608733</field>
  <field name="text_hidArchetypeResId" type="String">entityarchetypeslibrary\126239199657608733.ark.fcb</field>
  <field name="hidArchetypeResId" type="Hash64">8527DE5BA9AAC96F</field>
  <field name="Name" type="String">groups/groups/Town_Small_House_Closed_B/Town_House_Frame_03_5</field>
  <field name="ArchetypeName" type="String">ige_archetypes:groups/groups/town_small_house_closed_b/town_house_frame_03_5</field>
  <object name="Entity">
    <field name="hidName" type="String">ige_archetypes:groups/groups/Town_Small_House_Closed_B/Town_House_Frame_03_5</field>
    <field name="text_hidEntityClass" type="String">CEntity</field>
    <field name="hidEntityClass" type="Hash32">50C95067</field>
    <field name="hidResourceCount" type="Int32">8</field>
    <field name="hidConstEntity" type="Boolean">False</field>
    <field name="text_hidArchetypeResId" type="String">entityarchetypeslibrary\126239199657608733.ark.fcb</field>
    <field name="hidArchetypeResId" type="Hash64">8527DE5BA9AAC96F</field>
    <object name="Components">
      <object name="CFileDescriptorComponent">
        <field name="hidHasAliasName" type="Boolean">False</field>
        <field name="text_fileName" type="String">graphics\_singleplayer\buildings\village\village_house_frame3.xml</field>
        <field name="fileName" type="Hash64">9B367C749B11AAE6</field>
        <field name="hidDescriptor" type="Rml">
          <rml>
            <hidDescriptor>
              <component class="GraphicComponent" version="2" detail="0">
                <object index="0" boneName="Village_House_Frame3_LOD0" bboxMin="-3.40858,-2.44315,1.83872" bboxMax="3.35109,2.41257,4.84566" />
                <resource fileName="graphics\_SinglePlayer\Buildings\Village\Village_House_Frame3.xbg" bboxMin="-3.40858,-2.47613,1.83872" bboxMax="3.35109,2.41257,4.84566" />
                <skeleton_reference_list>
                  <skeleton name="Village_House_Frame3" index="0" pos="0,0,0" rot="1,-0,-0,-0" />
                </skeleton_reference_list>
                <material_reference_list>
                  <material name="Sim_WoodCracked_01" shader_name="Simple" ref_shader_id="Sbeaulieu-M-20130430131709" hd="0" />
                  <material name="Sim_MetalCorrugated_01" shader_name="Simple" ref_shader_id="skovalchuk-M-20140403182358" hd="0" />
                  <material name="FcG_WoodPainted_Town_Burgandy" shader_name="Generic_FC3" ref_shader_id="rlaudico-M-20131106111645" hd="0" />
                  <material name="FcG_MetalCorrugated_01" shader_name="Generic_FC3" ref_shader_id="nfortin-M-20131024145119" hd="0" />
                </material_reference_list>
              </component>
              <component class="InteriorVolumeComponent" version="1" detail="0">
                <resource fileName="graphics\_SinglePlayer\Buildings\Village\Village_House_Frame3_interiorvolume.xbg" bboxMin="-3.33145,-2.36163,1.85084" bboxMax="3.29664,2.33841,4.83677" />
              </component>
              <component class="StaticPhysComponent">
                <resource fileName="graphics\_SinglePlayer\Buildings\Village\Village_House_Frame3.hkx" />
              </component>
              <component class="VisibilityOcclusionComponent">
                <antiportal killDistance="50.000000">
                  <vertices>
                    <vertex x="-3.331449" y="-2.361633" z="1.850840" />
                    <vertex x="3.296638" y="-2.361633" z="1.850840" />
                    <vertex x="-3.331449" y="2.338413" z="1.850840" />
                    <vertex x="3.296638" y="2.338413" z="1.850840" />
                    <vertex x="-3.331449" y="-2.361633" z="4.836768" />
                    <vertex x="3.296638" y="-2.361633" z="4.836768" />
                    <vertex x="-3.331449" y="2.338413" z="4.836768" />
                    <vertex x="3.296638" y="2.338413" z="4.836768" />
                  </vertices>
                  <faces>
                    <face>0,2,3,1</face>
                    <face>4,5,7,6</face>
                    <face>0,1,5,4</face>
                    <face>1,3,7,5</face>
                    <face>3,2,6,7</face>
                    <face>2,0,4,6</face>
                  </faces>
                </antiportal>
              </component>
            </hidDescriptor>
          </rml>
        </field>
      </object>
      <object name="CRoomComponent">
        <field name="hidHasAliasName" type="Boolean">False</field>
        <field name="bOverridePortalsVisibility" type="Boolean">True</field>
        <field name="bIsVisibleInside" type="Boolean">True</field>
        <field name="bIsVisibleOutside" type="Boolean">True</field>
        <field name="vectorScale" type="Vector3">1,1,1</field>
        <object name="RoomObjects">
          <object name="RoomObject">
            <field name="hidRoomId" type="BinHex">A94E62D2E57D2023</field>
            <field name="disName" type="String">vol_0</field>
            <field name="fRoomPriority" type="Float32">35</field>
            <object name="hidConvexVolume">
              <object name="hidVertices">
                <object name="Vertex">
                  <field name="Vertex" type="Vector3">-3.331449,-2.361633,1.85084</field>
                </object>
                <object name="Vertex">
                  <field name="Vertex" type="Vector3">3.296638,-2.361633,1.85084</field>
                </object>
                <object name="Vertex">
                  <field name="Vertex" type="Vector3">-3.331449,2.338413,1.85084</field>
                </object>
                <object name="Vertex">
                  <field name="Vertex" type="Vector3">3.296638,2.338413,1.85084</field>
                </object>
                <object name="Vertex">
                  <field name="Vertex" type="Vector3">-3.331449,-2.361633,4.836768</field>
                </object>
                <object name="Vertex">
                  <field name="Vertex" type="Vector3">3.296638,-2.361633,4.836768</field>
                </object>
                <object name="Vertex">
                  <field name="Vertex" type="Vector3">-3.331449,2.338413,4.836768</field>
                </object>
                <object name="Vertex">
                  <field name="Vertex" type="Vector3">3.296638,2.338413,4.836768</field>
                </object>
              </object>
              <object name="hidFacesDefs">
                <object name="FaceDef">
                  <object name="hidVertexIndices">
                    <object name="Vertex">
                      <field name="Vertex" type="Enum">0</field>
                    </object>
                    <object name="Vertex">
                      <field name="Vertex" type="Enum">2</field>
                    </object>
                    <object name="Vertex">
                      <field name="Vertex" type="Enum">3</field>
                    </object>
                    <object name="Vertex">
                      <field name="Vertex" type="Enum">1</field>
                    </object>
                  </object>
                </object>
                <object name="FaceDef">
                  <object name="hidVertexIndices">
                    <object name="Vertex">
                      <field name="Vertex" type="Enum">4</field>
                    </object>
                    <object name="Vertex">
                      <field name="Vertex" type="Enum">5</field>
                    </object>
                    <object name="Vertex">
                      <field name="Vertex" type="Enum">7</field>
                    </object>
                    <object name="Vertex">
                      <field name="Vertex" type="Enum">6</field>
                    </object>
                  </object>
                </object>
                <object name="FaceDef">
                  <object name="hidVertexIndices">
                    <object name="Vertex">
                      <field name="Vertex" type="Enum">0</field>
                    </object>
                    <object name="Vertex">
                      <field name="Vertex" type="Enum">1</field>
                    </object>
                    <object name="Vertex">
                      <field name="Vertex" type="Enum">5</field>
                    </object>
                    <object name="Vertex">
                      <field name="Vertex" type="Enum">4</field>
                    </object>
                  </object>
                </object>
                <object name="FaceDef">
                  <object name="hidVertexIndices">
                    <object name="Vertex">
                      <field name="Vertex" type="Enum">1</field>
                    </object>
                    <object name="Vertex">
                      <field name="Vertex" type="Enum">3</field>
                    </object>
                    <object name="Vertex">
                      <field name="Vertex" type="Enum">7</field>
                    </object>
                    <object name="Vertex">
                      <field name="Vertex" type="Enum">5</field>
                    </object>
                  </object>
                </object>
                <object name="FaceDef">
                  <object name="hidVertexIndices">
                    <object name="Vertex">
                      <field name="Vertex" type="Enum">3</field>
                    </object>
                    <object name="Vertex">
                      <field name="Vertex" type="Enum">2</field>
                    </object>
                    <object name="Vertex">
                      <field name="Vertex" type="Enum">6</field>
                    </object>
                    <object name="Vertex">
                      <field name="Vertex" type="Enum">7</field>
                    </object>
                  </object>
                </object>
                <object name="FaceDef">
                  <object name="hidVertexIndices">
                    <object name="Vertex">
                      <field name="Vertex" type="Enum">2</field>
                    </object>
                    <object name="Vertex">
                      <field name="Vertex" type="Enum">0</field>
                    </object>
                    <object name="Vertex">
                      <field name="Vertex" type="Enum">4</field>
                    </object>
                    <object name="Vertex">
                      <field name="Vertex" type="Enum">6</field>
                    </object>
                  </object>
                </object>
              </object>
              <object name="Faces">
                <object name="Face">
                  <field name="hidNormal" type="Vector3">0,0,1</field>
                  <field name="hidDistance" type="BinHex">53E8EC3F</field>
                </object>
                <object name="Face">
                  <field name="hidNormal" type="Vector3">0,0,-1</field>
                  <field name="hidDistance" type="BinHex">CEC69AC0</field>
                </object>
                <object name="Face">
                  <field name="hidNormal" type="Vector3">0,1,0</field>
                  <field name="hidDistance" type="BinHex">FF2417C0</field>
                </object>
                <object name="Face">
                  <field name="hidNormal" type="Vector3">-1,0,0</field>
                  <field name="hidDistance" type="BinHex">1EFC52C0</field>
                </object>
                <object name="Face">
                  <field name="hidNormal" type="Vector3">0,-1,0</field>
                  <field name="hidDistance" type="BinHex">8FA815C0</field>
                </object>
                <object name="Face">
                  <field name="hidNormal" type="Vector3">1,0,0</field>
                  <field name="hidDistance" type="BinHex">763655C0</field>
                </object>
              </object>
              <object name="Edges">
                <object name="Edge">
                  <field name="hidSharedFace0" type="Int32">0</field>
                  <field name="hidSharedFace1" type="Int32">5</field>
                  <field name="hidVertex0" type="Int32">0</field>
                  <field name="hidVertex1" type="Int32">2</field>
                </object>
                <object name="Edge">
                  <field name="hidSharedFace0" type="Int32">0</field>
                  <field name="hidSharedFace1" type="Int32">4</field>
                  <field name="hidVertex0" type="Int32">2</field>
                  <field name="hidVertex1" type="Int32">3</field>
                </object>
                <object name="Edge">
                  <field name="hidSharedFace0" type="Int32">0</field>
                  <field name="hidSharedFace1" type="Int32">3</field>
                  <field name="hidVertex0" type="Int32">3</field>
                  <field name="hidVertex1" type="Int32">1</field>
                </object>
                <object name="Edge">
                  <field name="hidSharedFace0" type="Int32">0</field>
                  <field name="hidSharedFace1" type="Int32">2</field>
                  <field name="hidVertex0" type="Int32">1</field>
                  <field name="hidVertex1" type="Int32">0</field>
                </object>
                <object name="Edge">
                  <field name="hidSharedFace0" type="Int32">1</field>
                  <field name="hidSharedFace1" type="Int32">2</field>
                  <field name="hidVertex0" type="Int32">4</field>
                  <field name="hidVertex1" type="Int32">5</field>
                </object>
                <object name="Edge">
                  <field name="hidSharedFace0" type="Int32">1</field>
                  <field name="hidSharedFace1" type="Int32">3</field>
                  <field name="hidVertex0" type="Int32">5</field>
                  <field name="hidVertex1" type="Int32">7</field>
                </object>
                <object name="Edge">
                  <field name="hidSharedFace0" type="Int32">1</field>
                  <field name="hidSharedFace1" type="Int32">4</field>
                  <field name="hidVertex0" type="Int32">7</field>
                  <field name="hidVertex1" type="Int32">6</field>
                </object>
                <object name="Edge">
                  <field name="hidSharedFace0" type="Int32">1</field>
                  <field name="hidSharedFace1" type="Int32">5</field>
                  <field name="hidVertex0" type="Int32">6</field>
                  <field name="hidVertex1" type="Int32">4</field>
                </object>
                <object name="Edge">
                  <field name="hidSharedFace0" type="Int32">2</field>
                  <field name="hidSharedFace1" type="Int32">3</field>
                  <field name="hidVertex0" type="Int32">1</field>
                  <field name="hidVertex1" type="Int32">5</field>
                </object>
                <object name="Edge">
                  <field name="hidSharedFace0" type="Int32">2</field>
                  <field name="hidSharedFace1" type="Int32">5</field>
                  <field name="hidVertex0" type="Int32">4</field>
                  <field name="hidVertex1" type="Int32">0</field>
                </object>
                <object name="Edge">
                  <field name="hidSharedFace0" type="Int32">3</field>
                  <field name="hidSharedFace1" type="Int32">4</field>
                  <field name="hidVertex0" type="Int32">3</field>
                  <field name="hidVertex1" type="Int32">7</field>
                </object>
                <object name="Edge">
                  <field name="hidSharedFace0" type="Int32">4</field>
                  <field name="hidSharedFace1" type="Int32">5</field>
                  <field name="hidVertex0" type="Int32">2</field>
                  <field name="hidVertex1" type="Int32">6</field>
                </object>
              </object>
            </object>
            <object name="RoomPropertiesList">
              <object name="RoomProperties">
                <field name="selType" type="UInt32">1036206285</field>
                <object name="Obj">
                  <field name="text_hid_DTCTH_ClassName" type="String">CSoundRoomProperties</field>
                  <field name="hid_DTCTH_ClassName" type="Hash32">3DC340CD</field>
                  <field name="bUseRoomSoundRegion" type="BinHex">00</field>
                  <field name="bUseRoomReverb" type="BinHex">01</field>
                  <field name="sndregSoundRegion" type="BinHex">FF</field>
                  <field name="sndReverb" type="String">0x00047103</field>
                  <field name="sndInSound" type="String">0x002241C2</field>
                  <field name="sndOutSound" type="String">0x002241C3</field>
                  <field name="mixRoomSoundPreset" type="Id64">3750135203</field>
                  <field name="bIsOpenOceanHearable" type="BinHex">01</field>
                  <field name="bUseGunTails" type="Boolean">True</field>
                  <field name="fRoomEnteringRollOffDistance" type="Float32">1</field>
                  <field name="fRoomLeavingRollOffDistance" type="Float32">1</field>
                  <field name="fRoomTransitionRollOffDistance" type="Float32">1</field>
                </object>
              </object>
              <object name="RoomProperties">
                <field name="selType" type="UInt32">1401417754</field>
                <object name="Obj">
                  <field name="text_hid_DTCTH_ClassName" type="String">CBuildingElementProperties</field>
                  <field name="hid_DTCTH_ClassName" type="Hash32">5387F01A</field>
                  <object name="BuildingElementsList">
                    <object name="BuildingElement">
                      <field name="vectorPosition" type="Vector3">0.218291,-2.35529,3.74634</field>
                      <field name="angvecAngles" type="Vector3">0,0,0</field>
                      <field name="fWidth" type="Float32">1.3</field>
                      <field name="fHeight" type="Float32">1.3</field>
                      <field name="selRoomPlaneType" type="BinHex">01000000</field>
                    </object>
                    <object name="BuildingElement">
                      <field name="vectorPosition" type="Vector3">0.313026,2.34149,3.72815</field>
                      <field name="angvecAngles" type="Vector3">0,0,180</field>
                      <field name="fWidth" type="Float32">1.3</field>
                      <field name="fHeight" type="Float32">1.3</field>
                      <field name="selRoomPlaneType" type="BinHex">01000000</field>
                    </object>
                    <object name="BuildingElement">
                      <field name="vectorPosition" type="Vector3">3.31085,-0.522114,3.11121</field>
                      <field name="angvecAngles" type="Vector3">0,0,90</field>
                      <field name="fWidth" type="Float32">1.25</field>
                      <field name="fHeight" type="Float32">2.3</field>
                      <field name="selRoomPlaneType" type="BinHex">02000000</field>
                    </object>
                    <object name="BuildingElement">
                      <field name="vectorPosition" type="Vector3">-3.34437,0.560313,3.10461</field>
                      <field name="angvecAngles" type="Vector3">0,0,-90</field>
                      <field name="fWidth" type="Float32">1.25</field>
                      <field name="fHeight" type="Float32">2.3</field>
                      <field name="selRoomPlaneType" type="BinHex">02000000</field>
                    </object>
                  </object>
                </object>
              </object>
              <object name="RoomProperties">
                <field name="selType" type="UInt32">3971349444</field>
                <object name="Obj">
                  <field name="text_hid_DTCTH_ClassName" type="String">CGfxRoomProperties</field>
                  <field name="hid_DTCTH_ClassName" type="Hash32">ECB5FBC4</field>
                  <field name="zoneZoneLogic" type="Id64">31</field>
                </object>
              </object>
              <object name="RoomProperties">
                <field name="selType" type="UInt32">4294967295</field>
              </object>
            </object>
          </object>
        </object>
      </object>
      <object name="CGraphicComponent">
        <field name="hidHasAliasName" type="Boolean">True</field>
        <field name="hidComponentClassName" type="String">CStaticGraphicComponent</field>
        <field name="bCastShadow" type="Boolean">True</field>
        <field name="bReceiveShadow" type="Boolean">True</field>
        <field name="bCastAmbientShadow" type="Boolean">True</field>
        <field name="olgLightGroup" type="Int32">129</field>
        <field name="bShowInReflection" type="Boolean">False</field>
        <field name="bAlwaysShowInReflection" type="Boolean">False</field>
        <field name="bHighLight" type="Boolean">False</field>
        <field name="bLodDitheringEnable" type="Boolean">True</field>
        <field name="matIntuitionMaterialName" type="String"></field>
        <field name="bShowThroughWithFlashing" type="Boolean">False</field>
        <field name="bBackDrop" type="Boolean">False</field>
        <field name="bDisableMip0ResourceLoading" type="BinHex">00</field>
        <field hash="F41DCC4F" type="BinHex">0000000000000000</field>
        <field name="hidIndex" type="Int32">0</field>
        <field name="text_fileModel" type="String">graphics\_singleplayer\buildings\village\village_house_frame3.xbg</field>
        <field name="fileModel" type="Hash64">946FEC749B11AAE6</field>
        <field name="hidMeshName" type="String"></field>
        <field name="hidScale" type="Vector3">1,1,1</field>
        <object name="MaterialLightSwitch">
          <field name="hidSharedDataHandlerHash" type="Hash64">DFD1F9D071CDFEFC</field>
          <object name="MaterialSlots">
            <object name="Material">
              <field name="text_disSlotPathId" type="String">graphics\_materials\sbeaulieu-m-20130430131709.material.bin</field>
              <field name="disSlotPathId" type="Hash64">58817E08ECCE7314</field>
              <field name="text_matMaterial" type="String"></field>
              <field name="matMaterial" type="Hash64">FFFFFFFFFFFFFFFF</field>
              <field name="disHD" type="BinHex">00</field>
            </object>
            <object name="Material">
              <field name="text_disSlotPathId" type="String">graphics\_materials\nfortin-m-20131024145119.material.bin</field>
              <field name="disSlotPathId" type="Hash64">6F6DAA0A208B389D</field>
              <field name="text_matMaterial" type="String"></field>
              <field name="matMaterial" type="Hash64">FFFFFFFFFFFFFFFF</field>
              <field name="disHD" type="BinHex">00</field>
            </object>
            <object name="Material">
              <field name="text_disSlotPathId" type="String">graphics\_materials\skovalchuk-m-20140403182358.material.bin</field>
              <field name="disSlotPathId" type="Hash64">7122B3216B7FDFC5</field>
              <field name="text_matMaterial" type="String"></field>
              <field name="matMaterial" type="Hash64">FFFFFFFFFFFFFFFF</field>
              <field name="disHD" type="BinHex">00</field>
            </object>
            <object name="Material">
              <field name="text_disSlotPathId" type="String">graphics\_materials\rlaudico-m-20131106111645.material.bin</field>
              <field name="disSlotPathId" type="Hash64">77AE693D82CDE406</field>
              <field name="text_matMaterial" type="String"></field>
              <field name="matMaterial" type="Hash64">FFFFFFFFFFFFFFFF</field>
              <field name="disHD" type="BinHex">00</field>
            </object>
          </object>
        </object>
        <object name="MaterialOverrides">
          <field name="hidSharedDataHandlerHash" type="Hash64">B6A9E6F6697F75CF</field>
          <object name="MaterialSlots">
            <object name="Material">
              <field name="text_disSlotPathId" type="String">graphics\_materials\sbeaulieu-m-20130430131709.material.bin</field>
              <field name="disSlotPathId" type="Hash64">58817E08ECCE7314</field>
              <field name="text_matMaterial" type="String"></field>
              <field name="matMaterial" type="Hash64">FFFFFFFFFFFFFFFF</field>
              <field name="disHD" type="BinHex">00</field>
            </object>
            <object name="Material">
              <field name="text_disSlotPathId" type="String">graphics\_materials\nfortin-m-20131024145119.material.bin</field>
              <field name="disSlotPathId" type="Hash64">6F6DAA0A208B389D</field>
              <field name="text_matMaterial" type="String"></field>
              <field name="matMaterial" type="Hash64">FFFFFFFFFFFFFFFF</field>
              <field name="disHD" type="BinHex">00</field>
            </object>
            <object name="Material">
              <field name="text_disSlotPathId" type="String">graphics\_materials\skovalchuk-m-20140403182358.material.bin</field>
              <field name="disSlotPathId" type="Hash64">7122B3216B7FDFC5</field>
              <field name="text_matMaterial" type="String"></field>
              <field name="matMaterial" type="Hash64">FFFFFFFFFFFFFFFF</field>
              <field name="disHD" type="BinHex">00</field>
            </object>
            <object name="Material">
              <field name="text_disSlotPathId" type="String">graphics\_materials\rlaudico-m-20131106111645.material.bin</field>
              <field name="disSlotPathId" type="Hash64">77AE693D82CDE406</field>
              <field name="text_matMaterial" type="String"></field>
              <field name="matMaterial" type="Hash64">FFFFFFFFFFFFFFFF</field>
              <field name="disHD" type="BinHex">00</field>
            </object>
          </object>
        </object>
        <object name="hidModelLODs" />
        <object name="hidModelDistancesLODs" />
      </object>
      <object name="CStaticPhysComponent">
        <field name="hidHasAliasName" type="Boolean">False</field>
        <field name="text_hidResourceId" type="String">graphics\_singleplayer\buildings\village\village_house_frame3.hkx</field>
        <field name="hidResourceId" type="Hash64">86F3C7749B11AAE6</field>
        <field hash="C784A41F" type="BinHex">01</field>
        <field name="bUseMaxTerrainSlope" type="Boolean">False</field>
        <field name="bIgnoreInExplosions" type="Boolean">False</field>
        <field name="selOverrideSlideAngle" type="BinHex">00000000</field>
        <field name="bAnimateable" type="Boolean">False</field>
        <field hash="AAFA0C31" type="BinHex">00</field>
        <field hash="BF1EB181" type="BinHex">00</field>
        <field name="bIgnoreBreakableEventsForEver" type="BinHex">00</field>
        <field name="bIgnoreBreakableEventsTemporarily" type="BinHex">00</field>
        <field name="bImmuneToDamage" type="BinHex">00</field>
        <field name="bNoCollision" type="BinHex">00</field>
        <field name="bLargeEntity" type="Boolean">False</field>
        <field name="hidResourceIndex" type="Int32">0</field>
        <field name="bEncounterTeleportToGroundOnCreate" type="BinHex">00</field>
        <field name="bNoDecals" type="BinHex">00</field>
        <field name="bPatchNavmesh" type="BinHex">00</field>
        <field name="bAffectNavMesh" type="Boolean">True</field>
        <object name="LogicMaterialOverrides">
          <object name="LogicMaterial">
            <field name="logmatLogicMaterial" type="Int32">16</field>
            <field name="text_disSlotName" type="String">CCOL003</field>
            <field name="disSlotName" type="Hash32">2EDF5230</field>
          </object>
          <object name="LogicMaterial">
            <field name="logmatLogicMaterial" type="Int32">12</field>
            <field name="text_disSlotName" type="String">CCOL002</field>
            <field name="disSlotName" type="Hash32">59D862A6</field>
          </object>
          <object name="LogicMaterial">
            <field name="logmatLogicMaterial" type="Int32">16</field>
            <field name="text_disSlotName" type="String">CCOL006</field>
            <field name="disSlotName" type="Hash32">5EB5A6BF</field>
          </object>
          <object name="LogicMaterial">
            <field name="logmatLogicMaterial" type="Int32">16</field>
            <field name="text_disSlotName" type="String">SCOL001</field>
            <field name="disSlotName" type="Hash32">A70FAFD2</field>
          </object>
          <object name="LogicMaterial">
            <field name="logmatLogicMaterial" type="Int32">16</field>
            <field name="text_disSlotName" type="String">CCOL004</field>
            <field name="disSlotName" type="Hash32">B0BBC793</field>
          </object>
          <object name="LogicMaterial">
            <field name="logmatLogicMaterial" type="Int32">16</field>
            <field name="text_disSlotName" type="String">CCOL001</field>
            <field name="disSlotName" type="Hash32">C0D1331C</field>
          </object>
          <object name="LogicMaterial">
            <field name="logmatLogicMaterial" type="Int32">16</field>
            <field name="text_disSlotName" type="String">CCOL005</field>
            <field name="disSlotName" type="Hash32">C7BCF705</field>
          </object>
        </object>
        <object name="hidTheSharedMap">
          <field name="hidSharedDataHandlerHash" type="Hash64">D2CED4F30B4824BD</field>
        </object>
      </object>
      <object name="CMinimapComponent">
        <field name="hidHasAliasName" type="Boolean">False</field>
        <field name="minimapobjectinfoObjectInfo" type="BinHex">E66E3B0300000000</field>
      </object>
      <object name="CInteriorVolumeComponent">
        <field name="hidHasAliasName" type="Boolean">False</field>
        <field name="hidInjected" type="Boolean">True</field>
        <field name="text_fileModel" type="String">graphics\_singleplayer\buildings\village\village_house_frame3_interiorvolume.xbg</field>
        <field name="fileModel" type="Hash64">45CD24444E55AFBC</field>
        <field name="intambientInteriorAmbient" type="Id64">3870101179</field>
        <field name="bEnabled" type="Boolean">True</field>
        <field name="Priority" type="UInt32">0</field>
      </object>
      <object name="CCoverComponent">
        <field name="hidHasAliasName" type="Boolean">False</field>
        <field name="hidInjected" type="Boolean">True</field>
        <object name="Covers">
          <object name="Cover">
            <field name="bUseMetadataOnEmptyInstance" type="BinHex">01</field>
            <field name="bIsFPCover" type="BinHex">01</field>
            <field name="hidTransform" type="BinHex">0000803F000000000000000000000000000000000000803F000000000000000000000000000000000000803F00000000000000000000000000C07F440000803F</field>
            <field name="selCoverObjectType" type="BinHex">00000000</field>
            <object name="hidCoverInformation">
              <object name="hidState">
                <object name="hidCover">
                  <field name="State" type="BinHex">FFFFFFFF</field>
                  <object name="CoverPoints" />
                  <object name="CoverLinks" />
                  <object name="CoverAnchors" />
                </object>
              </object>
            </object>
          </object>
        </object>
      </object>
      <object name="CIgnitorComponent">
        <field name="hidHasAliasName" type="Boolean">False</field>
        <field name="hidInjected" type="Boolean">True</field>
        <field name="fireobjObjectProfile_SP" type="Id64">3193554488</field>
        <field name="fireobjObjectProfile_MP" type="Id64">3193554488</field>
        <field name="bIgniteAutoFire" type="BinHex">00</field>
        <field name="bIgniteNoPropagate" type="BinHex">00</field>
        <field name="bUseLargeParticlePool" type="BinHex">00</field>
        <object name="IgnitorStims">
          <field name="bIgniteOnBurn" type="BinHex">01</field>
          <field name="bIgniteOnPierce" type="BinHex">00</field>
          <field name="bIgniteOnCrush" type="BinHex">00</field>
          <field name="bIgniteOnExplosion" type="BinHex">00</field>
          <field name="bIgniteOnMolotovExplosion" type="BinHex">01</field>
          <field name="bIgniteOnPoison" type="BinHex">00</field>
          <field name="bIgniteOnUse" type="BinHex">00</field>
        </object>
      </object>
      <object name="CSoundOcclusionComponent">
        <field name="hidHasAliasName" type="Boolean">False</field>
        <field name="hidInjected" type="Boolean">True</field>
        <object name="SoundZonesList">
          <object name="SoundZone">
            <field name="vectorSize" type="Vector3">6.7,4.75,4</field>
            <field name="vectorOffsetPosition" type="Vector3">-0.02,-0.01,3</field>
            <field name="vectorOffsetAngles" type="Vector3">0,0,0</field>
            <field name="disZoneId" type="BinHex">E793CA2BE87D0000</field>
            <field name="occzonParams" type="BinHex">C7A6F20500000000</field>
            <object name="EntrancesList">
              <object name="Entrance">
                <field name="vectorSize" type="Vector3">0.5,1.4,2.4</field>
                <field name="vectorOffsetPosition" type="Vector3">3.3,-0.55,0.1</field>
                <field name="vectorOffsetAngles" type="Vector3">0,0,0</field>
                <field name="bIsADoor" type="BinHex">00</field>
                <field name="occholParams" type="BinHex">B583448600000000</field>
              </object>
              <object name="Entrance">
                <field name="vectorSize" type="Vector3">0.5,1.4,2.4</field>
                <field name="vectorOffsetPosition" type="Vector3">-3.3,0.55,0.1</field>
                <field name="vectorOffsetAngles" type="Vector3">0,0,0</field>
                <field name="bIsADoor" type="BinHex">00</field>
                <field name="occholParams" type="BinHex">B583448600000000</field>
              </object>
              <object name="Entrance">
                <field name="vectorSize" type="Vector3">1.4,0.5,1.4</field>
                <field name="vectorOffsetPosition" type="Vector3">0.34,2.3,0.75</field>
                <field name="vectorOffsetAngles" type="Vector3">0,0,0</field>
                <field name="bIsADoor" type="BinHex">00</field>
                <field name="occholParams" type="BinHex">F9DC476900000000</field>
              </object>
              <object name="Entrance">
                <field name="vectorSize" type="Vector3">1.4,0.5,1.4</field>
                <field name="vectorOffsetPosition" type="Vector3">0.25,-2.3,0.75</field>
                <field name="vectorOffsetAngles" type="Vector3">0,0,0</field>
                <field name="bIsADoor" type="BinHex">00</field>
                <field name="occholParams" type="BinHex">F9DC476900000000</field>
              </object>
              <object name="Entrance">
                <field name="vectorSize" type="Vector3">0,0,0</field>
                <field name="vectorOffsetPosition" type="Vector3">0,0,0</field>
                <field name="vectorOffsetAngles" type="Vector3">0,0,0</field>
                <field name="bIsADoor" type="BinHex">00</field>
                <field name="occholParams" type="BinHex">FFFFFFFF00000000</field>
              </object>
            </object>
            <object name="ConnectionsList">
              <object name="Connection">
                <field name="ConnectedZoneId" type="BinHex">0000000000000000</field>
              </object>
            </object>
          </object>
          <object name="SoundZone">
            <field name="vectorSize" type="Vector3">0,0,0</field>
            <field name="vectorOffsetPosition" type="Vector3">0,0,0</field>
            <field name="vectorOffsetAngles" type="Vector3">0,0,0</field>
            <field name="disZoneId" type="BinHex">0000000000000000</field>
            <field name="occzonParams" type="BinHex">FFFFFFFF00000000</field>
            <object name="EntrancesList">
              <object name="Entrance">
                <field name="vectorSize" type="Vector3">0,0,0</field>
                <field name="vectorOffsetPosition" type="Vector3">0,0,0</field>
                <field name="vectorOffsetAngles" type="Vector3">0,0,0</field>
                <field name="bIsADoor" type="BinHex">00</field>
                <field name="occholParams" type="BinHex">FFFFFFFF00000000</field>
              </object>
            </object>
            <object name="ConnectionsList">
              <object name="Connection">
                <field name="ConnectedZoneId" type="BinHex">0000000000000000</field>
              </object>
            </object>
          </object>
        </object>
      </object>
    </object>
  </object>
  <object name="ResPack">
    <field name="Count" type="BinHex">08000000</field>
    <object name="ResList">
      <field name="TypeId" type="Hash32">3AE88EFD</field>
      <field name="ResIds" type="BinHex">01000000E6AA119B74C7F386</field>
    </object>
    <object name="ResList">
      <field name="TypeId" type="Hash32">63F450D8</field>
      <field name="ResIds" type="BinHex">0500000050CB93CD9CD30A21521B56CC9C599689521BE6CD9C59968956CBF3C99C5996D356CBE3CD9C5996D3</field>
    </object>
    <object name="ResList">
      <field name="TypeId" type="Hash32">86E8E8BE</field>
      <field name="ResIds" type="BinHex">02000000BCAF554E4424CD45E6AA119B74EC6F94</field>
    </object>
  </object>
</object>