﻿<?xml version="1.0" encoding="utf-8"?>
<object name="EntityPrototype" def="ark">
  <field name="disLibItemId" type="Id64">126239221792469550</field>
  <field name="text_hidArchetypeResId" type="String">entityarchetypeslibrary\126239221792469550.ark.fcb</field>
  <field name="hidArchetypeResId" type="Hash64">A17AE5E496A64731</field>
  <field name="Name" type="String">groups/groups/DePleurHouse/DePleurHouse_A_Roof_01_0</field>
  <field name="ArchetypeName" type="String">ige_archetypes:groups/groups/depleurhouse/depleurhouse_a_roof_01_0</field>
  <object name="Entity">
    <field name="hidName" type="String">ige_archetypes:groups/groups/DePleurHouse/DePleurHouse_A_Roof_01_0</field>
    <field name="text_hidEntityClass" type="String">CEntity</field>
    <field name="hidEntityClass" type="Hash32">50C95067</field>
    <field name="hidResourceCount" type="Int32">8</field>
    <field name="hidConstEntity" type="Boolean">False</field>
    <field name="text_hidArchetypeResId" type="String">entityarchetypeslibrary\126239221792469550.ark.fcb</field>
    <field name="hidArchetypeResId" type="Hash64">A17AE5E496A64731</field>
    <object name="Components">
      <object name="CFileDescriptorComponent">
        <field name="hidHasAliasName" type="Boolean">False</field>
        <field name="text_fileName" type="String">graphics\_singleplayer\mission_specific\mis_150\depleurhouse_a_roof_01.xml</field>
        <field name="fileName" type="Hash64">C1462CCE79061AD2</field>
        <field name="hidDescriptor" type="Rml">
          <rml>
            <hidDescriptor>
              <component class="GraphicComponent" version="2" detail="0">
                <object index="0" boneName="DePleurHouse_A_Roof_01_LOD0" bboxMin="-8.34532,-5.79377,7.78397" bboxMax="8.53653,9.04558,16.5288" />
                <resource fileName="graphics\_SinglePlayer\Mission_Specific\MIS_150\DePleurHouse_A_Roof_01.xbg" bboxMin="-8.34532,-5.79377,7.78397" bboxMax="8.53653,9.04558,16.5288" />
                <skeleton_reference_list>
                  <skeleton name="DePleurHouse_A_Roof_01" index="0" pos="0,0,0" rot="1,-0,-0,-0" />
                </skeleton_reference_list>
                <material_reference_list>
                  <material name="FcG_WoodPainted_Burgandy" shader_name="Generic_FC3" ref_shader_id="ipapismado-M-20130620144833" hd="0" />
                  <material name="FcG_MetalCorrugated_01" shader_name="Generic_FC3" ref_shader_id="nfortin-M-20131024145119" hd="0" />
                  <material name="Sim_Mosaic_01" shader_name="Simple" ref_shader_id="skovalchuk-M-20130819095708" hd="0" />
                  <material name="Dec_ThickStripes_01" shader_name="Decal" ref_shader_id="ipapismado-M-20130422194141" hd="0" />
                  <material name="FcG_FloorWood_02" shader_name="Generic_FC3" ref_shader_id="yallaire-M-20130508143413" hd="0" />
                  <material name="FcG_WoodCracked_Red" shader_name="Generic_FC3" ref_shader_id="Sbeaulieu-M-20130430132004" hd="0" />
                  <material name="Sim_WoodTrim_01" shader_name="Simple" ref_shader_id="skovalchuk-M-20130410172231" hd="0" />
                  <material name="FcG_PlasterDamaged_Red" shader_name="Generic_FC3" ref_shader_id="Sbeaulieu-M-20130424144604" hd="0" />
                  <material name="Sim_WoodCracked_Blue" shader_name="Generic_FC3" ref_shader_id="ipapismado-M-20130426141245" hd="0" />
                  <material name="FcG_PlasterDamaged_01" shader_name="Generic_FC3" ref_shader_id="ipapismado-M-20130408135541" hd="0" />
                </material_reference_list>
              </component>
              <component class="InteriorVolumeComponent" version="1" detail="0">
                <resource fileName="graphics\_SinglePlayer\Mission_Specific\MIS_150\DePleurHouse_A_Roof_01_interiorvolume.xbg" bboxMin="-3.6864,-1.67798,7.85445" bboxMax="3.71315,4.9825,13.1795" />
              </component>
              <component class="StaticPhysComponent">
                <resource fileName="graphics\_SinglePlayer\Mission_Specific\MIS_150\DePleurHouse_A_Roof_01.hkx" />
              </component>
              <component class="VisibilityOcclusionComponent">
                <antiportal killDistance="50.000000">
                  <vertices>
                    <vertex x="-1.523133" y="0.344951" z="10.895948" />
                    <vertex x="1.534896" y="0.344951" z="10.895948" />
                    <vertex x="-1.523133" y="2.803084" z="10.895948" />
                    <vertex x="1.534896" y="2.803084" z="10.895948" />
                    <vertex x="-1.523133" y="0.344951" z="14.280951" />
                    <vertex x="1.534896" y="0.344951" z="14.280951" />
                    <vertex x="-1.523133" y="2.803084" z="14.280951" />
                    <vertex x="1.534896" y="2.803084" z="14.280951" />
                  </vertices>
                  <faces>
                    <face>0,2,3,1</face>
                    <face>4,5,7,6</face>
                    <face>0,1,5,4</face>
                    <face>1,3,7,5</face>
                    <face>3,2,6,7</face>
                    <face>2,0,4,6</face>
                  </faces>
                </antiportal>
                <antiportal killDistance="50.000000">
                  <vertices>
                    <vertex x="-3.686672" y="-1.710460" z="7.854448" />
                    <vertex x="3.713562" y="-1.710460" z="7.854448" />
                    <vertex x="-3.686672" y="5.024605" z="7.854448" />
                    <vertex x="3.713562" y="5.024605" z="7.854448" />
                    <vertex x="-3.686672" y="-1.710460" z="10.895948" />
                    <vertex x="3.713562" y="-1.710460" z="10.895948" />
                    <vertex x="-3.686672" y="5.024605" z="10.895948" />
                    <vertex x="3.713562" y="5.024605" z="10.895948" />
                  </vertices>
                  <faces>
                    <face>0,2,3,1</face>
                    <face>4,5,7,6</face>
                    <face>0,1,5,4</face>
                    <face>1,3,7,5</face>
                    <face>3,2,6,7</face>
                    <face>2,0,4,6</face>
                  </faces>
                </antiportal>
              </component>
            </hidDescriptor>
          </rml>
        </field>
      </object>
      <object name="CRoomComponent">
        <field name="hidHasAliasName" type="Boolean">False</field>
        <field name="bOverridePortalsVisibility" type="Boolean">True</field>
        <field name="bIsVisibleInside" type="Boolean">True</field>
        <field name="bIsVisibleOutside" type="Boolean">True</field>
        <field name="vectorScale" type="Vector3">1,1,1</field>
        <object name="RoomObjects">
          <object name="RoomObject">
            <field name="hidRoomId" type="BinHex">F25662D2E57DC030</field>
            <field name="disName" type="String">vol_0</field>
            <field name="fRoomPriority" type="Float32">0</field>
            <object name="hidConvexVolume">
              <object name="hidVertices">
                <object name="Vertex">
                  <field name="Vertex" type="Vector3">-1.523133,0.344951,10.89595</field>
                </object>
                <object name="Vertex">
                  <field name="Vertex" type="Vector3">1.534896,0.344951,10.89595</field>
                </object>
                <object name="Vertex">
                  <field name="Vertex" type="Vector3">-1.523133,2.803084,10.89595</field>
                </object>
                <object name="Vertex">
                  <field name="Vertex" type="Vector3">1.534896,2.803084,10.89595</field>
                </object>
                <object name="Vertex">
                  <field name="Vertex" type="Vector3">-1.523133,0.344951,14.28095</field>
                </object>
                <object name="Vertex">
                  <field name="Vertex" type="Vector3">1.534896,0.344951,14.28095</field>
                </object>
                <object name="Vertex">
                  <field name="Vertex" type="Vector3">-1.523133,2.803084,14.28095</field>
                </object>
                <object name="Vertex">
                  <field name="Vertex" type="Vector3">1.534896,2.803084,14.28095</field>
                </object>
              </object>
              <object name="hidFacesDefs">
                <object name="FaceDef">
                  <object name="hidVertexIndices">
                    <object name="Vertex">
                      <field name="Vertex" type="Enum">0</field>
                    </object>
                    <object name="Vertex">
                      <field name="Vertex" type="Enum">2</field>
                    </object>
                    <object name="Vertex">
                      <field name="Vertex" type="Enum">3</field>
                    </object>
                    <object name="Vertex">
                      <field name="Vertex" type="Enum">1</field>
                    </object>
                  </object>
                </object>
                <object name="FaceDef">
                  <object name="hidVertexIndices">
                    <object name="Vertex">
                      <field name="Vertex" type="Enum">4</field>
                    </object>
                    <object name="Vertex">
                      <field name="Vertex" type="Enum">5</field>
                    </object>
                    <object name="Vertex">
                      <field name="Vertex" type="Enum">7</field>
                    </object>
                    <object name="Vertex">
                      <field name="Vertex" type="Enum">6</field>
                    </object>
                  </object>
                </object>
                <object name="FaceDef">
                  <object name="hidVertexIndices">
                    <object name="Vertex">
                      <field name="Vertex" type="Enum">0</field>
                    </object>
                    <object name="Vertex">
                      <field name="Vertex" type="Enum">1</field>
                    </object>
                    <object name="Vertex">
                      <field name="Vertex" type="Enum">5</field>
                    </object>
                    <object name="Vertex">
                      <field name="Vertex" type="Enum">4</field>
                    </object>
                  </object>
                </object>
                <object name="FaceDef">
                  <object name="hidVertexIndices">
                    <object name="Vertex">
                      <field name="Vertex" type="Enum">1</field>
                    </object>
                    <object name="Vertex">
                      <field name="Vertex" type="Enum">3</field>
                    </object>
                    <object name="Vertex">
                      <field name="Vertex" type="Enum">7</field>
                    </object>
                    <object name="Vertex">
                      <field name="Vertex" type="Enum">5</field>
                    </object>
                  </object>
                </object>
                <object name="FaceDef">
                  <object name="hidVertexIndices">
                    <object name="Vertex">
                      <field name="Vertex" type="Enum">3</field>
                    </object>
                    <object name="Vertex">
                      <field name="Vertex" type="Enum">2</field>
                    </object>
                    <object name="Vertex">
                      <field name="Vertex" type="Enum">6</field>
                    </object>
                    <object name="Vertex">
                      <field name="Vertex" type="Enum">7</field>
                    </object>
                  </object>
                </object>
                <object name="FaceDef">
                  <object name="hidVertexIndices">
                    <object name="Vertex">
                      <field name="Vertex" type="Enum">2</field>
                    </object>
                    <object name="Vertex">
                      <field name="Vertex" type="Enum">0</field>
                    </object>
                    <object name="Vertex">
                      <field name="Vertex" type="Enum">4</field>
                    </object>
                    <object name="Vertex">
                      <field name="Vertex" type="Enum">6</field>
                    </object>
                  </object>
                </object>
              </object>
              <object name="Faces">
                <object name="Face">
                  <field name="hidNormal" type="Vector3">0,0,1</field>
                  <field name="hidDistance" type="BinHex">CE552E41</field>
                </object>
                <object name="Face">
                  <field name="hidNormal" type="Vector3">0,0,-1</field>
                  <field name="hidDistance" type="BinHex">C67E64C1</field>
                </object>
                <object name="Face">
                  <field name="hidNormal" type="Vector3">0,1,0</field>
                  <field name="hidDistance" type="BinHex">6B9DB03E</field>
                </object>
                <object name="Face">
                  <field name="hidNormal" type="Vector3">-1,0,0</field>
                  <field name="hidDistance" type="BinHex">7977C4BF</field>
                </object>
                <object name="Face">
                  <field name="hidNormal" type="Vector3">0,-1,0</field>
                  <field name="hidDistance" type="BinHex">BA6533C0</field>
                </object>
                <object name="Face">
                  <field name="hidNormal" type="Vector3">1,0,0</field>
                  <field name="hidDistance" type="BinHex">06F6C2BF</field>
                </object>
              </object>
              <object name="Edges">
                <object name="Edge">
                  <field name="hidSharedFace0" type="Int32">0</field>
                  <field name="hidSharedFace1" type="Int32">5</field>
                  <field name="hidVertex0" type="Int32">0</field>
                  <field name="hidVertex1" type="Int32">2</field>
                </object>
                <object name="Edge">
                  <field name="hidSharedFace0" type="Int32">0</field>
                  <field name="hidSharedFace1" type="Int32">4</field>
                  <field name="hidVertex0" type="Int32">2</field>
                  <field name="hidVertex1" type="Int32">3</field>
                </object>
                <object name="Edge">
                  <field name="hidSharedFace0" type="Int32">0</field>
                  <field name="hidSharedFace1" type="Int32">3</field>
                  <field name="hidVertex0" type="Int32">3</field>
                  <field name="hidVertex1" type="Int32">1</field>
                </object>
                <object name="Edge">
                  <field name="hidSharedFace0" type="Int32">0</field>
                  <field name="hidSharedFace1" type="Int32">2</field>
                  <field name="hidVertex0" type="Int32">1</field>
                  <field name="hidVertex1" type="Int32">0</field>
                </object>
                <object name="Edge">
                  <field name="hidSharedFace0" type="Int32">1</field>
                  <field name="hidSharedFace1" type="Int32">2</field>
                  <field name="hidVertex0" type="Int32">4</field>
                  <field name="hidVertex1" type="Int32">5</field>
                </object>
                <object name="Edge">
                  <field name="hidSharedFace0" type="Int32">1</field>
                  <field name="hidSharedFace1" type="Int32">3</field>
                  <field name="hidVertex0" type="Int32">5</field>
                  <field name="hidVertex1" type="Int32">7</field>
                </object>
                <object name="Edge">
                  <field name="hidSharedFace0" type="Int32">1</field>
                  <field name="hidSharedFace1" type="Int32">4</field>
                  <field name="hidVertex0" type="Int32">7</field>
                  <field name="hidVertex1" type="Int32">6</field>
                </object>
                <object name="Edge">
                  <field name="hidSharedFace0" type="Int32">1</field>
                  <field name="hidSharedFace1" type="Int32">5</field>
                  <field name="hidVertex0" type="Int32">6</field>
                  <field name="hidVertex1" type="Int32">4</field>
                </object>
                <object name="Edge">
                  <field name="hidSharedFace0" type="Int32">2</field>
                  <field name="hidSharedFace1" type="Int32">3</field>
                  <field name="hidVertex0" type="Int32">1</field>
                  <field name="hidVertex1" type="Int32">5</field>
                </object>
                <object name="Edge">
                  <field name="hidSharedFace0" type="Int32">2</field>
                  <field name="hidSharedFace1" type="Int32">5</field>
                  <field name="hidVertex0" type="Int32">4</field>
                  <field name="hidVertex1" type="Int32">0</field>
                </object>
                <object name="Edge">
                  <field name="hidSharedFace0" type="Int32">3</field>
                  <field name="hidSharedFace1" type="Int32">4</field>
                  <field name="hidVertex0" type="Int32">3</field>
                  <field name="hidVertex1" type="Int32">7</field>
                </object>
                <object name="Edge">
                  <field name="hidSharedFace0" type="Int32">4</field>
                  <field name="hidSharedFace1" type="Int32">5</field>
                  <field name="hidVertex0" type="Int32">2</field>
                  <field name="hidVertex1" type="Int32">6</field>
                </object>
              </object>
            </object>
            <object name="RoomPropertiesList">
              <object name="RoomProperties">
                <field name="selType" type="UInt32">3971349444</field>
                <object name="Obj">
                  <field name="text_hid_DTCTH_ClassName" type="String">CGfxRoomProperties</field>
                  <field name="hid_DTCTH_ClassName" type="Hash32">ECB5FBC4</field>
                  <field name="zoneZoneLogic" type="Id64">31</field>
                </object>
              </object>
              <object name="RoomProperties">
                <field name="selType" type="UInt32">4294967295</field>
              </object>
            </object>
          </object>
          <object name="RoomObject">
            <field name="hidRoomId" type="BinHex">F25662D2E57DE030</field>
            <field name="disName" type="String">vol_1</field>
            <field name="fRoomPriority" type="Float32">50</field>
            <object name="hidConvexVolume">
              <object name="hidVertices">
                <object name="Vertex">
                  <field name="Vertex" type="Vector3">-3.686672,-1.71046,7.854448</field>
                </object>
                <object name="Vertex">
                  <field name="Vertex" type="Vector3">3.713562,-1.71046,7.854448</field>
                </object>
                <object name="Vertex">
                  <field name="Vertex" type="Vector3">-3.686672,5.024605,7.854448</field>
                </object>
                <object name="Vertex">
                  <field name="Vertex" type="Vector3">3.713562,5.024605,7.854448</field>
                </object>
                <object name="Vertex">
                  <field name="Vertex" type="Vector3">-3.686672,-1.71046,10.89595</field>
                </object>
                <object name="Vertex">
                  <field name="Vertex" type="Vector3">3.713562,-1.71046,10.89595</field>
                </object>
                <object name="Vertex">
                  <field name="Vertex" type="Vector3">-3.686672,5.024605,10.89595</field>
                </object>
                <object name="Vertex">
                  <field name="Vertex" type="Vector3">3.713562,5.024605,10.89595</field>
                </object>
              </object>
              <object name="hidFacesDefs">
                <object name="FaceDef">
                  <object name="hidVertexIndices">
                    <object name="Vertex">
                      <field name="Vertex" type="Enum">0</field>
                    </object>
                    <object name="Vertex">
                      <field name="Vertex" type="Enum">2</field>
                    </object>
                    <object name="Vertex">
                      <field name="Vertex" type="Enum">3</field>
                    </object>
                    <object name="Vertex">
                      <field name="Vertex" type="Enum">1</field>
                    </object>
                  </object>
                </object>
                <object name="FaceDef">
                  <object name="hidVertexIndices">
                    <object name="Vertex">
                      <field name="Vertex" type="Enum">4</field>
                    </object>
                    <object name="Vertex">
                      <field name="Vertex" type="Enum">5</field>
                    </object>
                    <object name="Vertex">
                      <field name="Vertex" type="Enum">7</field>
                    </object>
                    <object name="Vertex">
                      <field name="Vertex" type="Enum">6</field>
                    </object>
                  </object>
                </object>
                <object name="FaceDef">
                  <object name="hidVertexIndices">
                    <object name="Vertex">
                      <field name="Vertex" type="Enum">0</field>
                    </object>
                    <object name="Vertex">
                      <field name="Vertex" type="Enum">1</field>
                    </object>
                    <object name="Vertex">
                      <field name="Vertex" type="Enum">5</field>
                    </object>
                    <object name="Vertex">
                      <field name="Vertex" type="Enum">4</field>
                    </object>
                  </object>
                </object>
                <object name="FaceDef">
                  <object name="hidVertexIndices">
                    <object name="Vertex">
                      <field name="Vertex" type="Enum">1</field>
                    </object>
                    <object name="Vertex">
                      <field name="Vertex" type="Enum">3</field>
                    </object>
                    <object name="Vertex">
                      <field name="Vertex" type="Enum">7</field>
                    </object>
                    <object name="Vertex">
                      <field name="Vertex" type="Enum">5</field>
                    </object>
                  </object>
                </object>
                <object name="FaceDef">
                  <object name="hidVertexIndices">
                    <object name="Vertex">
                      <field name="Vertex" type="Enum">3</field>
                    </object>
                    <object name="Vertex">
                      <field name="Vertex" type="Enum">2</field>
                    </object>
                    <object name="Vertex">
                      <field name="Vertex" type="Enum">6</field>
                    </object>
                    <object name="Vertex">
                      <field name="Vertex" type="Enum">7</field>
                    </object>
                  </object>
                </object>
                <object name="FaceDef">
                  <object name="hidVertexIndices">
                    <object name="Vertex">
                      <field name="Vertex" type="Enum">2</field>
                    </object>
                    <object name="Vertex">
                      <field name="Vertex" type="Enum">0</field>
                    </object>
                    <object name="Vertex">
                      <field name="Vertex" type="Enum">4</field>
                    </object>
                    <object name="Vertex">
                      <field name="Vertex" type="Enum">6</field>
                    </object>
                  </object>
                </object>
              </object>
              <object name="Faces">
                <object name="Face">
                  <field name="hidNormal" type="Vector3">0,0,1</field>
                  <field name="hidDistance" type="BinHex">A357FB40</field>
                </object>
                <object name="Face">
                  <field name="hidNormal" type="Vector3">0,0,-1</field>
                  <field name="hidDistance" type="BinHex">CE552EC1</field>
                </object>
                <object name="Face">
                  <field name="hidNormal" type="Vector3">0,1,0</field>
                  <field name="hidDistance" type="BinHex">5AF0DABF</field>
                </object>
                <object name="Face">
                  <field name="hidNormal" type="Vector3">-1,0,0</field>
                  <field name="hidDistance" type="BinHex">00AB6DC0</field>
                </object>
                <object name="Face">
                  <field name="hidNormal" type="Vector3">0,-1,0</field>
                  <field name="hidDistance" type="BinHex">90C9A0C0</field>
                </object>
                <object name="Face">
                  <field name="hidNormal" type="Vector3">1,0,0</field>
                  <field name="hidDistance" type="BinHex">6FF26BC0</field>
                </object>
              </object>
              <object name="Edges">
                <object name="Edge">
                  <field name="hidSharedFace0" type="Int32">0</field>
                  <field name="hidSharedFace1" type="Int32">5</field>
                  <field name="hidVertex0" type="Int32">0</field>
                  <field name="hidVertex1" type="Int32">2</field>
                </object>
                <object name="Edge">
                  <field name="hidSharedFace0" type="Int32">0</field>
                  <field name="hidSharedFace1" type="Int32">4</field>
                  <field name="hidVertex0" type="Int32">2</field>
                  <field name="hidVertex1" type="Int32">3</field>
                </object>
                <object name="Edge">
                  <field name="hidSharedFace0" type="Int32">0</field>
                  <field name="hidSharedFace1" type="Int32">3</field>
                  <field name="hidVertex0" type="Int32">3</field>
                  <field name="hidVertex1" type="Int32">1</field>
                </object>
                <object name="Edge">
                  <field name="hidSharedFace0" type="Int32">0</field>
                  <field name="hidSharedFace1" type="Int32">2</field>
                  <field name="hidVertex0" type="Int32">1</field>
                  <field name="hidVertex1" type="Int32">0</field>
                </object>
                <object name="Edge">
                  <field name="hidSharedFace0" type="Int32">1</field>
                  <field name="hidSharedFace1" type="Int32">2</field>
                  <field name="hidVertex0" type="Int32">4</field>
                  <field name="hidVertex1" type="Int32">5</field>
                </object>
                <object name="Edge">
                  <field name="hidSharedFace0" type="Int32">1</field>
                  <field name="hidSharedFace1" type="Int32">3</field>
                  <field name="hidVertex0" type="Int32">5</field>
                  <field name="hidVertex1" type="Int32">7</field>
                </object>
                <object name="Edge">
                  <field name="hidSharedFace0" type="Int32">1</field>
                  <field name="hidSharedFace1" type="Int32">4</field>
                  <field name="hidVertex0" type="Int32">7</field>
                  <field name="hidVertex1" type="Int32">6</field>
                </object>
                <object name="Edge">
                  <field name="hidSharedFace0" type="Int32">1</field>
                  <field name="hidSharedFace1" type="Int32">5</field>
                  <field name="hidVertex0" type="Int32">6</field>
                  <field name="hidVertex1" type="Int32">4</field>
                </object>
                <object name="Edge">
                  <field name="hidSharedFace0" type="Int32">2</field>
                  <field name="hidSharedFace1" type="Int32">3</field>
                  <field name="hidVertex0" type="Int32">1</field>
                  <field name="hidVertex1" type="Int32">5</field>
                </object>
                <object name="Edge">
                  <field name="hidSharedFace0" type="Int32">2</field>
                  <field name="hidSharedFace1" type="Int32">5</field>
                  <field name="hidVertex0" type="Int32">4</field>
                  <field name="hidVertex1" type="Int32">0</field>
                </object>
                <object name="Edge">
                  <field name="hidSharedFace0" type="Int32">3</field>
                  <field name="hidSharedFace1" type="Int32">4</field>
                  <field name="hidVertex0" type="Int32">3</field>
                  <field name="hidVertex1" type="Int32">7</field>
                </object>
                <object name="Edge">
                  <field name="hidSharedFace0" type="Int32">4</field>
                  <field name="hidSharedFace1" type="Int32">5</field>
                  <field name="hidVertex0" type="Int32">2</field>
                  <field name="hidVertex1" type="Int32">6</field>
                </object>
              </object>
            </object>
            <object name="RoomPropertiesList">
              <object name="RoomProperties">
                <field name="selType" type="UInt32">1036206285</field>
                <object name="Obj">
                  <field name="text_hid_DTCTH_ClassName" type="String">CSoundRoomProperties</field>
                  <field name="hid_DTCTH_ClassName" type="Hash32">3DC340CD</field>
                  <field name="bUseRoomSoundRegion" type="BinHex">00</field>
                  <field name="bUseRoomReverb" type="BinHex">01</field>
                  <field name="sndregSoundRegion" type="BinHex">FF</field>
                  <field name="sndReverb" type="String">0x000470F7</field>
                  <field name="sndInSound" type="String">0x002241C2</field>
                  <field name="sndOutSound" type="String">0x002241C3</field>
                  <field name="mixRoomSoundPreset" type="Id64">3750135203</field>
                  <field name="bIsOpenOceanHearable" type="BinHex">01</field>
                  <field name="bUseGunTails" type="Boolean">True</field>
                  <field name="fRoomEnteringRollOffDistance" type="Float32">1</field>
                  <field name="fRoomLeavingRollOffDistance" type="Float32">1</field>
                  <field name="fRoomTransitionRollOffDistance" type="Float32">1</field>
                </object>
              </object>
              <object name="RoomProperties">
                <field name="selType" type="UInt32">1401417754</field>
                <object name="Obj">
                  <field name="text_hid_DTCTH_ClassName" type="String">CBuildingElementProperties</field>
                  <field name="hid_DTCTH_ClassName" type="Hash32">5387F01A</field>
                  <object name="BuildingElementsList">
                    <object name="BuildingElement">
                      <field name="vectorPosition" type="Vector3">0.00765565,5.08427,9.5426</field>
                      <field name="angvecAngles" type="Vector3">0,0,180</field>
                      <field name="fWidth" type="Float32">1.8</field>
                      <field name="fHeight" type="Float32">1.3</field>
                      <field name="selRoomPlaneType" type="BinHex">01000000</field>
                    </object>
                    <object name="BuildingElement">
                      <field name="vectorPosition" type="Vector3">-1.32629,2.83777,7.86768</field>
                      <field name="angvecAngles" type="Vector3">90,180,0</field>
                      <field name="fWidth" type="Float32">1.3</field>
                      <field name="fHeight" type="Float32">1.3</field>
                      <field name="selRoomPlaneType" type="BinHex">03000000</field>
                    </object>
                  </object>
                </object>
              </object>
              <object name="RoomProperties">
                <field name="selType" type="UInt32">4294967295</field>
              </object>
            </object>
          </object>
        </object>
      </object>
      <object name="CGraphicComponent">
        <field name="hidHasAliasName" type="Boolean">True</field>
        <field name="hidComponentClassName" type="String">CStaticGraphicComponent</field>
        <field name="bCastShadow" type="Boolean">True</field>
        <field name="bReceiveShadow" type="Boolean">True</field>
        <field name="bCastAmbientShadow" type="Boolean">True</field>
        <field name="olgLightGroup" type="Int32">129</field>
        <field name="bShowInReflection" type="Boolean">True</field>
        <field name="bAlwaysShowInReflection" type="Boolean">False</field>
        <field name="bHighLight" type="Boolean">False</field>
        <field name="bLodDitheringEnable" type="Boolean">True</field>
        <field name="matIntuitionMaterialName" type="String"></field>
        <field name="bShowThroughWithFlashing" type="Boolean">False</field>
        <field name="bBackDrop" type="Boolean">False</field>
        <field name="bDisableMip0ResourceLoading" type="BinHex">00</field>
        <field hash="F41DCC4F" type="BinHex">0000000000000000</field>
        <field name="hidIndex" type="Int32">0</field>
        <field name="text_fileModel" type="String">graphics\_singleplayer\mission_specific\mis_150\depleurhouse_a_roof_01.xbg</field>
        <field name="fileModel" type="Hash64">CE1FBCCE79061AD2</field>
        <field name="hidMeshName" type="String"></field>
        <field name="hidScale" type="Vector3">1,1,1</field>
        <object name="MaterialLightSwitch">
          <field name="hidSharedDataHandlerHash" type="Hash64">C59E110E4FABB0EF</field>
          <object name="MaterialSlots">
            <object name="Material">
              <field name="text_disSlotPathId" type="String">graphics\_materials\skovalchuk-m-20130410172231.material.bin</field>
              <field name="disSlotPathId" type="Hash64">1A2E68F3073FC55F</field>
              <field name="text_matMaterial" type="String"></field>
              <field name="matMaterial" type="Hash64">FFFFFFFFFFFFFFFF</field>
              <field name="disHD" type="BinHex">00</field>
            </object>
            <object name="Material">
              <field name="text_disSlotPathId" type="String">graphics\_materials\ipapismado-m-20130620144833.material.bin</field>
              <field name="disSlotPathId" type="Hash64">3329396C43E405CD</field>
              <field name="text_matMaterial" type="String"></field>
              <field name="matMaterial" type="Hash64">FFFFFFFFFFFFFFFF</field>
              <field name="disHD" type="BinHex">00</field>
            </object>
            <object name="Material">
              <field name="text_disSlotPathId" type="String">graphics\_materials\sbeaulieu-m-20130424144604.material.bin</field>
              <field name="disSlotPathId" type="Hash64">3542CE5F80DB7A15</field>
              <field name="text_matMaterial" type="String"></field>
              <field name="matMaterial" type="Hash64">FFFFFFFFFFFFFFFF</field>
              <field name="disHD" type="BinHex">00</field>
            </object>
            <object name="Material">
              <field name="text_disSlotPathId" type="String">graphics\_materials\ipapismado-m-20130422194141.material.bin</field>
              <field name="disSlotPathId" type="Hash64">63D1545FF5053FFD</field>
              <field name="text_matMaterial" type="String"></field>
              <field name="matMaterial" type="Hash64">FFFFFFFFFFFFFFFF</field>
              <field name="disHD" type="BinHex">00</field>
            </object>
            <object name="Material">
              <field name="text_disSlotPathId" type="String">graphics\_materials\skovalchuk-m-20130819095708.material.bin</field>
              <field name="disSlotPathId" type="Hash64">6994398777CD1DD4</field>
              <field name="text_matMaterial" type="String"></field>
              <field name="matMaterial" type="Hash64">FFFFFFFFFFFFFFFF</field>
              <field name="disHD" type="BinHex">00</field>
            </object>
            <object name="Material">
              <field name="text_disSlotPathId" type="String">graphics\_materials\yallaire-m-20130508143413.material.bin</field>
              <field name="disSlotPathId" type="Hash64">6EA89EBFC3A8E8F4</field>
              <field name="text_matMaterial" type="String"></field>
              <field name="matMaterial" type="Hash64">FFFFFFFFFFFFFFFF</field>
              <field name="disHD" type="BinHex">00</field>
            </object>
            <object name="Material">
              <field name="text_disSlotPathId" type="String">graphics\_materials\nfortin-m-20131024145119.material.bin</field>
              <field name="disSlotPathId" type="Hash64">6F6DAA0A208B389D</field>
              <field name="text_matMaterial" type="String"></field>
              <field name="matMaterial" type="Hash64">FFFFFFFFFFFFFFFF</field>
              <field name="disHD" type="BinHex">00</field>
            </object>
            <object name="Material">
              <field name="text_disSlotPathId" type="String">graphics\_materials\ipapismado-m-20130408135541.material.bin</field>
              <field name="disSlotPathId" type="Hash64">7FC749329BD3DFF8</field>
              <field name="text_matMaterial" type="String"></field>
              <field name="matMaterial" type="Hash64">FFFFFFFFFFFFFFFF</field>
              <field name="disHD" type="BinHex">00</field>
            </object>
            <object name="Material">
              <field name="text_disSlotPathId" type="String">graphics\_materials\ipapismado-m-20130426141245.material.bin</field>
              <field name="disSlotPathId" type="Hash64">D8FF896898C02BFE</field>
              <field name="text_matMaterial" type="String"></field>
              <field name="matMaterial" type="Hash64">FFFFFFFFFFFFFFFF</field>
              <field name="disHD" type="BinHex">00</field>
            </object>
            <object name="Material">
              <field name="text_disSlotPathId" type="String">graphics\_materials\sbeaulieu-m-20130430132004.material.bin</field>
              <field name="disSlotPathId" type="Hash64">FABCEE08ECC00A12</field>
              <field name="text_matMaterial" type="String"></field>
              <field name="matMaterial" type="Hash64">FFFFFFFFFFFFFFFF</field>
              <field name="disHD" type="BinHex">00</field>
            </object>
          </object>
        </object>
        <object name="MaterialOverrides">
          <field name="hidSharedDataHandlerHash" type="Hash64">2DAB1BCA4531C1F5</field>
          <object name="MaterialSlots">
            <object name="Material">
              <field name="text_disSlotPathId" type="String">graphics\_materials\skovalchuk-m-20130410172231.material.bin</field>
              <field name="disSlotPathId" type="Hash64">1A2E68F3073FC55F</field>
              <field name="text_matMaterial" type="String"></field>
              <field name="matMaterial" type="Hash64">FFFFFFFFFFFFFFFF</field>
              <field name="disHD" type="BinHex">00</field>
            </object>
            <object name="Material">
              <field name="text_disSlotPathId" type="String">graphics\_materials\ipapismado-m-20130620144833.material.bin</field>
              <field name="disSlotPathId" type="Hash64">3329396C43E405CD</field>
              <field name="text_matMaterial" type="String"></field>
              <field name="matMaterial" type="Hash64">FFFFFFFFFFFFFFFF</field>
              <field name="disHD" type="BinHex">00</field>
            </object>
            <object name="Material">
              <field name="text_disSlotPathId" type="String">graphics\_materials\sbeaulieu-m-20130424144604.material.bin</field>
              <field name="disSlotPathId" type="Hash64">3542CE5F80DB7A15</field>
              <field name="text_matMaterial" type="String"></field>
              <field name="matMaterial" type="Hash64">FFFFFFFFFFFFFFFF</field>
              <field name="disHD" type="BinHex">00</field>
            </object>
            <object name="Material">
              <field name="text_disSlotPathId" type="String">graphics\_materials\ipapismado-m-20130422194141.material.bin</field>
              <field name="disSlotPathId" type="Hash64">63D1545FF5053FFD</field>
              <field name="text_matMaterial" type="String"></field>
              <field name="matMaterial" type="Hash64">FFFFFFFFFFFFFFFF</field>
              <field name="disHD" type="BinHex">00</field>
            </object>
            <object name="Material">
              <field name="text_disSlotPathId" type="String">graphics\_materials\skovalchuk-m-20130819095708.material.bin</field>
              <field name="disSlotPathId" type="Hash64">6994398777CD1DD4</field>
              <field name="text_matMaterial" type="String"></field>
              <field name="matMaterial" type="Hash64">FFFFFFFFFFFFFFFF</field>
              <field name="disHD" type="BinHex">00</field>
            </object>
            <object name="Material">
              <field name="text_disSlotPathId" type="String">graphics\_materials\yallaire-m-20130508143413.material.bin</field>
              <field name="disSlotPathId" type="Hash64">6EA89EBFC3A8E8F4</field>
              <field name="text_matMaterial" type="String"></field>
              <field name="matMaterial" type="Hash64">FFFFFFFFFFFFFFFF</field>
              <field name="disHD" type="BinHex">00</field>
            </object>
            <object name="Material">
              <field name="text_disSlotPathId" type="String">graphics\_materials\nfortin-m-20131024145119.material.bin</field>
              <field name="disSlotPathId" type="Hash64">6F6DAA0A208B389D</field>
              <field name="text_matMaterial" type="String"></field>
              <field name="matMaterial" type="Hash64">FFFFFFFFFFFFFFFF</field>
              <field name="disHD" type="BinHex">00</field>
            </object>
            <object name="Material">
              <field name="text_disSlotPathId" type="String">graphics\_materials\ipapismado-m-20130408135541.material.bin</field>
              <field name="disSlotPathId" type="Hash64">7FC749329BD3DFF8</field>
              <field name="text_matMaterial" type="String"></field>
              <field name="matMaterial" type="Hash64">FFFFFFFFFFFFFFFF</field>
              <field name="disHD" type="BinHex">00</field>
            </object>
            <object name="Material">
              <field name="text_disSlotPathId" type="String">graphics\_materials\ipapismado-m-20130426141245.material.bin</field>
              <field name="disSlotPathId" type="Hash64">D8FF896898C02BFE</field>
              <field name="text_matMaterial" type="String"></field>
              <field name="matMaterial" type="Hash64">FFFFFFFFFFFFFFFF</field>
              <field name="disHD" type="BinHex">00</field>
            </object>
            <object name="Material">
              <field name="text_disSlotPathId" type="String">graphics\_materials\sbeaulieu-m-20130430132004.material.bin</field>
              <field name="disSlotPathId" type="Hash64">FABCEE08ECC00A12</field>
              <field name="text_matMaterial" type="String"></field>
              <field name="matMaterial" type="Hash64">FFFFFFFFFFFFFFFF</field>
              <field name="disHD" type="BinHex">00</field>
            </object>
          </object>
        </object>
        <object name="hidModelLODs" />
        <object name="hidModelDistancesLODs" />
      </object>
      <object name="CStaticPhysComponent">
        <field name="hidHasAliasName" type="Boolean">False</field>
        <field name="text_hidResourceId" type="String">graphics\_singleplayer\mission_specific\mis_150\depleurhouse_a_roof_01.hkx</field>
        <field name="hidResourceId" type="Hash64">DC8397CE79061AD2</field>
        <field hash="C784A41F" type="BinHex">01</field>
        <field name="bUseMaxTerrainSlope" type="Boolean">False</field>
        <field name="bIgnoreInExplosions" type="Boolean">False</field>
        <field name="selOverrideSlideAngle" type="BinHex">00000000</field>
        <field name="bAnimateable" type="Boolean">False</field>
        <field hash="AAFA0C31" type="BinHex">00</field>
        <field hash="BF1EB181" type="BinHex">00</field>
        <field name="bIgnoreBreakableEventsForEver" type="BinHex">00</field>
        <field name="bIgnoreBreakableEventsTemporarily" type="BinHex">00</field>
        <field name="bImmuneToDamage" type="BinHex">00</field>
        <field name="bNoCollision" type="BinHex">00</field>
        <field name="bLargeEntity" type="Boolean">False</field>
        <field name="hidResourceIndex" type="Int32">0</field>
        <field name="bEncounterTeleportToGroundOnCreate" type="BinHex">00</field>
        <field name="bNoDecals" type="BinHex">00</field>
        <field name="bPatchNavmesh" type="BinHex">00</field>
        <field name="bAffectNavMesh" type="Boolean">True</field>
        <object name="LogicMaterialOverrides">
          <object name="LogicMaterial">
            <field name="logmatLogicMaterial" type="Int32">16</field>
            <field name="text_disSlotName" type="String">CCOL007</field>
            <field name="disSlotName" type="Hash32">29B29629</field>
          </object>
          <object name="LogicMaterial">
            <field name="logmatLogicMaterial" type="Int32">16</field>
            <field name="text_disSlotName" type="String">CCOL003</field>
            <field name="disSlotName" type="Hash32">2EDF5230</field>
          </object>
          <object name="LogicMaterial">
            <field name="logmatLogicMaterial" type="Int32">16</field>
            <field name="text_disSlotName" type="String">SCOL006</field>
            <field name="disSlotName" type="Hash32">396B3A71</field>
          </object>
          <object name="LogicMaterial">
            <field name="logmatLogicMaterial" type="Int32">16</field>
            <field name="text_disSlotName" type="String">SCOL002</field>
            <field name="disSlotName" type="Hash32">3E06FE68</field>
          </object>
          <object name="LogicMaterial">
            <field name="logmatLogicMaterial" type="Int32">16</field>
            <field name="text_disSlotName" type="String">SCOL003</field>
            <field name="disSlotName" type="Hash32">4901CEFE</field>
          </object>
          <object name="LogicMaterial">
            <field name="logmatLogicMaterial" type="Int32">16</field>
            <field name="text_disSlotName" type="String">SCOL007</field>
            <field name="disSlotName" type="Hash32">4E6C0AE7</field>
          </object>
          <object name="LogicMaterial">
            <field name="logmatLogicMaterial" type="Int32">16</field>
            <field name="text_disSlotName" type="String">CCOL002</field>
            <field name="disSlotName" type="Hash32">59D862A6</field>
          </object>
          <object name="LogicMaterial">
            <field name="logmatLogicMaterial" type="Int32">16</field>
            <field name="text_disSlotName" type="String">CCOL006</field>
            <field name="disSlotName" type="Hash32">5EB5A6BF</field>
          </object>
          <object name="LogicMaterial">
            <field name="logmatLogicMaterial" type="Int32">16</field>
            <field name="text_disSlotName" type="String">SCOL005</field>
            <field name="disSlotName" type="Hash32">A0626BCB</field>
          </object>
          <object name="LogicMaterial">
            <field name="logmatLogicMaterial" type="Int32">11</field>
            <field name="text_disSlotName" type="String">SCOL001</field>
            <field name="disSlotName" type="Hash32">A70FAFD2</field>
          </object>
          <object name="LogicMaterial">
            <field name="logmatLogicMaterial" type="Int32">2</field>
            <field name="text_disSlotName" type="String">SCOL009</field>
            <field name="disSlotName" type="Hash32">A9D427E0</field>
          </object>
          <object name="LogicMaterial">
            <field name="logmatLogicMaterial" type="Int32">16</field>
            <field name="text_disSlotName" type="String">CCOL004</field>
            <field name="disSlotName" type="Hash32">B0BBC793</field>
          </object>
          <object name="LogicMaterial">
            <field name="logmatLogicMaterial" type="Int32">2</field>
            <field name="text_disSlotName" type="String">CCOL008</field>
            <field name="disSlotName" type="Hash32">B90D8BB8</field>
          </object>
          <object name="LogicMaterial">
            <field name="logmatLogicMaterial" type="Int32">16</field>
            <field name="text_disSlotName" type="String">CCOL001</field>
            <field name="disSlotName" type="Hash32">C0D1331C</field>
          </object>
          <object name="LogicMaterial">
            <field name="logmatLogicMaterial" type="Int32">11</field>
            <field name="text_disSlotName" type="String">CCOL005</field>
            <field name="disSlotName" type="Hash32">C7BCF705</field>
          </object>
          <object name="LogicMaterial">
            <field name="logmatLogicMaterial" type="Int32">16</field>
            <field name="text_disSlotName" type="String">SCOL004</field>
            <field name="disSlotName" type="Hash32">D7655B5D</field>
          </object>
          <object name="LogicMaterial">
            <field name="logmatLogicMaterial" type="Int32">16</field>
            <field name="text_disSlotName" type="String">SCOL008</field>
            <field name="disSlotName" type="Hash32">DED31776</field>
          </object>
        </object>
        <object name="hidTheSharedMap">
          <field name="hidSharedDataHandlerHash" type="Hash64">D5CA89B8FF491DCC</field>
        </object>
      </object>
      <object name="CMinimapComponent">
        <field name="hidHasAliasName" type="Boolean">False</field>
        <field name="minimapobjectinfoObjectInfo" type="BinHex">E66E3B0300000000</field>
      </object>
      <object name="CInteriorVolumeComponent">
        <field name="hidHasAliasName" type="Boolean">False</field>
        <field name="hidInjected" type="Boolean">True</field>
        <field name="text_fileModel" type="String">graphics\_singleplayer\mission_specific\mis_150\depleurhouse_a_roof_01_interiorvolume.xbg</field>
        <field name="fileModel" type="Hash64">AA38A24FB640E621</field>
        <field name="intambientInteriorAmbient" type="Id64">3870101179</field>
        <field name="bEnabled" type="Boolean">True</field>
        <field name="Priority" type="UInt32">0</field>
      </object>
      <object name="CCoverComponent">
        <field name="hidHasAliasName" type="Boolean">False</field>
        <field name="hidInjected" type="Boolean">True</field>
        <object name="Covers">
          <object name="Cover">
            <field name="bUseMetadataOnEmptyInstance" type="BinHex">01</field>
            <field name="bIsFPCover" type="BinHex">01</field>
            <field name="hidTransform" type="BinHex">0000803F000000000000000000000000000000000000803F000000000000000000000000000000000000803F00000000D3BD96C3DB79F6C3000000000000803F</field>
            <field name="selCoverObjectType" type="BinHex">00000000</field>
            <object name="hidCoverInformation">
              <object name="hidState">
                <object name="hidCover">
                  <field name="State" type="BinHex">FFFFFFFF</field>
                  <object name="CoverPoints" />
                  <object name="CoverLinks" />
                  <object name="CoverAnchors" />
                </object>
              </object>
            </object>
          </object>
        </object>
      </object>
      <object name="CClimbableComponent">
        <field name="hidHasAliasName" type="Boolean">False</field>
        <field name="hidInjected" type="Boolean">True</field>
        <field name="bCanClimbFromWater" type="BinHex">01</field>
        <field name="bCanClimbFromLand" type="BinHex">01</field>
        <object name="Lines">
          <object name="Lines">
            <field name="disVectorLineStart" type="Vector3">0,0,0</field>
            <field name="disVectorLineEnd" type="Vector3">0,0,0</field>
            <field name="disVectorAnchor" type="Vector3">0,0,0</field>
          </object>
        </object>
      </object>
      <object name="CNavLinkComponent">
        <field name="hidHasAliasName" type="Boolean">False</field>
        <field name="hidInjected" type="Boolean">True</field>
        <field name="bValid" type="BinHex">01</field>
        <field name="bActivated" type="BinHex">01</field>
        <field name="bCanUseFirstEntry" type="BinHex">01</field>
        <field name="bCanUseSecondEntry" type="BinHex">01</field>
        <field name="selNavMeshLayer" type="BinHex">00000000</field>
      </object>
      <object name="CSoundOcclusionComponent">
        <field name="hidHasAliasName" type="Boolean">False</field>
        <field name="hidInjected" type="Boolean">True</field>
        <object name="SoundZonesList">
          <object name="SoundZone">
            <field name="vectorSize" type="Vector3">7.1,7.1,5</field>
            <field name="vectorOffsetPosition" type="Vector3">0,1.7,9</field>
            <field name="vectorOffsetAngles" type="Vector3">0,0,0</field>
            <field name="disZoneId" type="BinHex">BF1C74AAE77D2000</field>
            <field name="occzonParams" type="BinHex">E631486100000000</field>
            <object name="EntrancesList">
              <object name="Entrance">
                <field name="vectorSize" type="Vector3">2.5,2.5,0.5</field>
                <field name="vectorOffsetPosition" type="Vector3">0,0,3.2</field>
                <field name="vectorOffsetAngles" type="Vector3">0,0,0</field>
                <field name="bIsADoor" type="BinHex">00</field>
                <field name="occholParams" type="BinHex">70BFC9BF00000000</field>
              </object>
              <object name="Entrance">
                <field name="vectorSize" type="Vector3">2,0.5,1.4</field>
                <field name="vectorOffsetPosition" type="Vector3">0,3.35,0.5</field>
                <field name="vectorOffsetAngles" type="Vector3">0,0,0</field>
                <field name="bIsADoor" type="BinHex">00</field>
                <field name="occholParams" type="BinHex">F9DC476900000000</field>
              </object>
              <object name="Entrance">
                <field name="vectorSize" type="Vector3">0,0,0</field>
                <field name="vectorOffsetPosition" type="Vector3">0,0,0</field>
                <field name="vectorOffsetAngles" type="Vector3">0,0,0</field>
                <field name="bIsADoor" type="BinHex">00</field>
                <field name="occholParams" type="BinHex">FFFFFFFF00000000</field>
              </object>
            </object>
            <object name="ConnectionsList">
              <object name="Connection">
                <field name="ConnectedZoneId" type="BinHex">8C346AAAE77D0000</field>
              </object>
              <object name="Connection">
                <field name="ConnectedZoneId" type="BinHex">0000000000000000</field>
              </object>
            </object>
          </object>
          <object name="SoundZone">
            <field name="vectorSize" type="Vector3">0,0,0</field>
            <field name="vectorOffsetPosition" type="Vector3">0,0,0</field>
            <field name="vectorOffsetAngles" type="Vector3">0,0,0</field>
            <field name="disZoneId" type="BinHex">0000000000000000</field>
            <field name="occzonParams" type="BinHex">FFFFFFFF00000000</field>
            <object name="EntrancesList">
              <object name="Entrance">
                <field name="vectorSize" type="Vector3">0,0,0</field>
                <field name="vectorOffsetPosition" type="Vector3">0,0,0</field>
                <field name="vectorOffsetAngles" type="Vector3">0,0,0</field>
                <field name="bIsADoor" type="BinHex">00</field>
                <field name="occholParams" type="BinHex">FFFFFFFF00000000</field>
              </object>
            </object>
            <object name="ConnectionsList">
              <object name="Connection">
                <field name="ConnectedZoneId" type="BinHex">0000000000000000</field>
              </object>
            </object>
          </object>
        </object>
      </object>
    </object>
  </object>
  <object name="ResPack">
    <field name="Count" type="BinHex">08000000</field>
    <object name="ResList">
      <field name="TypeId" type="Hash32">3AE88EFD</field>
      <field name="ResIds" type="BinHex">01000000D21A0679CE9783DC</field>
    </object>
    <object name="ResList">
      <field name="TypeId" type="Hash32">63F450D8</field>
      <field name="ResIds" type="BinHex">05000000E06A21CB9CD30A21521B56CC9C599689521BE6CD9C59968956CBF3C99C5996D356CBE3CD9C5996D3</field>
    </object>
    <object name="ResList">
      <field name="TypeId" type="Hash32">86E8E8BE</field>
      <field name="ResIds" type="BinHex">0200000021E640B64FA238AAD21A0679CEBC1FCE</field>
    </object>
  </object>
</object>