﻿<?xml version="1.0" encoding="utf-8"?>
<object name="EntityPrototype" def="ark">
  <field name="disLibItemId" type="Id64">126239232546059340</field>
  <field name="text_hidArchetypeResId" type="String">entityarchetypeslibrary\126239232546059340.ark.fcb</field>
  <field name="hidArchetypeResId" type="Hash64">EFFF2B31E56C562B</field>
  <field name="Name" type="String">prefabs/FCC_IGE_Prefabs/Gameplay/Wind Geyser 30m/WindGeyser_SoundPoint_53</field>
  <field name="ArchetypeName" type="String">ige_archetypes:prefabs/fcc_ige_prefabs/gameplay/wind geyser 30m/windgeyser_soundpoint_53</field>
  <object name="Entity">
    <field name="hidName" type="String">ige_archetypes:prefabs/FCC_IGE_Prefabs/Gameplay/Wind Geyser 30m/WindGeyser_SoundPoint_53</field>
    <field name="text_hidEntityClass" type="String">CEntity</field>
    <field name="hidEntityClass" type="Hash32">50C95067</field>
    <field name="hidResourceCount" type="Int32">2</field>
    <field name="hidConstEntity" type="Boolean">False</field>
    <field name="text_hidArchetypeResId" type="String">entityarchetypeslibrary\126239232546059340.ark.fcb</field>
    <field name="hidArchetypeResId" type="Hash64">EFFF2B31E56C562B</field>
    <object name="Components">
      <object name="CSoundComponent">
        <field name="hidHasAliasName" type="Boolean">False</field>
        <field name="sndptSoundPoint" type="Hash64">000000000026C221</field>
        <field name="bStopSoundOnStateChange" type="Boolean">False</field>
        <field name="bAlwaysUpdate" type="Boolean">False</field>
      </object>
    </object>
  </object>
  <object name="ResPack">
    <field name="Count" type="BinHex">02000000</field>
    <object name="ResList">
      <field name="TypeId" type="Hash32">63F450D8</field>
      <field name="ResIds" type="BinHex">02000000F1A920CC9C598297F1A9F0CE9C598297</field>
    </object>
  </object>
</object>