﻿<?xml version="1.0" encoding="utf-8"?>
<object name="EntityPrototype" def="ark">
  <field name="disLibItemId" type="Id64">126239224875705784</field>
  <field name="text_hidArchetypeResId" type="String">entityarchetypeslibrary\126239224875705784.ark.fcb</field>
  <field name="hidArchetypeResId" type="Hash64">5F1DF8D1AD3B8EE7</field>
  <field name="Name" type="String">groups/groups/Trad_Large_House_4/Trad_BuildingLarge_Ext_04_0</field>
  <field name="ArchetypeName" type="String">ige_archetypes:groups/groups/trad_large_house_4/trad_buildinglarge_ext_04_0</field>
  <object name="Entity">
    <field name="hidName" type="String">ige_archetypes:groups/groups/Trad_Large_House_4/Trad_BuildingLarge_Ext_04_0</field>
    <field name="text_hidEntityClass" type="String">CEntity</field>
    <field name="hidEntityClass" type="Hash32">50C95067</field>
    <field name="hidResourceCount" type="Int32">2</field>
    <field name="hidConstEntity" type="Boolean">False</field>
    <field name="text_hidArchetypeResId" type="String">entityarchetypeslibrary\126239224875705784.ark.fcb</field>
    <field name="hidArchetypeResId" type="Hash64">5F1DF8D1AD3B8EE7</field>
    <object name="Components">
      <object name="CFileDescriptorComponent">
        <field name="hidHasAliasName" type="Boolean">False</field>
        <field name="text_fileName" type="String">graphics\_singleplayer\buildings\traditional\trad_buildinglarge_ext_04.xml</field>
        <field name="fileName" type="Hash64">3674DACEE02A0FDD</field>
        <field name="hidDescriptor" type="Rml">
          <rml>
            <hidDescriptor>
              <component class="GraphicComponent" version="2" detail="0">
                <object index="0" boneName="Trad_BuildingLarge_Ext_04_LOD0" bboxMin="-3.85478,-8.73701,-1.00046" bboxMax="6.28597,6.3204,3.68191" />
                <resource fileName="graphics\_SinglePlayer\Buildings\Traditional\Trad_BuildingLarge_Ext_04.xbg" bboxMin="-3.85478,-8.73701,-1.00046" bboxMax="6.28597,6.3204,3.68191" />
                <skeleton_reference_list>
                  <skeleton name="Trad_BuildingLarge_Ext_04" index="0" pos="0,0,0" rot="1,-0,-0,-0" />
                </skeleton_reference_list>
                <material_reference_list>
                  <material name="Sim_StuccoGround_01" shader_name="Simple" ref_shader_id="arodrigue2-M-20140403145958" hd="0" />
                  <material name="Sim_RooftilesSlate_01" shader_name="Simple" ref_shader_id="yallaire-M-20130423140801" hd="0" />
                  <material name="VC_GenericVertexColor" shader_name="VertexColor" ref_shader_id="lliu-M-20140707104816" hd="0" />
                  <material name="FcG_StuccoGround_01" shader_name="Generic_FC3" ref_shader_id="ipapismado-M-20130603162502" hd="0" />
                  <material name="FcG_WoodPainted_Blue" shader_name="Generic_FC3" ref_shader_id="ipapismado-M-20130510113257" hd="0" />
                </material_reference_list>
              </component>
              <component class="InteriorVolumeComponent" version="1" detail="0" />
              <component class="StaticPhysComponent">
                <resource fileName="graphics\_SinglePlayer\Buildings\Traditional\Trad_BuildingLarge_Ext_04.hkx" />
              </component>
            </hidDescriptor>
          </rml>
        </field>
      </object>
      <object name="CObjectIgnitorCreatorComponent">
        <field name="hidHasAliasName" type="Boolean">False</field>
      </object>
      <object name="CGraphicComponent">
        <field name="hidHasAliasName" type="Boolean">True</field>
        <field name="hidComponentClassName" type="String">CStaticGraphicComponent</field>
        <field name="bCastShadow" type="Boolean">True</field>
        <field name="bReceiveShadow" type="Boolean">True</field>
        <field name="bCastAmbientShadow" type="Boolean">True</field>
        <field name="olgLightGroup" type="Int32">129</field>
        <field name="bShowInReflection" type="Boolean">True</field>
        <field name="bAlwaysShowInReflection" type="Boolean">False</field>
        <field name="bHighLight" type="Boolean">False</field>
        <field name="bLodDitheringEnable" type="Boolean">True</field>
        <field name="matIntuitionMaterialName" type="String"></field>
        <field name="bShowThroughWithFlashing" type="Boolean">False</field>
        <field name="bBackDrop" type="Boolean">False</field>
        <field name="bDisableMip0ResourceLoading" type="BinHex">00</field>
        <field hash="F41DCC4F" type="BinHex">0000000000000000</field>
        <field name="hidIndex" type="Int32">0</field>
        <field name="text_fileModel" type="String">graphics\_singleplayer\buildings\traditional\trad_buildinglarge_ext_04.xbg</field>
        <field name="fileModel" type="Hash64">392D4ACEE02A0FDD</field>
        <field name="hidMeshName" type="String"></field>
        <field name="hidScale" type="Vector3">1,1,1</field>
        <object name="MaterialLightSwitch">
          <field name="hidSharedDataHandlerHash" type="Hash64">BE6F3CBF1290539B</field>
          <object name="MaterialSlots">
            <object name="Material">
              <field name="text_disSlotPathId" type="String">graphics\_materials\yallaire-m-20130423140801.material.bin</field>
              <field name="disSlotPathId" type="Hash64">4A850EB3760D58CE</field>
              <field name="text_matMaterial" type="String"></field>
              <field name="matMaterial" type="Hash64">FFFFFFFFFFFFFFFF</field>
              <field name="disHD" type="BinHex">00</field>
            </object>
            <object name="Material">
              <field name="text_disSlotPathId" type="String">graphics\_materials\lliu-m-20140707104816.material.bin</field>
              <field name="disSlotPathId" type="Hash64">4F0CB223BC8CE67F</field>
              <field name="text_matMaterial" type="String"></field>
              <field name="matMaterial" type="Hash64">FFFFFFFFFFFFFFFF</field>
              <field name="disHD" type="BinHex">00</field>
            </object>
            <object name="Material">
              <field name="text_disSlotPathId" type="String">graphics\_materials\ipapismado-m-20130603162502.material.bin</field>
              <field name="disSlotPathId" type="Hash64">7AC1AF8E2DC3A30C</field>
              <field name="text_matMaterial" type="String"></field>
              <field name="matMaterial" type="Hash64">FFFFFFFFFFFFFFFF</field>
              <field name="disHD" type="BinHex">00</field>
            </object>
            <object name="Material">
              <field name="text_disSlotPathId" type="String">graphics\_materials\ipapismado-m-20130510113257.material.bin</field>
              <field name="disSlotPathId" type="Hash64">DB4FDFDC418EEBCB</field>
              <field name="text_matMaterial" type="String"></field>
              <field name="matMaterial" type="Hash64">FFFFFFFFFFFFFFFF</field>
              <field name="disHD" type="BinHex">00</field>
            </object>
            <object name="Material">
              <field name="text_disSlotPathId" type="String">graphics\_materials\arodrigue2-m-20140403145958.material.bin</field>
              <field name="disSlotPathId" type="Hash64">EA0E8AE48E6CDB72</field>
              <field name="text_matMaterial" type="String"></field>
              <field name="matMaterial" type="Hash64">FFFFFFFFFFFFFFFF</field>
              <field name="disHD" type="BinHex">00</field>
            </object>
          </object>
        </object>
        <object name="MaterialOverrides">
          <field name="hidSharedDataHandlerHash" type="Hash64">876F7A6185BC4E8A</field>
          <object name="MaterialSlots">
            <object name="Material">
              <field name="text_disSlotPathId" type="String">graphics\_materials\yallaire-m-20130423140801.material.bin</field>
              <field name="disSlotPathId" type="Hash64">4A850EB3760D58CE</field>
              <field name="text_matMaterial" type="String"></field>
              <field name="matMaterial" type="Hash64">FFFFFFFFFFFFFFFF</field>
              <field name="disHD" type="BinHex">00</field>
            </object>
            <object name="Material">
              <field name="text_disSlotPathId" type="String">graphics\_materials\lliu-m-20140707104816.material.bin</field>
              <field name="disSlotPathId" type="Hash64">4F0CB223BC8CE67F</field>
              <field name="text_matMaterial" type="String"></field>
              <field name="matMaterial" type="Hash64">FFFFFFFFFFFFFFFF</field>
              <field name="disHD" type="BinHex">00</field>
            </object>
            <object name="Material">
              <field name="text_disSlotPathId" type="String">graphics\_materials\ipapismado-m-20130603162502.material.bin</field>
              <field name="disSlotPathId" type="Hash64">7AC1AF8E2DC3A30C</field>
              <field name="text_matMaterial" type="String"></field>
              <field name="matMaterial" type="Hash64">FFFFFFFFFFFFFFFF</field>
              <field name="disHD" type="BinHex">00</field>
            </object>
            <object name="Material">
              <field name="text_disSlotPathId" type="String">graphics\_materials\ipapismado-m-20130510113257.material.bin</field>
              <field name="disSlotPathId" type="Hash64">DB4FDFDC418EEBCB</field>
              <field name="text_matMaterial" type="String"></field>
              <field name="matMaterial" type="Hash64">FFFFFFFFFFFFFFFF</field>
              <field name="disHD" type="BinHex">00</field>
            </object>
            <object name="Material">
              <field name="text_disSlotPathId" type="String">graphics\_materials\arodrigue2-m-20140403145958.material.bin</field>
              <field name="disSlotPathId" type="Hash64">EA0E8AE48E6CDB72</field>
              <field name="text_matMaterial" type="String"></field>
              <field name="matMaterial" type="Hash64">FFFFFFFFFFFFFFFF</field>
              <field name="disHD" type="BinHex">00</field>
            </object>
          </object>
        </object>
        <object name="hidModelLODs" />
        <object name="hidModelDistancesLODs" />
      </object>
      <object name="CStaticPhysComponent">
        <field name="hidHasAliasName" type="Boolean">False</field>
        <field name="text_hidResourceId" type="String">graphics\_singleplayer\buildings\traditional\trad_buildinglarge_ext_04.hkx</field>
        <field name="hidResourceId" type="Hash64">2BB161CEE02A0FDD</field>
        <field hash="C784A41F" type="BinHex">01</field>
        <field name="bUseMaxTerrainSlope" type="Boolean">False</field>
        <field name="bIgnoreInExplosions" type="Boolean">False</field>
        <field name="selOverrideSlideAngle" type="BinHex">00000000</field>
        <field name="bAnimateable" type="Boolean">False</field>
        <field hash="AAFA0C31" type="BinHex">00</field>
        <field hash="BF1EB181" type="BinHex">00</field>
        <field name="bIgnoreBreakableEventsForEver" type="BinHex">00</field>
        <field name="bIgnoreBreakableEventsTemporarily" type="BinHex">00</field>
        <field name="bImmuneToDamage" type="BinHex">00</field>
        <field name="bNoCollision" type="BinHex">00</field>
        <field name="bLargeEntity" type="Boolean">False</field>
        <field name="hidResourceIndex" type="Int32">0</field>
        <field name="bEncounterTeleportToGroundOnCreate" type="BinHex">00</field>
        <field name="bNoDecals" type="BinHex">00</field>
        <field name="bPatchNavmesh" type="BinHex">00</field>
        <field name="bAffectNavMesh" type="Boolean">True</field>
        <object name="LogicMaterialOverrides" />
        <object name="hidTheSharedMap">
          <field name="hidSharedDataHandlerHash" type="Hash64">86B8C40898DE0042</field>
        </object>
      </object>
      <object name="CCoverComponent">
        <field name="hidHasAliasName" type="Boolean">False</field>
        <object name="Covers">
          <object name="Cover">
            <field name="bUseMetadataOnEmptyInstance" type="BinHex">01</field>
            <field name="bIsFPCover" type="BinHex">01</field>
            <field name="hidTransform" type="BinHex">0000803F000000000000000000000000000000000000803F000000000000000000000000000000000000803F000000000000000000000000000000000000803F</field>
            <field name="selCoverObjectType" type="BinHex">00000000</field>
            <object name="hidCoverInformation">
              <object name="hidState">
                <object name="hidCover">
                  <field name="State" type="BinHex">FFFFFFFF</field>
                  <object name="CoverPoints" />
                  <object name="CoverLinks" />
                  <object name="CoverAnchors" />
                </object>
              </object>
            </object>
          </object>
        </object>
      </object>
      <object hash="0C5A5F7D">
        <field name="hidHasAliasName" type="Boolean">False</field>
        <object hash="D89DA0E2">
          <field name="sndvarMIMUHBRes" type="BinHex">01000000</field>
          <field hash="EB9B8FFE" type="BinHex">00000000</field>
          <field name="MaterialId" type="BinHex">00000000</field>
          <field name="RulesBus" type="BinHex">00000000</field>
        </object>
      </object>
      <object name="CInteriorVolumeComponent">
        <field name="hidHasAliasName" type="Boolean">False</field>
        <field name="text_fileModel" type="String"></field>
        <field name="fileModel" type="Hash64">FFFFFFFFFFFFFFFF</field>
        <field name="intambientInteriorAmbient" type="Id64">4294967295</field>
        <field name="bEnabled" type="Boolean">True</field>
        <field name="Priority" type="UInt32">0</field>
      </object>
      <object name="CMinimapComponent">
        <field name="hidHasAliasName" type="Boolean">False</field>
        <field name="minimapobjectinfoObjectInfo" type="BinHex">FFFFFFFF00000000</field>
      </object>
      <object name="CClimbableComponent">
        <field name="hidHasAliasName" type="Boolean">False</field>
        <field name="hidInjected" type="Boolean">True</field>
        <field name="bCanClimbFromWater" type="BinHex">01</field>
        <field name="bCanClimbFromLand" type="BinHex">01</field>
        <object name="Lines">
          <object name="Lines">
            <field name="disVectorLineStart" type="Vector3">0,0,0</field>
            <field name="disVectorLineEnd" type="Vector3">0,0,0</field>
            <field name="disVectorAnchor" type="Vector3">0,0,0</field>
          </object>
        </object>
      </object>
      <object name="CNavLinkComponent">
        <field name="hidHasAliasName" type="Boolean">False</field>
        <field name="hidInjected" type="Boolean">True</field>
        <field name="bValid" type="BinHex">01</field>
        <field name="bActivated" type="BinHex">01</field>
        <field name="bCanUseFirstEntry" type="BinHex">01</field>
        <field name="bCanUseSecondEntry" type="BinHex">01</field>
        <field name="selNavMeshLayer" type="BinHex">00000000</field>
      </object>
    </object>
  </object>
  <object name="ResPack">
    <field name="Count" type="BinHex">02000000</field>
    <object name="ResList">
      <field name="TypeId" type="Hash32">3AE88EFD</field>
      <field name="ResIds" type="BinHex">01000000DD0F2AE0CE61B12B</field>
    </object>
    <object name="ResList">
      <field name="TypeId" type="Hash32">86E8E8BE</field>
      <field name="ResIds" type="BinHex">01000000DD0F2AE0CE4A2D39</field>
    </object>
  </object>
</object>