﻿<?xml version="1.0" encoding="utf-8"?>
<object name="EntityPrototype" def="ark">
  <field name="disLibItemId" type="Id64">126239199627750814</field>
  <field name="text_hidArchetypeResId" type="String">entityarchetypeslibrary\126239199627750814.ark.fcb</field>
  <field name="hidArchetypeResId" type="Hash64">23AE58A285FA8C69</field>
  <field name="Name" type="String">prefabs/FCC_IGE_Prefabs/Ziplines/Zipline_32X24/Ziplines/ZiplineAnchorSmall_23</field>
  <field name="ArchetypeName" type="String">ige_archetypes:prefabs/fcc_ige_prefabs/ziplines/zipline_32x24/ziplines/ziplineanchorsmall_23</field>
  <object name="Entity">
    <field name="hidName" type="String">ige_archetypes:prefabs/FCC_IGE_Prefabs/Ziplines/Zipline_32X24/Ziplines/ZiplineAnchorSmall_23</field>
    <field name="text_hidEntityClass" type="String">CEntity</field>
    <field name="hidEntityClass" type="Hash32">50C95067</field>
    <field name="hidResourceCount" type="Int32">9</field>
    <field name="hidConstEntity" type="Boolean">False</field>
    <field name="text_hidArchetypeResId" type="String">entityarchetypeslibrary\126239199627750814.ark.fcb</field>
    <field name="hidArchetypeResId" type="Hash64">23AE58A285FA8C69</field>
    <object name="Components">
      <object name="CZiplineComponent">
        <field name="hidHasAliasName" type="Boolean">False</field>
        <field name="bIsEntryPoint" type="BinHex">01</field>
        <field name="AssociatedZiplineAnchor" type="BinHex">A966140000000000</field>
        <field name="arkHook" type="BinHex">8EE70A2DE7060000</field>
        <field name="text_sAnimationPackage" type="String">zipline</field>
        <field name="sAnimationPackage" type="Hash64">5D22766101567FE0</field>
        <object name="Rope">
          <field name="fTensionInRope" type="Float32">-1</field>
          <field name="fRopeFrictionMax" type="Float32">15</field>
          <field name="vectorRopeOffset" type="BinHex">0000000000000000CDCC4C3D</field>
          <field name="text_matMaterial" type="String">graphics\_materials\sdore2-m-2010083073640719.material.bin</field>
          <field name="matMaterial" type="Hash64">553DCAB48388A76C</field>
          <field name="fLengthOfDeadRopeAtEnd" type="Float32">0</field>
          <field name="fLengthOfDeadRopeAtStart" type="Float32">0</field>
          <field name="bUseGetOutOverride" type="BinHex">00</field>
          <field name="fGetOutOverrideRopeLength" type="Float32">15</field>
          <object name="GetOutPoints">
            <object name="GetOutPoint">
              <field name="Info" type="BinHex">537461727400</field>
              <field name="fRopePercent" type="Float32">0</field>
              <field name="bEnabled" type="Boolean">True</field>
            </object>
            <object name="GetOutPoint">
              <field name="Info" type="BinHex">456E6400</field>
              <field name="fRopePercent" type="Float32">1</field>
              <field name="bEnabled" type="Boolean">True</field>
            </object>
            <object name="GetOutPoint">
              <field name="Info" type="BinHex">00</field>
              <field name="fRopePercent" type="Float32">0</field>
              <field name="bEnabled" type="Boolean">True</field>
            </object>
          </object>
        </object>
        <object name="Sounds">
          <field name="sndGetIn" type="String">0xFFFFFFFF</field>
          <field name="sndGetOut" type="String">0xFFFFFFFF</field>
          <field name="sndOnZipline" type="String">0x00026194</field>
          <field name="sndStopOnZipline" type="String">0x00026186</field>
          <field name="sndOnZipline3P" type="String">0x0009AC95</field>
          <field name="sndStopOnZipline3P" type="String">0x0009AC9C</field>
          <field name="sndtpSoundType" type="Int32">13</field>
          <field name="sndmlSpeedMultilayer" type="BinHex">B5610200</field>
        </object>
      </object>
      <object name="CTaggableComponent">
        <field name="hidHasAliasName" type="Boolean">False</field>
        <field name="fIdentificationRadiusModifier" type="Float32">1</field>
        <field name="bEnable" type="Boolean">True</field>
        <field name="bDisableTaggingByCameraAndIronsight" type="Boolean">False</field>
        <field name="fTagExpireTime" type="Float32">7</field>
        <field name="fHighlightFadeOutTime" type="Float32">2</field>
        <field name="selTagType" type="Enum">0</field>
        <object name="TagIndicator">
          <field name="bDisplayTagIndicator" type="BinHex">01</field>
          <field name="bSizeDependsOnDistance" type="Boolean">False</field>
          <field name="text_sTexturePath" type="String"></field>
          <field name="sTexturePath" type="Hash64">FFFFFFFFFFFFFFFF</field>
          <field name="text_sAggressiveTexturePath" type="String"></field>
          <field name="sAggressiveTexturePath" type="Hash64">FFFFFFFFFFFFFFFF</field>
          <field name="text_sCharmedTexturePath" type="String"></field>
          <field name="sCharmedTexturePath" type="Hash64">FFFFFFFFFFFFFFFF</field>
          <field name="text_sInsaneTexturePath" type="String"></field>
          <field name="sInsaneTexturePath" type="Hash64">FFFFFFFFFFFFFFFF</field>
          <field name="text_sCompanionTexturePath" type="String"></field>
          <field name="sCompanionTexturePath" type="Hash64">FFFFFFFFFFFFFFFF</field>
          <field name="fScaleX" type="Float32">0.04</field>
          <field name="fScaleY" type="Float32">0.04</field>
          <field name="fVerticalOffset" type="Float32">0.5</field>
          <field name="sMinimapFrameLabel" type="String"></field>
          <field name="fAutoTagDistance" type="Float32">50</field>
          <field name="fFadingTime" type="Float32">0</field>
        </object>
      </object>
      <object name="CObjectSoundAndFXComponent">
        <field name="hidHasAliasName" type="Boolean">False</field>
        <object name="Impact">
          <field name="matimpDropImpact" type="BinHex">FFFFFFFF00000000</field>
          <field name="fSpeedForMaxDropImpactVolume" type="Float32">0</field>
          <field name="fMinimalCollisionSpeed" type="Float32">1</field>
          <field name="bIsSingleDropImpactObject" type="Boolean">False</field>
          <object name="MovementSound">
            <field name="sndRollingSound" type="String">0xFFFFFFFF</field>
            <field name="sndRollingSoundEnd" type="String">0xFFFFFFFF</field>
            <field name="sndtpRollingSoundType" type="Int32">-1</field>
            <field name="sndSlidingSound" type="String">0xFFFFFFFF</field>
            <field name="sndSlidingSoundEnd" type="String">0xFFFFFFFF</field>
            <field name="sndtpSlidingSoundType" type="Int32">-1</field>
            <field name="sndmlObjectMovementMultilayer" type="BinHex">FFFFFFFF</field>
          </object>
        </object>
        <object name="Falling">
          <field name="bAllowAfterCollision" type="Boolean">False</field>
          <field name="sndFallingSound" type="String">0xFFFFFFFF</field>
          <field name="sndtpFallingType" type="Int32">-1</field>
          <field name="fSpeedToPlayFallingSound" type="Float32">0</field>
          <field name="FallingSoundTimeTrigger" type="BinHex">00000000</field>
        </object>
        <object name="Water">
          <field name="fZMinSpeedToTriggerSplash" type="Float32">1</field>
          <field name="fZMaxSpeedToTriggerSplash" type="Float32">5</field>
          <field name="fZMinSplashScale" type="Float32">1</field>
          <field name="fZMaxSplashScale" type="Float32">1.2</field>
          <field name="fZSpeedForMaxSplashVolume" type="Float32">0</field>
        </object>
        <object name="WaterWave">
          <field name="zSpeedToTriggerWaterWave" type="Float32">1</field>
          <field name="zMaxSpeedToTriggerWaterWave" type="Float32">5</field>
          <field name="minWaterWavePressure" type="Float32">0.2</field>
          <field name="maxWaterWavePressure" type="Float32">1</field>
          <field name="minWaterWaveSpeed" type="Float32">1</field>
          <field name="maxWaterWaveSpeed" type="Float32">1.5</field>
          <field name="minWaterWaveWaveLength" type="Float32">0.2</field>
          <field name="maxWaterWaveWaveLength" type="Float32">0.4</field>
          <field name="minWaterWaveDuration" type="Float32">0.5</field>
          <field name="maxWaterWaveDuration" type="Float32">1.5</field>
          <field name="minWaterWaveStartTime" type="Float32">0</field>
          <field name="maxWaterWaveStartTime" type="Float32">0.2</field>
          <field name="minWaterWaveTimeExponent" type="Float32">1</field>
          <field name="maxWaterWaveTimeExponent" type="Float32">1</field>
        </object>
      </object>
      <object name="COcclusionQueryComponent">
        <field name="hidHasAliasName" type="Boolean">False</field>
        <field name="bComponentEnabled" type="Boolean">False</field>
      </object>
      <object name="CFileDescriptorComponent">
        <field name="hidHasAliasName" type="Boolean">False</field>
        <field name="text_fileName" type="String">graphics\_singleplayer\props\equipment\zipline_base_small_01.xml</field>
        <field name="fileName" type="Hash64">92BCFC973DD78F89</field>
        <field name="hidDescriptor" type="Rml">
          <rml>
            <hidDescriptor>
              <component class="GraphicComponent" version="2" detail="0">
                <object index="0" boneName="ZipLine_Base_Small_01_LOD0" bboxMin="-0.0594926,-0.073712,-1.41907" bboxMax="0.0688957,0.0728347,0.0552921" />
                <resource fileName="graphics\_SinglePlayer\Props\Equipment\ZipLine_Base_Small_01.xbg" bboxMin="-0.0594926,-0.073712,-1.41907" bboxMax="0.0688957,0.0728347,0.0552921" />
                <skeleton_reference_list>
                  <skeleton name="ZipLine_Base_Small_01" index="0" pos="0,0,0" rot="1,-0,-0,-0" />
                </skeleton_reference_list>
                <material_reference_list>
                  <material name="ZipLineBase" shader_name="Generic_FC3" ref_shader_id="sbeaulieu-M-2011110859869168" />
                  <material name="ZipLineBase_Cable_01" shader_name="Generic_FC3" ref_shader_id="mgirard3-M-20140418162114" />
                  <material name="ZipLineBase_yellowStripes_01" shader_name="Generic_FC3" ref_shader_id="mgirard3-M-20140515131145" />
                </material_reference_list>
              </component>
              <component class="InteriorVolumeComponent" version="1" detail="0" />
              <component class="StaticPhysComponent">
                <resource fileName="graphics\_SinglePlayer\Props\Equipment\ZipLine_Base_Small_01.hkx" />
              </component>
            </hidDescriptor>
          </rml>
        </field>
      </object>
      <object name="CGraphicComponent">
        <field name="hidHasAliasName" type="Boolean">False</field>
        <field name="bCastShadow" type="Boolean">True</field>
        <field name="bReceiveShadow" type="Boolean">True</field>
        <field name="bCastAmbientShadow" type="Boolean">True</field>
        <field name="olgLightGroup" type="Int32">129</field>
        <field name="bShowInReflection" type="Boolean">False</field>
        <field name="bAlwaysShowInReflection" type="Boolean">False</field>
        <field name="bHighLight" type="Boolean">False</field>
        <field name="bLodDitheringEnable" type="Boolean">True</field>
        <field name="matIntuitionMaterialName" type="String"></field>
        <field name="bShowThroughWithFlashing" type="Boolean">False</field>
        <field name="bBackDrop" type="Boolean">False</field>
        <field name="bDisableMip0ResourceLoading" type="BinHex">00</field>
        <field hash="F41DCC4F" type="BinHex">0000000000000000</field>
        <field name="bAllowCullBySize" type="Boolean">True</field>
        <field name="bMotionBlurExclusion" type="Boolean">False</field>
        <field name="text_currentSkin" type="String"></field>
        <field name="currentSkin" type="Hash32">FFFFFFFF</field>
        <field name="bUseCurrentSkin" type="Boolean">False</field>
        <object name="MaterialLightSwitch">
          <field name="hidSharedDataHandlerHash" type="Hash64">777F24DAF142F8FD</field>
          <object name="MaterialSlots">
            <object name="Material">
              <field name="text_disSlotPathId" type="String">graphics\_materials\sbeaulieu-m-2011110859869168.material.bin</field>
              <field name="disSlotPathId" type="Hash64">B7462DFD9CBC3D3E</field>
              <field name="text_matMaterial" type="String"></field>
              <field name="matMaterial" type="Hash64">FFFFFFFFFFFFFFFF</field>
              <field name="disHD" type="BinHex">00</field>
            </object>
            <object name="Material">
              <field name="text_disSlotPathId" type="String">graphics\_materials\mgirard3-m-20140515131145.material.bin</field>
              <field name="disSlotPathId" type="Hash64">C99C9DA38CF263B7</field>
              <field name="text_matMaterial" type="String"></field>
              <field name="matMaterial" type="Hash64">FFFFFFFFFFFFFFFF</field>
              <field name="disHD" type="BinHex">00</field>
            </object>
            <object name="Material">
              <field name="text_disSlotPathId" type="String">graphics\_materials\mgirard3-m-20140418162114.material.bin</field>
              <field name="disSlotPathId" type="Hash64">CBF7BB1BE1C2F996</field>
              <field name="text_matMaterial" type="String"></field>
              <field name="matMaterial" type="Hash64">FFFFFFFFFFFFFFFF</field>
              <field name="disHD" type="BinHex">00</field>
            </object>
          </object>
        </object>
        <object name="MaterialOverrides">
          <field name="hidSharedDataHandlerHash" type="Hash64">D91C823C523E7B22</field>
          <object name="MaterialSlots">
            <object name="Material">
              <field name="text_disSlotPathId" type="String">graphics\_materials\sbeaulieu-m-2011110859869168.material.bin</field>
              <field name="disSlotPathId" type="Hash64">B7462DFD9CBC3D3E</field>
              <field name="text_matMaterial" type="String"></field>
              <field name="matMaterial" type="Hash64">FFFFFFFFFFFFFFFF</field>
              <field name="disHD" type="BinHex">00</field>
            </object>
            <object name="Material">
              <field name="text_disSlotPathId" type="String">graphics\_materials\mgirard3-m-20140515131145.material.bin</field>
              <field name="disSlotPathId" type="Hash64">C99C9DA38CF263B7</field>
              <field name="text_matMaterial" type="String"></field>
              <field name="matMaterial" type="Hash64">FFFFFFFFFFFFFFFF</field>
              <field name="disHD" type="BinHex">00</field>
            </object>
            <object name="Material">
              <field name="text_disSlotPathId" type="String">graphics\_materials\mgirard3-m-20140418162114.material.bin</field>
              <field name="disSlotPathId" type="Hash64">CBF7BB1BE1C2F996</field>
              <field name="text_matMaterial" type="String"></field>
              <field name="matMaterial" type="Hash64">FFFFFFFFFFFFFFFF</field>
              <field name="disHD" type="BinHex">00</field>
            </object>
          </object>
        </object>
        <object name="SkinList">
          <object name="Skin">
            <field name="text_name" type="String"></field>
            <field name="name" type="Hash32">FFFFFFFF</field>
            <field name="locSkinNameId" type="Int32">-1</field>
            <field name="bIsExcludedFromRandomSkin" type="Boolean">False</field>
            <object name="MaterialOverrides">
              <field name="hidSharedDataHandlerHash" type="Hash64">1A9641302CFD8B37</field>
              <object name="MaterialSlots" />
            </object>
          </object>
        </object>
        <object name="object">
          <field name="hidIndex" type="Int32">0</field>
          <field name="text_fileModel" type="String">graphics\_singleplayer\props\equipment\zipline_base_small_01.xbg</field>
          <field name="fileModel" type="Hash64">9DE56C973DD78F89</field>
          <field name="hidMeshName" type="String"></field>
          <field name="text_hidNodeName" type="String">ZipLine_Base_Small_01</field>
          <field name="hidNodeName" type="Hash32">986AF27E</field>
          <field name="text_hidNodeNameLOD0" type="String">ZipLine_Base_Small_01_LOD0</field>
          <field name="hidNodeNameLOD0" type="Hash32">F2FCF6B4</field>
          <field name="hidDetailObject" type="Boolean">False</field>
        </object>
        <object name="object">
          <field name="hidIndex" type="Int32">1</field>
          <field name="text_fileModel" type="String"></field>
          <field name="fileModel" type="Hash64">FFFFFFFFFFFFFFFF</field>
          <field name="hidMeshName" type="String"></field>
          <field name="text_hidNodeName" type="String"></field>
          <field name="hidNodeName" type="Hash32">FFFFFFFF</field>
          <field name="text_hidNodeNameLOD0" type="String"></field>
          <field name="hidNodeNameLOD0" type="Hash32">FFFFFFFF</field>
          <field name="hidDetailObject" type="Boolean">False</field>
        </object>
        <object name="hidSharedDescriptors">
          <field name="hidSharedDataHandlerHash" type="Hash64">5670B27231065B31</field>
        </object>
      </object>
      <object name="CStaticPhysComponent">
        <field name="hidHasAliasName" type="Boolean">False</field>
        <field name="text_hidResourceId" type="String">graphics\_singleplayer\props\equipment\zipline_base_small_01.hkx</field>
        <field name="hidResourceId" type="Hash64">8F7947973DD78F89</field>
        <field hash="C784A41F" type="BinHex">01</field>
        <field name="bUseMaxTerrainSlope" type="Boolean">False</field>
        <field name="bIgnoreInExplosions" type="Boolean">False</field>
        <field name="selOverrideSlideAngle" type="BinHex">00000000</field>
        <field name="bAnimateable" type="Boolean">False</field>
        <field hash="AAFA0C31" type="BinHex">00</field>
        <field hash="BF1EB181" type="BinHex">00</field>
        <field name="bIgnoreBreakableEventsForEver" type="BinHex">00</field>
        <field name="bIgnoreBreakableEventsTemporarily" type="BinHex">00</field>
        <field name="bImmuneToDamage" type="BinHex">00</field>
        <field name="bNoCollision" type="BinHex">00</field>
        <field name="bLargeEntity" type="Boolean">False</field>
        <field name="hidResourceIndex" type="Int32">0</field>
        <field name="bEncounterTeleportToGroundOnCreate" type="BinHex">00</field>
        <field name="bNoDecals" type="BinHex">00</field>
        <field name="bPatchNavmesh" type="BinHex">00</field>
        <field name="bAffectNavMesh" type="Boolean">True</field>
        <object name="LogicMaterialOverrides" />
        <object name="hidTheSharedMap">
          <field name="hidSharedDataHandlerHash" type="Hash64">86B8C40898DE0042</field>
        </object>
      </object>
      <object name="CNavLinkComponent">
        <field name="hidHasAliasName" type="Boolean">False</field>
        <field name="hidInjected" type="Boolean">True</field>
        <field name="bValid" type="BinHex">01</field>
        <field name="bActivated" type="BinHex">01</field>
        <field name="bCanUseFirstEntry" type="BinHex">01</field>
        <field name="bCanUseSecondEntry" type="BinHex">01</field>
        <field name="selNavMeshLayer" type="BinHex">00000000</field>
      </object>
    </object>
  </object>
  <object name="ResPack">
    <field name="Count" type="BinHex">09000000</field>
    <object name="ResList">
      <field name="TypeId" type="Hash32">3AE88EFD</field>
      <field name="ResIds" type="BinHex">01000000898FD73D9747798F</field>
    </object>
    <object name="ResList">
      <field name="TypeId" type="Hash32">63F450D8</field>
      <field name="ResIds" type="BinHex">06000000E47AF5C99CD3943DE47AE5CD9CD3943D428F9FBA9CD373C1428F3FC89CD373C151FB8FC99CD394D3514BEECA9CD394D3</field>
    </object>
    <object name="ResList">
      <field name="TypeId" type="Hash32">86E8E8BE</field>
      <field name="ResIds" type="BinHex">01000000898FD73D976CE59D</field>
    </object>
    <object name="ResList">
      <field name="TypeId" type="Hash32">BC825377</field>
      <field name="ResIds" type="BinHex">010000006CA78883B4CA3D55</field>
    </object>
  </object>
</object>