﻿<?xml version="1.0" encoding="utf-8"?>
<object name="EntityPrototype" def="ark">
  <field name="disLibItemId" type="Id64">1306182334879872573</field>
  <field name="text_hidArchetypeResId" type="String">entityarchetypeslibrary\1306182334879872573.ark.fcb</field>
  <field name="hidArchetypeResId" type="Hash64">0F137EC4E23BEF4E</field>
  <field name="Name" type="String">groups/groups/MediumHomeSetup/RockSmall_10_42</field>
  <field name="ArchetypeName" type="String">ige_archetypes:groups/groups/mediumhomesetup/rocksmall_10_42</field>
  <object name="Entity">
    <field name="hidName" type="String">ige_archetypes:groups/groups/MediumHomeSetup/RockSmall_10_42</field>
    <field name="text_hidEntityClass" type="String">CEntity</field>
    <field name="hidEntityClass" type="Hash32">50C95067</field>
    <field name="hidResourceCount" type="Int32">1</field>
    <field name="hidConstEntity" type="Boolean">False</field>
    <field name="text_hidArchetypeResId" type="String">entityarchetypeslibrary\1306182334879872573.ark.fcb</field>
    <field name="hidArchetypeResId" type="Hash64">0F137EC4E23BEF4E</field>
    <object name="Components">
      <object name="CFileDescriptorComponent">
        <field name="hidHasAliasName" type="Boolean">False</field>
        <field name="text_fileName" type="String">graphics\_common\nature\rock\rocksmall_10.xml</field>
        <field name="fileName" type="Hash64">4E10BE8E83F6CB07</field>
        <field name="hidDescriptor" type="Rml">
          <rml>
            <hidDescriptor>
              <component class="GraphicComponent" version="2" detail="0">
                <object index="0" boneName="RockSmall_10_LOD0" bboxMin="-0.949358,-0.872151,-0.461438" bboxMax="1.25446,1.17843,0.154276" />
                <resource fileName="graphics\_Common\Nature\Rock\RockSmall_10.xbg" bboxMin="-0.949358,-0.872151,-0.461438" bboxMax="1.25446,1.17843,0.154276" />
                <skeleton_reference_list>
                  <skeleton name="RockSmall_10" index="0" pos="0,0,0" rot="1,-0,-0,-0" />
                </skeleton_reference_list>
                <material_reference_list>
                  <material name="RockSmall_04" shader_name="Generic_FC3" ref_shader_id="michaelg-M-711201363032052" />
                </material_reference_list>
              </component>
              <component class="InteriorVolumeComponent" version="1" detail="0" />
            </hidDescriptor>
          </rml>
        </field>
      </object>
      <object name="CGraphicComponent">
        <field name="hidHasAliasName" type="Boolean">True</field>
        <field name="hidComponentClassName" type="String">CStaticGraphicComponent</field>
        <field name="bCastShadow" type="Boolean">False</field>
        <field name="bReceiveShadow" type="Boolean">True</field>
        <field name="bCastAmbientShadow" type="Boolean">True</field>
        <field name="olgLightGroup" type="Int32">129</field>
        <field name="bShowInReflection" type="Boolean">False</field>
        <field name="bAlwaysShowInReflection" type="Boolean">False</field>
        <field name="bHighLight" type="Boolean">False</field>
        <field name="bLodDitheringEnable" type="Boolean">True</field>
        <field name="matIntuitionMaterialName" type="String"></field>
        <field name="bShowThroughWithFlashing" type="Boolean">False</field>
        <field name="bBackDrop" type="Boolean">False</field>
        <field name="bDisableMip0ResourceLoading" type="BinHex">00</field>
        <field hash="F41DCC4F" type="BinHex">0000000000000000</field>
        <field name="hidIndex" type="Int32">0</field>
        <field name="text_fileModel" type="String">graphics\_common\nature\rock\rocksmall_10.xbg</field>
        <field name="fileModel" type="Hash64">41492E8E83F6CB07</field>
        <field name="hidMeshName" type="String"></field>
        <field name="hidScale" type="Vector3">1,1,1</field>
        <object name="MaterialLightSwitch">
          <field name="hidSharedDataHandlerHash" type="Hash64">204258BD7D27729D</field>
          <object name="MaterialSlots">
            <object name="Material">
              <field name="text_disSlotPathId" type="String">graphics\_materials\michaelg-m-711201363032052.material.bin</field>
              <field name="disSlotPathId" type="Hash64">3B86304526E4E044</field>
              <field name="text_matMaterial" type="String"></field>
              <field name="matMaterial" type="Hash64">FFFFFFFFFFFFFFFF</field>
              <field name="disHD" type="BinHex">00</field>
            </object>
          </object>
        </object>
        <object name="MaterialOverrides">
          <field name="hidSharedDataHandlerHash" type="Hash64">B885D26DB1863A43</field>
          <object name="MaterialSlots">
            <object name="Material">
              <field name="text_disSlotPathId" type="String">graphics\_materials\michaelg-m-711201363032052.material.bin</field>
              <field name="disSlotPathId" type="Hash64">3B86304526E4E044</field>
              <field name="text_matMaterial" type="String"></field>
              <field name="matMaterial" type="Hash64">FFFFFFFFFFFFFFFF</field>
              <field name="disHD" type="BinHex">00</field>
            </object>
          </object>
        </object>
        <object name="hidModelLODs" />
        <object name="hidModelDistancesLODs" />
      </object>
      <object name="CMinimapComponent">
        <field name="hidHasAliasName" type="Boolean">False</field>
        <field name="minimapobjectinfoObjectInfo" type="BinHex">FFFFFFFF00000000</field>
      </object>
    </object>
  </object>
  <object name="ResPack">
    <field name="Count" type="BinHex">01000000</field>
    <object name="ResList">
      <field name="TypeId" type="Hash32">86E8E8BE</field>
      <field name="ResIds" type="BinHex">0100000007CBF6838E2E4941</field>
    </object>
  </object>
</object>