﻿<?xml version="1.0" encoding="utf-8"?>
<object name="EntityPrototype" def="ark">
  <field name="disLibItemId" type="Id64">135246398882493560</field>
  <field name="text_hidArchetypeResId" type="String">entityarchetypeslibrary\135246398882493560.ark.fcb</field>
  <field name="hidArchetypeResId" type="Hash64">90FEE7ABF8FB9762</field>
  <field name="Name" type="String">prefabs/FCC_OW_Prefabs/Moonshine/SmallShackA/Decal_MudPuddle_01_105</field>
  <field name="ArchetypeName" type="String">ige_archetypes:prefabs/fcc_ow_prefabs/moonshine/smallshacka/decal_mudpuddle_01_105</field>
  <object name="Entity">
    <field name="hidName" type="String">ige_archetypes:prefabs/FCC_OW_Prefabs/Moonshine/SmallShackA/Decal_MudPuddle_01_105</field>
    <field name="text_hidEntityClass" type="String">CEntity</field>
    <field name="hidEntityClass" type="Hash32">50C95067</field>
    <field name="hidResourceCount" type="Int32">1</field>
    <field name="hidConstEntity" type="Boolean">False</field>
    <field name="text_hidArchetypeResId" type="String">entityarchetypeslibrary\135246398882493560.ark.fcb</field>
    <field name="hidArchetypeResId" type="Hash64">90FEE7ABF8FB9762</field>
    <object name="Components">
      <object name="CStaticDecalComponent">
        <field name="hidHasAliasName" type="Boolean">False</field>
        <field name="matMaterialName" type="String">graphics\_materials\ipapismado-m-20130626133736.material.bin</field>
        <field name="fWidth" type="Float32">1</field>
        <field name="fHeight" type="Float32">1</field>
        <field name="fRotation" type="Float32">0</field>
        <field name="fDistanceMax" type="Float32">9999</field>
        <field name="iSortingLayer" type="BinHex">00000000</field>
        <field name="logmatLogicMaterial" type="Int32">6</field>
        <field name="hidSectorIdsList" type="BinHex">00000000</field>
        <object name="Positions">
          <object name="Pos">
            <field name="Pos" type="Vector3">-37.2209,67.8339,0</field>
          </object>
          <object name="Pos">
            <field name="Pos" type="Vector3">0,0,0</field>
          </object>
          <object name="Pos">
            <field name="Pos" type="Vector3">0,0,0</field>
          </object>
          <object name="Pos">
            <field name="Pos" type="Vector3">0,0,0</field>
          </object>
          <object name="Pos">
            <field name="Pos" type="Vector3">0,0,0</field>
          </object>
          <object name="Pos">
            <field name="Pos" type="Vector3">0,0,0</field>
          </object>
          <object name="Pos">
            <field name="Pos" type="Vector3">0,0,0</field>
          </object>
          <object name="Pos">
            <field name="Pos" type="Vector3">0,0,0</field>
          </object>
          <object name="Pos">
            <field name="Pos" type="Vector3">0,0,0</field>
          </object>
        </object>
      </object>
    </object>
  </object>
  <object name="ResPack">
    <field name="Count" type="BinHex">01000000</field>
    <object name="ResList">
      <field name="TypeId" type="Hash32">BC825377</field>
      <field name="ResIds" type="BinHex">01000000C154C0983869FCAD</field>
    </object>
  </object>
</object>