﻿<?xml version="1.0" encoding="utf-8"?>
<object name="EntityPrototype" def="ark">
  <field name="disLibItemId" type="Id64">135246424130446777</field>
  <field name="text_hidArchetypeResId" type="String">entityarchetypeslibrary\135246424130446777.ark.fcb</field>
  <field name="hidArchetypeResId" type="Hash64">1F3DEAD6B7D295E1</field>
  <field name="Name" type="String">groups/groups/Trad_Large_House_4/Trad_BuildingLarge_01_6</field>
  <field name="ArchetypeName" type="String">ige_archetypes:groups/groups/trad_large_house_4/trad_buildinglarge_01_6</field>
  <object name="Entity">
    <field name="hidName" type="String">ige_archetypes:groups/groups/Trad_Large_House_4/Trad_BuildingLarge_01_6</field>
    <field name="text_hidEntityClass" type="String">CEntity</field>
    <field name="hidEntityClass" type="Hash32">50C95067</field>
    <field name="hidResourceCount" type="Int32">7</field>
    <field name="hidConstEntity" type="Boolean">False</field>
    <field name="text_hidArchetypeResId" type="String">entityarchetypeslibrary\135246424130446777.ark.fcb</field>
    <field name="hidArchetypeResId" type="Hash64">1F3DEAD6B7D295E1</field>
    <object name="Components">
      <object name="CFileDescriptorComponent">
        <field name="hidHasAliasName" type="Boolean">False</field>
        <field name="text_fileName" type="String">graphics\_singleplayer\buildings\traditional\trad_buildinglarge_01.xml</field>
        <field name="fileName" type="Hash64">FAD7CDB4CC7FC21C</field>
        <field name="hidDescriptor" type="Rml">
          <rml>
            <hidDescriptor>
              <component class="GraphicComponent" version="2" detail="0">
                <object index="0" boneName="Trad_BuildingLarge_01_LOD0" bboxMin="-4.61985,-6.8892,-1.04973" bboxMax="4.58994,6.92276,6.77758" />
                <resource fileName="graphics\_SinglePlayer\Buildings\Traditional\Trad_BuildingLarge_01.xbg" bboxMin="-4.61985,-6.8892,-1.04973" bboxMax="4.58994,6.92276,6.77758" />
                <skeleton_reference_list>
                  <skeleton name="Trad_BuildingLarge_01" index="0" pos="0,0,0" rot="1,-0,-0,-0">
                    <bone name="Trad_BuildingLarge_01_LOD006" pos="-0.837274,1.75826,0" rot="1,0,0,0" />
                  </skeleton>
                </skeleton_reference_list>
                <material_reference_list>
                  <material name="Dec_WallFlower_01" shader_name="Decal" ref_shader_id="arodrigue2-M-20131024134430" hd="0" />
                  <material name="Sim_BrickWallPainted_01" shader_name="Simple" ref_shader_id="nfortin-M-20140410135819" hd="0" />
                  <material name="Sim_StuccoThick_01 - LAST_LOD" shader_name="Simple" ref_shader_id="ihenley-M-20140814101343" hd="0" />
                  <material name="FcG_StuccoGround_01" shader_name="Generic_FC3" ref_shader_id="ipapismado-M-20130603162502" hd="0" />
                  <material name="FcG_WoodPainted_Blue" shader_name="Generic_FC3" ref_shader_id="ipapismado-M-20130510113257" hd="0" />
                  <material name="FcG_StuccoThick_01" shader_name="Generic_FC3" ref_shader_id="ipapismado-M-20130603110410" hd="0" />
                  <material name="FcG_BrickWallPainted_01" shader_name="Generic_FC3" ref_shader_id="yallaire-M-20130412124109" hd="0" />
                </material_reference_list>
              </component>
              <component class="InteriorVolumeComponent" version="1" detail="0">
                <resource fileName="graphics\_SinglePlayer\Buildings\Traditional\Trad_BuildingLarge_01_interiorvolume.xbg" bboxMin="-3.58644,-6.12926,-2.13853" bboxMax="3.58708,6.09779,8.42437" />
              </component>
              <component class="StaticPhysComponent">
                <resource fileName="graphics\_SinglePlayer\Buildings\Traditional\Trad_BuildingLarge_01.hkx" />
              </component>
              <component class="VisibilityOcclusionComponent">
                <antiportal killDistance="50.000000">
                  <vertices>
                    <vertex x="3.612458" y="-6.135980" z="6.777579" />
                    <vertex x="-3.649388" y="6.123183" z="6.714299" />
                    <vertex x="-3.649388" y="-6.135967" z="6.743133" />
                    <vertex x="3.612041" y="6.123178" z="6.761652" />
                    <vertex x="-3.649388" y="-6.135979" z="-2.136624" />
                    <vertex x="3.608571" y="-6.135300" z="-2.137072" />
                    <vertex x="-3.648543" y="6.123156" z="-2.138531" />
                    <vertex x="3.612587" y="6.123185" z="-2.138517" />
                  </vertices>
                  <faces>
                    <face>1,3,7,6</face>
                    <face>4,2,1,6</face>
                    <face>7,3,0,5</face>
                    <face>4,5,0,2</face>
                    <face>3,1,2,0</face>
                    <face>7,5,4,6</face>
                  </faces>
                </antiportal>
              </component>
            </hidDescriptor>
          </rml>
        </field>
      </object>
      <object name="CRoomComponent">
        <field name="hidHasAliasName" type="Boolean">False</field>
        <field name="bOverridePortalsVisibility" type="Boolean">True</field>
        <field name="bIsVisibleInside" type="Boolean">True</field>
        <field name="bIsVisibleOutside" type="Boolean">True</field>
        <field name="vectorScale" type="Vector3">1,1,1</field>
        <object name="RoomObjects">
          <object name="RoomObject">
            <field name="hidRoomId" type="BinHex">2D7060D2E57D2000</field>
            <field name="disName" type="String">vol_0</field>
            <field name="fRoomPriority" type="Float32">30</field>
            <object name="hidConvexVolume">
              <object name="hidVertices">
                <object name="Vertex">
                  <field name="Vertex" type="Vector3">3.612458,-6.13598,6.777579</field>
                </object>
                <object name="Vertex">
                  <field name="Vertex" type="Vector3">-3.649388,6.123183,6.714299</field>
                </object>
                <object name="Vertex">
                  <field name="Vertex" type="Vector3">-3.649388,-6.135967,6.743133</field>
                </object>
                <object name="Vertex">
                  <field name="Vertex" type="Vector3">3.612041,6.123178,6.761652</field>
                </object>
                <object name="Vertex">
                  <field name="Vertex" type="Vector3">-3.649388,-6.135979,-2.136624</field>
                </object>
                <object name="Vertex">
                  <field name="Vertex" type="Vector3">3.608571,-6.1353,-2.137072</field>
                </object>
                <object name="Vertex">
                  <field name="Vertex" type="Vector3">-3.648543,6.123156,-2.138531</field>
                </object>
                <object name="Vertex">
                  <field name="Vertex" type="Vector3">3.612587,6.123185,-2.138517</field>
                </object>
              </object>
              <object name="hidFacesDefs">
                <object name="FaceDef">
                  <object name="hidVertexIndices">
                    <object name="Vertex">
                      <field name="Vertex" type="Enum">1</field>
                    </object>
                    <object name="Vertex">
                      <field name="Vertex" type="Enum">3</field>
                    </object>
                    <object name="Vertex">
                      <field name="Vertex" type="Enum">7</field>
                    </object>
                    <object name="Vertex">
                      <field name="Vertex" type="Enum">6</field>
                    </object>
                  </object>
                </object>
                <object name="FaceDef">
                  <object name="hidVertexIndices">
                    <object name="Vertex">
                      <field name="Vertex" type="Enum">4</field>
                    </object>
                    <object name="Vertex">
                      <field name="Vertex" type="Enum">2</field>
                    </object>
                    <object name="Vertex">
                      <field name="Vertex" type="Enum">1</field>
                    </object>
                    <object name="Vertex">
                      <field name="Vertex" type="Enum">6</field>
                    </object>
                  </object>
                </object>
                <object name="FaceDef">
                  <object name="hidVertexIndices">
                    <object name="Vertex">
                      <field name="Vertex" type="Enum">7</field>
                    </object>
                    <object name="Vertex">
                      <field name="Vertex" type="Enum">3</field>
                    </object>
                    <object name="Vertex">
                      <field name="Vertex" type="Enum">0</field>
                    </object>
                    <object name="Vertex">
                      <field name="Vertex" type="Enum">5</field>
                    </object>
                  </object>
                </object>
                <object name="FaceDef">
                  <object name="hidVertexIndices">
                    <object name="Vertex">
                      <field name="Vertex" type="Enum">4</field>
                    </object>
                    <object name="Vertex">
                      <field name="Vertex" type="Enum">5</field>
                    </object>
                    <object name="Vertex">
                      <field name="Vertex" type="Enum">0</field>
                    </object>
                    <object name="Vertex">
                      <field name="Vertex" type="Enum">2</field>
                    </object>
                  </object>
                </object>
                <object name="FaceDef">
                  <object name="hidVertexIndices">
                    <object name="Vertex">
                      <field name="Vertex" type="Enum">3</field>
                    </object>
                    <object name="Vertex">
                      <field name="Vertex" type="Enum">1</field>
                    </object>
                    <object name="Vertex">
                      <field name="Vertex" type="Enum">2</field>
                    </object>
                    <object name="Vertex">
                      <field name="Vertex" type="Enum">0</field>
                    </object>
                  </object>
                </object>
                <object name="FaceDef">
                  <object name="hidVertexIndices">
                    <object name="Vertex">
                      <field name="Vertex" type="Enum">7</field>
                    </object>
                    <object name="Vertex">
                      <field name="Vertex" type="Enum">5</field>
                    </object>
                    <object name="Vertex">
                      <field name="Vertex" type="Enum">4</field>
                    </object>
                    <object name="Vertex">
                      <field name="Vertex" type="Enum">6</field>
                    </object>
                  </object>
                </object>
              </object>
              <object name="Faces">
                <object name="Face">
                  <field name="hidNormal" type="Vector3">-6.514304E-07,-1,-8.036829E-07</field>
                  <field name="hidDistance" type="BinHex">23F1C3C0</field>
                </object>
                <object name="Face">
                  <field name="hidNormal" type="Vector3">1,0,0</field>
                  <field name="hidDistance" type="BinHex">938F69C0</field>
                </object>
                <object name="Face">
                  <field name="hidNormal" type="Vector3">-1,-3.40946E-05,-6.134476E-05</field>
                  <field name="hidDistance" type="BinHex">E63567C0</field>
                </object>
                <object name="Face">
                  <field name="hidNormal" type="Vector3">-9.354998E-05,1,7.631633E-05</field>
                  <field name="hidDistance" type="BinHex">7B58C4C0</field>
                </object>
                <object name="Face">
                  <field name="hidNormal" type="Vector3">0.006520981,-0.002351972,-0.9999759</field>
                  <field name="hidDistance" type="BinHex">2513D8C0</field>
                </object>
                <object name="Face">
                  <field name="hidNormal" type="Vector3">6.171274E-05,0.0001178424,1</field>
                  <field name="hidDistance" type="BinHex">FCCD08C0</field>
                </object>
              </object>
              <object name="Edges">
                <object name="Edge">
                  <field name="hidSharedFace0" type="Int32">0</field>
                  <field name="hidSharedFace1" type="Int32">4</field>
                  <field name="hidVertex0" type="Int32">1</field>
                  <field name="hidVertex1" type="Int32">3</field>
                </object>
                <object name="Edge">
                  <field name="hidSharedFace0" type="Int32">0</field>
                  <field name="hidSharedFace1" type="Int32">2</field>
                  <field name="hidVertex0" type="Int32">3</field>
                  <field name="hidVertex1" type="Int32">7</field>
                </object>
                <object name="Edge">
                  <field name="hidSharedFace0" type="Int32">0</field>
                  <field name="hidSharedFace1" type="Int32">5</field>
                  <field name="hidVertex0" type="Int32">7</field>
                  <field name="hidVertex1" type="Int32">6</field>
                </object>
                <object name="Edge">
                  <field name="hidSharedFace0" type="Int32">0</field>
                  <field name="hidSharedFace1" type="Int32">1</field>
                  <field name="hidVertex0" type="Int32">6</field>
                  <field name="hidVertex1" type="Int32">1</field>
                </object>
                <object name="Edge">
                  <field name="hidSharedFace0" type="Int32">1</field>
                  <field name="hidSharedFace1" type="Int32">3</field>
                  <field name="hidVertex0" type="Int32">4</field>
                  <field name="hidVertex1" type="Int32">2</field>
                </object>
                <object name="Edge">
                  <field name="hidSharedFace0" type="Int32">1</field>
                  <field name="hidSharedFace1" type="Int32">4</field>
                  <field name="hidVertex0" type="Int32">2</field>
                  <field name="hidVertex1" type="Int32">1</field>
                </object>
                <object name="Edge">
                  <field name="hidSharedFace0" type="Int32">1</field>
                  <field name="hidSharedFace1" type="Int32">5</field>
                  <field name="hidVertex0" type="Int32">6</field>
                  <field name="hidVertex1" type="Int32">4</field>
                </object>
                <object name="Edge">
                  <field name="hidSharedFace0" type="Int32">2</field>
                  <field name="hidSharedFace1" type="Int32">4</field>
                  <field name="hidVertex0" type="Int32">3</field>
                  <field name="hidVertex1" type="Int32">0</field>
                </object>
                <object name="Edge">
                  <field name="hidSharedFace0" type="Int32">2</field>
                  <field name="hidSharedFace1" type="Int32">3</field>
                  <field name="hidVertex0" type="Int32">0</field>
                  <field name="hidVertex1" type="Int32">5</field>
                </object>
                <object name="Edge">
                  <field name="hidSharedFace0" type="Int32">2</field>
                  <field name="hidSharedFace1" type="Int32">5</field>
                  <field name="hidVertex0" type="Int32">5</field>
                  <field name="hidVertex1" type="Int32">7</field>
                </object>
                <object name="Edge">
                  <field name="hidSharedFace0" type="Int32">3</field>
                  <field name="hidSharedFace1" type="Int32">5</field>
                  <field name="hidVertex0" type="Int32">4</field>
                  <field name="hidVertex1" type="Int32">5</field>
                </object>
                <object name="Edge">
                  <field name="hidSharedFace0" type="Int32">3</field>
                  <field name="hidSharedFace1" type="Int32">4</field>
                  <field name="hidVertex0" type="Int32">0</field>
                  <field name="hidVertex1" type="Int32">2</field>
                </object>
              </object>
            </object>
            <object name="RoomPropertiesList">
              <object name="RoomProperties">
                <field name="selType" type="UInt32">1036206285</field>
                <object name="Obj">
                  <field name="text_hid_DTCTH_ClassName" type="String">CSoundRoomProperties</field>
                  <field name="hid_DTCTH_ClassName" type="Hash32">3DC340CD</field>
                  <field name="bUseRoomSoundRegion" type="BinHex">00</field>
                  <field name="bUseRoomReverb" type="BinHex">01</field>
                  <field name="sndregSoundRegion" type="BinHex">FF</field>
                  <field name="sndReverb" type="String">0x00047108</field>
                  <field name="sndInSound" type="String">0x002241C2</field>
                  <field name="sndOutSound" type="String">0x002241C2</field>
                  <field name="mixRoomSoundPreset" type="Id64">3750135203</field>
                  <field name="bIsOpenOceanHearable" type="BinHex">01</field>
                  <field name="bUseGunTails" type="Boolean">True</field>
                  <field name="fRoomEnteringRollOffDistance" type="Float32">1</field>
                  <field name="fRoomLeavingRollOffDistance" type="Float32">1</field>
                  <field name="fRoomTransitionRollOffDistance" type="Float32">1</field>
                </object>
              </object>
              <object name="RoomProperties">
                <field name="selType" type="UInt32">1401417754</field>
                <object name="Obj">
                  <field name="text_hid_DTCTH_ClassName" type="String">CBuildingElementProperties</field>
                  <field name="hid_DTCTH_ClassName" type="Hash32">5387F01A</field>
                  <object name="BuildingElementsList">
                    <object name="BuildingElement">
                      <field name="vectorPosition" type="Vector3">1.36732,-6.12422,1.89124</field>
                      <field name="angvecAngles" type="Vector3">0,0,0</field>
                      <field name="fWidth" type="Float32">1.3</field>
                      <field name="fHeight" type="Float32">1.3</field>
                      <field name="selRoomPlaneType" type="BinHex">01000000</field>
                    </object>
                    <object name="BuildingElement">
                      <field name="vectorPosition" type="Vector3">-2.02052,-6.08725,1.44263</field>
                      <field name="angvecAngles" type="Vector3">0,0,0</field>
                      <field name="fWidth" type="Float32">1.25</field>
                      <field name="fHeight" type="Float32">2.4</field>
                      <field name="selRoomPlaneType" type="BinHex">02000000</field>
                    </object>
                    <object name="BuildingElement">
                      <field name="vectorPosition" type="Vector3">0.0121462,-6.12054,5.32813</field>
                      <field name="angvecAngles" type="Vector3">0,0,0</field>
                      <field name="fWidth" type="Float32">1.3</field>
                      <field name="fHeight" type="Float32">1.5</field>
                      <field name="selRoomPlaneType" type="BinHex">01000000</field>
                    </object>
                    <object name="BuildingElement">
                      <field name="vectorPosition" type="Vector3">0,6.11586,1.91492</field>
                      <field name="angvecAngles" type="Vector3">0,0,180</field>
                      <field name="fWidth" type="Float32">1.3</field>
                      <field name="fHeight" type="Float32">1.3</field>
                      <field name="selRoomPlaneType" type="BinHex">01000000</field>
                    </object>
                    <object name="BuildingElement">
                      <field name="vectorPosition" type="Vector3">0,6.11944,5.19714</field>
                      <field name="angvecAngles" type="Vector3">0,0,180</field>
                      <field name="fWidth" type="Float32">1.3</field>
                      <field name="fHeight" type="Float32">1.35</field>
                      <field name="selRoomPlaneType" type="BinHex">01000000</field>
                    </object>
                    <object name="BuildingElement">
                      <field name="vectorPosition" type="Vector3">3.67286,-3.79116,1.90369</field>
                      <field name="angvecAngles" type="Vector3">0,0,90</field>
                      <field name="fWidth" type="Float32">1.3</field>
                      <field name="fHeight" type="Float32">1.3</field>
                      <field name="selRoomPlaneType" type="BinHex">01000000</field>
                    </object>
                    <object name="BuildingElement">
                      <field name="vectorPosition" type="Vector3">3.53248,3.77738,1.44775</field>
                      <field name="angvecAngles" type="Vector3">0,0,90</field>
                      <field name="fWidth" type="Float32">1.25</field>
                      <field name="fHeight" type="Float32">2.3</field>
                      <field name="selRoomPlaneType" type="BinHex">02000000</field>
                    </object>
                    <object name="BuildingElement">
                      <field name="vectorPosition" type="Vector3">3.73027,0.00773418,5.14478</field>
                      <field name="angvecAngles" type="Vector3">0,0,90</field>
                      <field name="fWidth" type="Float32">1.3</field>
                      <field name="fHeight" type="Float32">1.3</field>
                      <field name="selRoomPlaneType" type="BinHex">01000000</field>
                    </object>
                    <object name="BuildingElement">
                      <field name="vectorPosition" type="Vector3">3.65981,3.78209,5.16211</field>
                      <field name="angvecAngles" type="Vector3">0,0,90</field>
                      <field name="fWidth" type="Float32">1.3</field>
                      <field name="fHeight" type="Float32">1.3</field>
                      <field name="selRoomPlaneType" type="BinHex">01000000</field>
                    </object>
                    <object name="BuildingElement">
                      <field name="vectorPosition" type="Vector3">3.59147,-3.78842,5.12073</field>
                      <field name="angvecAngles" type="Vector3">0,0,90</field>
                      <field name="fWidth" type="Float32">1.3</field>
                      <field name="fHeight" type="Float32">1.3</field>
                      <field name="selRoomPlaneType" type="BinHex">01000000</field>
                    </object>
                    <object name="BuildingElement">
                      <field name="vectorPosition" type="Vector3">-3.69616,-0.00844204,1.4115</field>
                      <field name="angvecAngles" type="Vector3">0,0,-90</field>
                      <field name="fWidth" type="Float32">1.25</field>
                      <field name="fHeight" type="Float32">2.3</field>
                      <field name="selRoomPlaneType" type="BinHex">02000000</field>
                    </object>
                    <object name="BuildingElement">
                      <field name="vectorPosition" type="Vector3">-3.63247,3.78607,1.87915</field>
                      <field name="angvecAngles" type="Vector3">0,0,-90</field>
                      <field name="fWidth" type="Float32">1.3</field>
                      <field name="fHeight" type="Float32">1.3</field>
                      <field name="selRoomPlaneType" type="BinHex">01000000</field>
                    </object>
                    <object name="BuildingElement">
                      <field name="vectorPosition" type="Vector3">-3.61266,-3.77054,1.90845</field>
                      <field name="angvecAngles" type="Vector3">0,0,-90</field>
                      <field name="fWidth" type="Float32">1.3</field>
                      <field name="fHeight" type="Float32">1.3</field>
                      <field name="selRoomPlaneType" type="BinHex">01000000</field>
                    </object>
                    <object name="BuildingElement">
                      <field name="vectorPosition" type="Vector3">-3.59306,0.0314919,5.29651</field>
                      <field name="angvecAngles" type="Vector3">0,0,-90</field>
                      <field name="fWidth" type="Float32">1.3</field>
                      <field name="fHeight" type="Float32">1.5</field>
                      <field name="selRoomPlaneType" type="BinHex">01000000</field>
                    </object>
                    <object name="BuildingElement">
                      <field name="vectorPosition" type="Vector3">-3.63281,3.76897,4.66528</field>
                      <field name="angvecAngles" type="Vector3">0,0,-90</field>
                      <field name="fWidth" type="Float32">1.3</field>
                      <field name="fHeight" type="Float32">2.6</field>
                      <field name="selRoomPlaneType" type="BinHex">02000000</field>
                    </object>
                    <object name="BuildingElement">
                      <field name="vectorPosition" type="Vector3">-3.59589,-3.76241,5.3114</field>
                      <field name="angvecAngles" type="Vector3">0,0,-90</field>
                      <field name="fWidth" type="Float32">1.35</field>
                      <field name="fHeight" type="Float32">1.5</field>
                      <field name="selRoomPlaneType" type="BinHex">01000000</field>
                    </object>
                  </object>
                </object>
              </object>
              <object name="RoomProperties">
                <field name="selType" type="UInt32">3971349444</field>
                <object name="Obj">
                  <field name="text_hid_DTCTH_ClassName" type="String">CGfxRoomProperties</field>
                  <field name="hid_DTCTH_ClassName" type="Hash32">ECB5FBC4</field>
                  <field name="zoneZoneLogic" type="Id64">31</field>
                </object>
              </object>
              <object name="RoomProperties">
                <field name="selType" type="UInt32">4294967295</field>
              </object>
            </object>
          </object>
        </object>
      </object>
      <object name="CGraphicComponent">
        <field name="hidHasAliasName" type="Boolean">True</field>
        <field name="hidComponentClassName" type="String">CStaticGraphicComponent</field>
        <field name="bCastShadow" type="Boolean">True</field>
        <field name="bReceiveShadow" type="Boolean">True</field>
        <field name="bCastAmbientShadow" type="Boolean">True</field>
        <field name="olgLightGroup" type="Int32">129</field>
        <field name="bShowInReflection" type="Boolean">True</field>
        <field name="bAlwaysShowInReflection" type="Boolean">False</field>
        <field name="bHighLight" type="Boolean">False</field>
        <field name="bLodDitheringEnable" type="Boolean">True</field>
        <field name="matIntuitionMaterialName" type="String"></field>
        <field name="bShowThroughWithFlashing" type="Boolean">False</field>
        <field name="bBackDrop" type="Boolean">False</field>
        <field name="bDisableMip0ResourceLoading" type="BinHex">00</field>
        <field hash="F41DCC4F" type="BinHex">0000000000000000</field>
        <field name="hidIndex" type="Int32">0</field>
        <field name="text_fileModel" type="String">graphics\_singleplayer\buildings\traditional\trad_buildinglarge_01.xbg</field>
        <field name="fileModel" type="Hash64">F58E5DB4CC7FC21C</field>
        <field name="hidMeshName" type="String"></field>
        <field name="hidScale" type="Vector3">1,1,1</field>
        <object name="MaterialLightSwitch">
          <field name="hidSharedDataHandlerHash" type="Hash64">A02508FE3EB8A000</field>
          <object name="MaterialSlots">
            <object name="Material">
              <field name="text_disSlotPathId" type="String">graphics\_materials\ihenley-m-20140814101343.material.bin</field>
              <field name="disSlotPathId" type="Hash64">02C7725824DBA7FD</field>
              <field name="text_matMaterial" type="String"></field>
              <field name="matMaterial" type="Hash64">FFFFFFFFFFFFFFFF</field>
              <field name="disHD" type="BinHex">00</field>
            </object>
            <object name="Material">
              <field name="text_disSlotPathId" type="String">graphics\_materials\ipapismado-m-20130603110410.material.bin</field>
              <field name="disSlotPathId" type="Hash64">12024FDE2DC12848</field>
              <field name="text_matMaterial" type="String"></field>
              <field name="matMaterial" type="Hash64">FFFFFFFFFFFFFFFF</field>
              <field name="disHD" type="BinHex">00</field>
            </object>
            <object name="Material">
              <field name="text_disSlotPathId" type="String">graphics\_materials\yallaire-m-20130412124109.material.bin</field>
              <field name="disSlotPathId" type="Hash64">1D1C1592AF1AE0C5</field>
              <field name="text_matMaterial" type="String"></field>
              <field name="matMaterial" type="Hash64">FFFFFFFFFFFFFFFF</field>
              <field name="disHD" type="BinHex">00</field>
            </object>
            <object name="Material">
              <field name="text_disSlotPathId" type="String">graphics\_materials\ipapismado-m-20130603162502.material.bin</field>
              <field name="disSlotPathId" type="Hash64">7AC1AF8E2DC3A30C</field>
              <field name="text_matMaterial" type="String"></field>
              <field name="matMaterial" type="Hash64">FFFFFFFFFFFFFFFF</field>
              <field name="disHD" type="BinHex">00</field>
            </object>
            <object name="Material">
              <field name="text_disSlotPathId" type="String">graphics\_materials\nfortin-m-20140410135819.material.bin</field>
              <field name="disSlotPathId" type="Hash64">7EEFAA5D4F21C488</field>
              <field name="text_matMaterial" type="String"></field>
              <field name="matMaterial" type="Hash64">FFFFFFFFFFFFFFFF</field>
              <field name="disHD" type="BinHex">00</field>
            </object>
            <object name="Material">
              <field name="text_disSlotPathId" type="String">graphics\_materials\ipapismado-m-20130510113257.material.bin</field>
              <field name="disSlotPathId" type="Hash64">DB4FDFDC418EEBCB</field>
              <field name="text_matMaterial" type="String"></field>
              <field name="matMaterial" type="Hash64">FFFFFFFFFFFFFFFF</field>
              <field name="disHD" type="BinHex">00</field>
            </object>
            <object name="Material">
              <field name="text_disSlotPathId" type="String">graphics\_materials\arodrigue2-m-20131024134430.material.bin</field>
              <field name="disSlotPathId" type="Hash64">E797FAB18D8778FC</field>
              <field name="text_matMaterial" type="String"></field>
              <field name="matMaterial" type="Hash64">FFFFFFFFFFFFFFFF</field>
              <field name="disHD" type="BinHex">00</field>
            </object>
          </object>
        </object>
        <object name="MaterialOverrides">
          <field name="hidSharedDataHandlerHash" type="Hash64">9C76F922EB049819</field>
          <object name="MaterialSlots">
            <object name="Material">
              <field name="text_disSlotPathId" type="String">graphics\_materials\ihenley-m-20140814101343.material.bin</field>
              <field name="disSlotPathId" type="Hash64">02C7725824DBA7FD</field>
              <field name="text_matMaterial" type="String"></field>
              <field name="matMaterial" type="Hash64">FFFFFFFFFFFFFFFF</field>
              <field name="disHD" type="BinHex">00</field>
            </object>
            <object name="Material">
              <field name="text_disSlotPathId" type="String">graphics\_materials\ipapismado-m-20130603110410.material.bin</field>
              <field name="disSlotPathId" type="Hash64">12024FDE2DC12848</field>
              <field name="text_matMaterial" type="String"></field>
              <field name="matMaterial" type="Hash64">FFFFFFFFFFFFFFFF</field>
              <field name="disHD" type="BinHex">00</field>
            </object>
            <object name="Material">
              <field name="text_disSlotPathId" type="String">graphics\_materials\yallaire-m-20130412124109.material.bin</field>
              <field name="disSlotPathId" type="Hash64">1D1C1592AF1AE0C5</field>
              <field name="text_matMaterial" type="String"></field>
              <field name="matMaterial" type="Hash64">FFFFFFFFFFFFFFFF</field>
              <field name="disHD" type="BinHex">00</field>
            </object>
            <object name="Material">
              <field name="text_disSlotPathId" type="String">graphics\_materials\ipapismado-m-20130603162502.material.bin</field>
              <field name="disSlotPathId" type="Hash64">7AC1AF8E2DC3A30C</field>
              <field name="text_matMaterial" type="String"></field>
              <field name="matMaterial" type="Hash64">FFFFFFFFFFFFFFFF</field>
              <field name="disHD" type="BinHex">00</field>
            </object>
            <object name="Material">
              <field name="text_disSlotPathId" type="String">graphics\_materials\nfortin-m-20140410135819.material.bin</field>
              <field name="disSlotPathId" type="Hash64">7EEFAA5D4F21C488</field>
              <field name="text_matMaterial" type="String"></field>
              <field name="matMaterial" type="Hash64">FFFFFFFFFFFFFFFF</field>
              <field name="disHD" type="BinHex">00</field>
            </object>
            <object name="Material">
              <field name="text_disSlotPathId" type="String">graphics\_materials\ipapismado-m-20130510113257.material.bin</field>
              <field name="disSlotPathId" type="Hash64">DB4FDFDC418EEBCB</field>
              <field name="text_matMaterial" type="String"></field>
              <field name="matMaterial" type="Hash64">FFFFFFFFFFFFFFFF</field>
              <field name="disHD" type="BinHex">00</field>
            </object>
            <object name="Material">
              <field name="text_disSlotPathId" type="String">graphics\_materials\arodrigue2-m-20131024134430.material.bin</field>
              <field name="disSlotPathId" type="Hash64">E797FAB18D8778FC</field>
              <field name="text_matMaterial" type="String"></field>
              <field name="matMaterial" type="Hash64">FFFFFFFFFFFFFFFF</field>
              <field name="disHD" type="BinHex">00</field>
            </object>
          </object>
        </object>
        <object name="hidModelLODs" />
        <object name="hidModelDistancesLODs" />
      </object>
      <object name="CStaticPhysComponent">
        <field name="hidHasAliasName" type="Boolean">False</field>
        <field name="text_hidResourceId" type="String">graphics\_singleplayer\buildings\traditional\trad_buildinglarge_01.hkx</field>
        <field name="hidResourceId" type="Hash64">E71276B4CC7FC21C</field>
        <field hash="C784A41F" type="BinHex">01</field>
        <field name="bUseMaxTerrainSlope" type="Boolean">False</field>
        <field name="bIgnoreInExplosions" type="Boolean">False</field>
        <field name="selOverrideSlideAngle" type="BinHex">00000000</field>
        <field name="bAnimateable" type="Boolean">False</field>
        <field hash="AAFA0C31" type="BinHex">00</field>
        <field hash="BF1EB181" type="BinHex">00</field>
        <field name="bIgnoreBreakableEventsForEver" type="BinHex">00</field>
        <field name="bIgnoreBreakableEventsTemporarily" type="BinHex">00</field>
        <field name="bImmuneToDamage" type="BinHex">00</field>
        <field name="bNoCollision" type="BinHex">00</field>
        <field name="bLargeEntity" type="Boolean">False</field>
        <field name="hidResourceIndex" type="Int32">0</field>
        <field name="bEncounterTeleportToGroundOnCreate" type="BinHex">00</field>
        <field name="bNoDecals" type="BinHex">00</field>
        <field name="bPatchNavmesh" type="BinHex">00</field>
        <field name="bAffectNavMesh" type="Boolean">True</field>
        <object name="LogicMaterialOverrides">
          <object name="LogicMaterial">
            <field name="logmatLogicMaterial" type="Int32">2</field>
            <field name="text_disSlotName" type="String">SCOL012</field>
            <field name="disSlotName" type="Hash32">271DCF29</field>
          </object>
          <object name="LogicMaterial">
            <field name="logmatLogicMaterial" type="Int32">16</field>
            <field name="text_disSlotName" type="String">SCOL006</field>
            <field name="disSlotName" type="Hash32">396B3A71</field>
          </object>
          <object name="LogicMaterial">
            <field name="logmatLogicMaterial" type="Int32">16</field>
            <field name="text_disSlotName" type="String">SCOL002</field>
            <field name="disSlotName" type="Hash32">3E06FE68</field>
          </object>
          <object name="LogicMaterial">
            <field name="logmatLogicMaterial" type="Int32">16</field>
            <field name="text_disSlotName" type="String">FcG_WoodPainted_Blue</field>
            <field name="disSlotName" type="Hash32">4577076B</field>
          </object>
          <object name="LogicMaterial">
            <field name="logmatLogicMaterial" type="Int32">16</field>
            <field name="text_disSlotName" type="String">SCOL003</field>
            <field name="disSlotName" type="Hash32">4901CEFE</field>
          </object>
          <object name="LogicMaterial">
            <field name="logmatLogicMaterial" type="Int32">2</field>
            <field name="text_disSlotName" type="String">FcG_PlasterDamaged_02</field>
            <field name="disSlotName" type="Hash32">492FFA00</field>
          </object>
          <object name="LogicMaterial">
            <field name="logmatLogicMaterial" type="Int32">16</field>
            <field name="text_disSlotName" type="String">SCOL007</field>
            <field name="disSlotName" type="Hash32">4E6C0AE7</field>
          </object>
          <object name="LogicMaterial">
            <field name="logmatLogicMaterial" type="Int32">2</field>
            <field name="text_disSlotName" type="String">FcG_StuccoThick_01</field>
            <field name="disSlotName" type="Hash32">8AF2AA7A</field>
          </object>
          <object name="LogicMaterial">
            <field name="logmatLogicMaterial" type="Int32">16</field>
            <field name="text_disSlotName" type="String">SCOL005</field>
            <field name="disSlotName" type="Hash32">A0626BCB</field>
          </object>
          <object name="LogicMaterial">
            <field name="logmatLogicMaterial" type="Int32">2</field>
            <field name="text_disSlotName" type="String">SCOL001</field>
            <field name="disSlotName" type="Hash32">A70FAFD2</field>
          </object>
          <object name="LogicMaterial">
            <field name="logmatLogicMaterial" type="Int32">16</field>
            <field name="text_disSlotName" type="String">SCOL009</field>
            <field name="disSlotName" type="Hash32">A9D427E0</field>
          </object>
          <object name="LogicMaterial">
            <field name="logmatLogicMaterial" type="Int32">2</field>
            <field name="text_disSlotName" type="String">SCOL011</field>
            <field name="disSlotName" type="Hash32">BE149E93</field>
          </object>
          <object name="LogicMaterial">
            <field name="logmatLogicMaterial" type="Int32">16</field>
            <field name="text_disSlotName" type="String">FcG_FloorWood_02</field>
            <field name="disSlotName" type="Hash32">C0CD31AE</field>
          </object>
          <object name="LogicMaterial">
            <field name="logmatLogicMaterial" type="Int32">2</field>
            <field name="text_disSlotName" type="String">CCOL001</field>
            <field name="disSlotName" type="Hash32">C0D1331C</field>
          </object>
          <object name="LogicMaterial">
            <field name="logmatLogicMaterial" type="Int32">2</field>
            <field name="text_disSlotName" type="String">SCOL010</field>
            <field name="disSlotName" type="Hash32">C913AE05</field>
          </object>
          <object name="LogicMaterial">
            <field name="logmatLogicMaterial" type="Int32">2</field>
            <field name="text_disSlotName" type="String">SCOL004</field>
            <field name="disSlotName" type="Hash32">D7655B5D</field>
          </object>
          <object name="LogicMaterial">
            <field name="logmatLogicMaterial" type="Int32">16</field>
            <field name="text_disSlotName" type="String">SCOL008</field>
            <field name="disSlotName" type="Hash32">DED31776</field>
          </object>
        </object>
        <object name="hidTheSharedMap">
          <field name="hidSharedDataHandlerHash" type="Hash64">306D1309CECFF09E</field>
        </object>
      </object>
      <object name="CMinimapComponent">
        <field name="hidHasAliasName" type="Boolean">False</field>
        <field name="minimapobjectinfoObjectInfo" type="BinHex">FFFFFFFF00000000</field>
      </object>
      <object name="CInteriorVolumeComponent">
        <field name="hidHasAliasName" type="Boolean">False</field>
        <field name="hidInjected" type="Boolean">True</field>
        <field name="text_fileModel" type="String">graphics\_singleplayer\buildings\traditional\trad_buildinglarge_01_interiorvolume.xbg</field>
        <field name="fileModel" type="Hash64">6A77E2C7F170A075</field>
        <field name="intambientInteriorAmbient" type="Id64">3870101179</field>
        <field name="bEnabled" type="Boolean">True</field>
        <field name="Priority" type="UInt32">0</field>
      </object>
      <object name="CCoverComponent">
        <field name="hidHasAliasName" type="Boolean">False</field>
        <field name="hidInjected" type="Boolean">True</field>
        <object name="Covers">
          <object name="Cover">
            <field name="bUseMetadataOnEmptyInstance" type="BinHex">01</field>
            <field name="bIsFPCover" type="BinHex">01</field>
            <field name="hidTransform" type="BinHex">0000803F000000000000000000000000000000000000803F000000000000000000000000000000000000803F00000000000000000000000000C07F440000803F</field>
            <field name="selCoverObjectType" type="BinHex">00000000</field>
            <object name="hidCoverInformation">
              <object name="hidState">
                <object name="hidCover">
                  <field name="State" type="BinHex">FFFFFFFF</field>
                  <object name="CoverPoints" />
                  <object name="CoverLinks" />
                  <object name="CoverAnchors" />
                </object>
              </object>
            </object>
          </object>
        </object>
      </object>
      <object name="CSoundOcclusionComponent">
        <field name="hidHasAliasName" type="Boolean">False</field>
        <field name="hidInjected" type="Boolean">True</field>
        <object name="SoundZonesList">
          <object name="SoundZone">
            <field name="vectorSize" type="Vector3">0,0,0</field>
            <field name="vectorOffsetPosition" type="Vector3">0,0,0</field>
            <field name="vectorOffsetAngles" type="Vector3">0,0,0</field>
            <field name="disZoneId" type="BinHex">0000000000000000</field>
            <field name="occzonParams" type="BinHex">FFFFFFFF00000000</field>
            <object name="EntrancesList">
              <object name="Entrance">
                <field name="vectorSize" type="Vector3">0,0,0</field>
                <field name="vectorOffsetPosition" type="Vector3">0,0,0</field>
                <field name="vectorOffsetAngles" type="Vector3">0,0,0</field>
                <field name="bIsADoor" type="BinHex">00</field>
                <field name="occholParams" type="BinHex">FFFFFFFF00000000</field>
              </object>
            </object>
            <object name="ConnectionsList">
              <object name="Connection">
                <field name="ConnectedZoneId" type="BinHex">0000000000000000</field>
              </object>
            </object>
          </object>
        </object>
      </object>
    </object>
  </object>
  <object name="ResPack">
    <field name="Count" type="BinHex">07000000</field>
    <object name="ResList">
      <field name="TypeId" type="Hash32">3AE88EFD</field>
      <field name="ResIds" type="BinHex">010000001CC27FCCB47612E7</field>
    </object>
    <object name="ResList">
      <field name="TypeId" type="Hash32">63F450D8</field>
      <field name="ResIds" type="BinHex">0400000050CBC3C29CD30A21521B56CC9C59968956CBF3C99C5996D356CBE3CD9C5996D3</field>
    </object>
    <object name="ResList">
      <field name="TypeId" type="Hash32">86E8E8BE</field>
      <field name="ResIds" type="BinHex">0200000075A070F1C7E2776A1CC27FCCB45D8EF5</field>
    </object>
  </object>
</object>