﻿<?xml version="1.0" encoding="utf-8"?>
<object name="EntityPrototype" def="ark">
  <field name="disLibItemId" type="Id64">135246428839634569</field>
  <field name="text_hidArchetypeResId" type="String">entityarchetypeslibrary\135246428839634569.ark.fcb</field>
  <field name="hidArchetypeResId" type="Hash64">1D83EB1E3B0B148C</field>
  <field name="Name" type="String">groups/groups/StorageShack_C/LightBulb_04_Yellow_58</field>
  <field name="ArchetypeName" type="String">ige_archetypes:groups/groups/storageshack_c/lightbulb_04_yellow_58</field>
  <object name="Entity">
    <field name="hidName" type="String">ige_archetypes:groups/groups/StorageShack_C/LightBulb_04_Yellow_58</field>
    <field name="text_hidEntityClass" type="String">CEntity</field>
    <field name="hidEntityClass" type="Hash32">50C95067</field>
    <field name="hidResourceCount" type="Int32">1</field>
    <field name="hidConstEntity" type="Boolean">False</field>
    <field name="text_hidArchetypeResId" type="String">entityarchetypeslibrary\135246428839634569.ark.fcb</field>
    <field name="hidArchetypeResId" type="Hash64">1D83EB1E3B0B148C</field>
    <object name="Components">
      <object name="CFileDescriptorComponent">
        <field name="hidHasAliasName" type="Boolean">False</field>
        <field name="text_fileName" type="String">graphics\_singleplayer\props\lightsources\lightbulb_01.xml</field>
        <field name="fileName" type="Hash64">3E9DB25EF19ABF0E</field>
        <field name="hidDescriptor" type="Rml">
          <rml>
            <hidDescriptor>
              <component class="GraphicComponent" version="2" detail="0">
                <object index="0" boneName="LightBulb_01_LOD0" bboxMin="-0.0998726,-0.0405445,-1.14814" bboxMax="0.0412282,0.0615099,0.0142477" />
                <resource fileName="graphics\_SinglePlayer\Props\LightSources\LightBulb_01.xbg" bboxMin="-0.101274,-0.0405445,-1.14936" bboxMax="0.0412282,0.0622342,0.0142477" />
                <skeleton_reference_list>
                  <skeleton name="LightBulb_01" index="0" pos="0,0,0" rot="1,-0,-0,-0" />
                </skeleton_reference_list>
                <material_reference_list>
                  <material name="LightBulb_Glass" shader_name="Generic_FC3" ref_shader_id="sbeaulieu-M-2011051851291978" hd="0" />
                  <material name="LightBulb_Plastic" shader_name="Generic_FC3" ref_shader_id="sbeaulieu-M-2011051841476471" hd="0" />
                </material_reference_list>
              </component>
              <component class="InteriorVolumeComponent" version="1" detail="0" />
            </hidDescriptor>
          </rml>
        </field>
      </object>
      <object name="CGraphicComponent">
        <field name="hidHasAliasName" type="Boolean">True</field>
        <field name="hidComponentClassName" type="String">CStaticGraphicComponent</field>
        <field name="bCastShadow" type="Boolean">False</field>
        <field name="bReceiveShadow" type="Boolean">True</field>
        <field name="bCastAmbientShadow" type="Boolean">False</field>
        <field name="olgLightGroup" type="Int32">129</field>
        <field name="bShowInReflection" type="Boolean">False</field>
        <field name="bAlwaysShowInReflection" type="Boolean">False</field>
        <field name="bHighLight" type="Boolean">False</field>
        <field name="bLodDitheringEnable" type="Boolean">False</field>
        <field name="matIntuitionMaterialName" type="String"></field>
        <field name="bShowThroughWithFlashing" type="Boolean">False</field>
        <field name="bBackDrop" type="Boolean">False</field>
        <field name="bDisableMip0ResourceLoading" type="BinHex">00</field>
        <field hash="F41DCC4F" type="BinHex">0000000000000000</field>
        <field name="hidIndex" type="Int32">0</field>
        <field name="text_fileModel" type="String">graphics\_singleplayer\props\lightsources\lightbulb_01.xbg</field>
        <field name="fileModel" type="Hash64">31C4225EF19ABF0E</field>
        <field name="hidMeshName" type="String"></field>
        <field name="hidScale" type="Vector3">1,1,1</field>
        <object name="MaterialLightSwitch">
          <field name="hidSharedDataHandlerHash" type="Hash64">ABDBD8A0F12F677F</field>
          <object name="MaterialSlots">
            <object name="Material">
              <field name="text_disSlotPathId" type="String">graphics\_materials\sbeaulieu-m-2011051851291978.material.bin</field>
              <field name="disSlotPathId" type="Hash64">92426A4E273C3DAD</field>
              <field name="text_matMaterial" type="String"></field>
              <field name="matMaterial" type="Hash64">FFFFFFFFFFFFFFFF</field>
              <field name="disHD" type="BinHex">00</field>
            </object>
            <object name="Material">
              <field name="text_disSlotPathId" type="String">graphics\_materials\sbeaulieu-m-2011051841476471.material.bin</field>
              <field name="disSlotPathId" type="Hash64">DA783E3506EC20A3</field>
              <field name="text_matMaterial" type="String"></field>
              <field name="matMaterial" type="Hash64">FFFFFFFFFFFFFFFF</field>
              <field name="disHD" type="BinHex">00</field>
            </object>
          </object>
        </object>
        <object name="MaterialOverrides">
          <field name="hidSharedDataHandlerHash" type="Hash64">12CA01B541E5AD49</field>
          <object name="MaterialSlots">
            <object name="Material">
              <field name="text_disSlotPathId" type="String">graphics\_materials\sbeaulieu-m-2011051851291978.material.bin</field>
              <field name="disSlotPathId" type="Hash64">92426A4E273C3DAD</field>
              <field name="text_matMaterial" type="String"></field>
              <field name="matMaterial" type="Hash64">FFFFFFFFFFFFFFFF</field>
              <field name="disHD" type="BinHex">00</field>
            </object>
            <object name="Material">
              <field name="text_disSlotPathId" type="String">graphics\_materials\sbeaulieu-m-2011051841476471.material.bin</field>
              <field name="disSlotPathId" type="Hash64">DA783E3506EC20A3</field>
              <field name="text_matMaterial" type="String"></field>
              <field name="matMaterial" type="Hash64">FFFFFFFFFFFFFFFF</field>
              <field name="disHD" type="BinHex">00</field>
            </object>
          </object>
        </object>
        <object name="hidModelLODs" />
        <object name="hidModelDistancesLODs" />
      </object>
      <object name="CMinimapComponent">
        <field name="hidHasAliasName" type="Boolean">False</field>
        <field name="minimapobjectinfoObjectInfo" type="BinHex">FFFFFFFF00000000</field>
      </object>
    </object>
  </object>
  <object name="ResPack">
    <field name="Count" type="BinHex">01000000</field>
    <object name="ResList">
      <field name="TypeId" type="Hash32">86E8E8BE</field>
      <field name="ResIds" type="BinHex">010000000EBF9AF15E22C431</field>
    </object>
  </object>
</object>