﻿<?xml version="1.0" encoding="utf-8"?>
<object name="EntityPrototype" def="ark">
  <field name="disLibItemId" type="Id64">13790160469069837061</field>
  <field name="text_hidArchetypeResId" type="String">entityarchetypeslibrary\13790160469069837061.ark.fcb</field>
  <field name="hidArchetypeResId" type="Hash64">4EDEF40246F612D2</field>
  <field name="Name" type="String">prefabs/FCC_OW_Prefabs/GenericHamlets/VillageShop/BarrelOld_01_10</field>
  <field name="ArchetypeName" type="String">ige_archetypes:prefabs/fcc_ow_prefabs/generichamlets/villageshop/barrelold_01_10</field>
  <object name="Entity">
    <field name="hidName" type="String">ige_archetypes:prefabs/FCC_OW_Prefabs/GenericHamlets/VillageShop/BarrelOld_01_10</field>
    <field name="text_hidEntityClass" type="String">CEntity</field>
    <field name="hidEntityClass" type="Hash32">50C95067</field>
    <field name="hidResourceCount" type="Int32">7</field>
    <field name="hidConstEntity" type="Boolean">False</field>
    <field name="text_hidArchetypeResId" type="String">entityarchetypeslibrary\13790160469069837061.ark.fcb</field>
    <field name="hidArchetypeResId" type="Hash64">4EDEF40246F612D2</field>
    <object name="Components">
      <object name="CFileDescriptorComponent">
        <field name="hidHasAliasName" type="Boolean">False</field>
        <field name="text_fileName" type="String">graphics\_singleplayer\props\containers\barrelold_01.xml</field>
        <field name="fileName" type="Hash64">0FA54224133F6881</field>
        <field name="hidDescriptor" type="Rml">
          <rml>
            <hidDescriptor>
              <component class="GraphicComponent" version="2" detail="0">
                <object index="0" boneName="BarrelOld_01_LOD0" bboxMin="-0.378728,-0.422136,-0.00195572" bboxMax="0.387847,0.390537,0.992521" />
                <resource fileName="graphics\_SinglePlayer\Props\Containers\BarrelOld_01.xbg" bboxMin="-0.382132,-0.422136,-0.00195572" bboxMax="0.392751,0.390537,0.992727" />
                <skeleton_reference_list>
                  <skeleton name="BarrelOld_01" index="0" pos="0,0,0" rot="1,-0,-0,-0" />
                </skeleton_reference_list>
                <material_reference_list>
                  <material name="NepalFlagFabric_Multicolor" shader_name="Generic_FC3" ref_shader_id="skovalchuk-M-20130215132821" hd="0" />
                  <material name="Sim_WoodPlanks_01" shader_name="Simple" ref_shader_id="ipapismado-M-20130703104304" hd="0" />
                  <material name="Sim_WoodCracked_01" shader_name="Simple" ref_shader_id="Sbeaulieu-M-20130430131709" hd="0" />
                </material_reference_list>
              </component>
              <component class="InteriorVolumeComponent" version="1" detail="0" />
              <component class="StaticPhysComponent">
                <resource fileName="graphics\_SinglePlayer\Props\Containers\BarrelOld_01.hkx" />
              </component>
            </hidDescriptor>
          </rml>
        </field>
      </object>
      <object name="CObjectIgnitorCreatorComponent">
        <field name="hidHasAliasName" type="Boolean">False</field>
      </object>
      <object name="CGraphicComponent">
        <field name="hidHasAliasName" type="Boolean">True</field>
        <field name="hidComponentClassName" type="String">CStaticGraphicComponent</field>
        <field name="bCastShadow" type="Boolean">True</field>
        <field name="bReceiveShadow" type="Boolean">True</field>
        <field name="bCastAmbientShadow" type="Boolean">True</field>
        <field name="olgLightGroup" type="Int32">129</field>
        <field name="bShowInReflection" type="Boolean">False</field>
        <field name="bAlwaysShowInReflection" type="Boolean">False</field>
        <field name="bHighLight" type="Boolean">False</field>
        <field name="bLodDitheringEnable" type="Boolean">True</field>
        <field name="matIntuitionMaterialName" type="String"></field>
        <field name="bShowThroughWithFlashing" type="Boolean">False</field>
        <field name="bBackDrop" type="Boolean">False</field>
        <field name="bDisableMip0ResourceLoading" type="BinHex">00</field>
        <field hash="F41DCC4F" type="BinHex">0000000000000000</field>
        <field name="hidIndex" type="Int32">0</field>
        <field name="text_fileModel" type="String">graphics\_singleplayer\props\containers\barrelold_01.xbg</field>
        <field name="fileModel" type="Hash64">00FCD224133F6881</field>
        <field name="hidMeshName" type="String"></field>
        <field name="hidScale" type="Vector3">1,1,1</field>
        <object name="MaterialLightSwitch">
          <field name="hidSharedDataHandlerHash" type="Hash64">343D04BF5877150F</field>
          <object name="MaterialSlots">
            <object name="Material">
              <field name="text_disSlotPathId" type="String">graphics\_materials\sbeaulieu-m-20130430131709.material.bin</field>
              <field name="disSlotPathId" type="Hash64">58817E08ECCE7314</field>
              <field name="text_matMaterial" type="String"></field>
              <field name="matMaterial" type="Hash64">FFFFFFFFFFFFFFFF</field>
              <field name="disHD" type="BinHex">00</field>
            </object>
            <object name="Material">
              <field name="text_disSlotPathId" type="String">graphics\_materials\ipapismado-m-20130703104304.material.bin</field>
              <field name="disSlotPathId" type="Hash64">B53E54AE2DC5E67B</field>
              <field name="text_matMaterial" type="String"></field>
              <field name="matMaterial" type="Hash64">FFFFFFFFFFFFFFFF</field>
              <field name="disHD" type="BinHex">00</field>
            </object>
            <object name="Material">
              <field name="text_disSlotPathId" type="String">graphics\_materials\skovalchuk-m-20130215132821.material.bin</field>
              <field name="disSlotPathId" type="Hash64">F7490535B18B1F32</field>
              <field name="text_matMaterial" type="String"></field>
              <field name="matMaterial" type="Hash64">FFFFFFFFFFFFFFFF</field>
              <field name="disHD" type="BinHex">00</field>
            </object>
          </object>
        </object>
        <object name="MaterialOverrides">
          <field name="hidSharedDataHandlerHash" type="Hash64">EE4B3ADCFE91B673</field>
          <object name="MaterialSlots">
            <object name="Material">
              <field name="text_disSlotPathId" type="String">graphics\_materials\sbeaulieu-m-20130430131709.material.bin</field>
              <field name="disSlotPathId" type="Hash64">58817E08ECCE7314</field>
              <field name="text_matMaterial" type="String"></field>
              <field name="matMaterial" type="Hash64">FFFFFFFFFFFFFFFF</field>
              <field name="disHD" type="BinHex">00</field>
            </object>
            <object name="Material">
              <field name="text_disSlotPathId" type="String">graphics\_materials\ipapismado-m-20130703104304.material.bin</field>
              <field name="disSlotPathId" type="Hash64">B53E54AE2DC5E67B</field>
              <field name="text_matMaterial" type="String"></field>
              <field name="matMaterial" type="Hash64">FFFFFFFFFFFFFFFF</field>
              <field name="disHD" type="BinHex">00</field>
            </object>
            <object name="Material">
              <field name="text_disSlotPathId" type="String">graphics\_materials\skovalchuk-m-20130215132821.material.bin</field>
              <field name="disSlotPathId" type="Hash64">F7490535B18B1F32</field>
              <field name="text_matMaterial" type="String"></field>
              <field name="matMaterial" type="Hash64">FFFFFFFFFFFFFFFF</field>
              <field name="disHD" type="BinHex">00</field>
            </object>
          </object>
        </object>
        <object name="hidModelLODs" />
        <object name="hidModelDistancesLODs" />
      </object>
      <object name="CStaticPhysComponent">
        <field name="hidHasAliasName" type="Boolean">False</field>
        <field name="text_hidResourceId" type="String">graphics\_singleplayer\props\containers\barrelold_01.hkx</field>
        <field name="hidResourceId" type="Hash64">1260F924133F6881</field>
        <field hash="C784A41F" type="BinHex">01</field>
        <field name="bUseMaxTerrainSlope" type="Boolean">False</field>
        <field name="bIgnoreInExplosions" type="Boolean">False</field>
        <field name="selOverrideSlideAngle" type="BinHex">00000000</field>
        <field name="bAnimateable" type="Boolean">False</field>
        <field hash="AAFA0C31" type="BinHex">01</field>
        <field hash="BF1EB181" type="BinHex">00</field>
        <field name="bIgnoreBreakableEventsForEver" type="BinHex">00</field>
        <field name="bIgnoreBreakableEventsTemporarily" type="BinHex">00</field>
        <field name="bImmuneToDamage" type="BinHex">00</field>
        <field name="bNoCollision" type="BinHex">00</field>
        <field name="bLargeEntity" type="Boolean">False</field>
        <field name="hidResourceIndex" type="Int32">0</field>
        <field name="bEncounterTeleportToGroundOnCreate" type="BinHex">00</field>
        <field name="bNoDecals" type="BinHex">00</field>
        <field name="bPatchNavmesh" type="BinHex">00</field>
        <field name="bAffectNavMesh" type="Boolean">True</field>
        <object name="LogicMaterialOverrides">
          <object name="LogicMaterial">
            <field name="logmatLogicMaterial" type="Int32">16</field>
            <field name="text_disSlotName" type="String">SCOL001</field>
            <field name="disSlotName" type="Hash32">A70FAFD2</field>
          </object>
          <object name="LogicMaterial">
            <field name="logmatLogicMaterial" type="Int32">16</field>
            <field name="text_disSlotName" type="String">CCOL001</field>
            <field name="disSlotName" type="Hash32">C0D1331C</field>
          </object>
        </object>
        <object name="hidTheSharedMap">
          <field name="hidSharedDataHandlerHash" type="Hash64">2D93AE7ADA3E5885</field>
        </object>
      </object>
      <object name="CCoverComponent">
        <field name="hidHasAliasName" type="Boolean">False</field>
        <object name="Covers">
          <object name="Cover">
            <field name="bUseMetadataOnEmptyInstance" type="BinHex">01</field>
            <field name="bIsFPCover" type="BinHex">01</field>
            <field name="hidTransform" type="BinHex">0000803F000000000000000000000000000000000000803F000000000000000000000000000000000000803F0000000000005C4055870E405723133F0000803F</field>
            <field name="selCoverObjectType" type="BinHex">00000000</field>
            <object name="hidCoverInformation">
              <object name="hidState">
                <object name="hidCover">
                  <field name="State" type="BinHex">FFFFFFFF</field>
                  <object name="CoverPoints" />
                  <object name="CoverLinks" />
                  <object name="CoverAnchors" />
                </object>
              </object>
            </object>
          </object>
        </object>
      </object>
      <object hash="0C5A5F7D">
        <field name="hidHasAliasName" type="Boolean">False</field>
        <object hash="D89DA0E2">
          <field name="sndvarMIMUHBRes" type="BinHex">01000000</field>
          <field hash="EB9B8FFE" type="BinHex">00000000</field>
          <field name="MaterialId" type="BinHex">00000000</field>
          <field name="RulesBus" type="BinHex">00000000</field>
        </object>
      </object>
      <object name="CInteriorVolumeComponent">
        <field name="hidHasAliasName" type="Boolean">False</field>
        <field name="text_fileModel" type="String"></field>
        <field name="fileModel" type="Hash64">FFFFFFFFFFFFFFFF</field>
        <field name="intambientInteriorAmbient" type="Id64">4294967295</field>
        <field name="bEnabled" type="Boolean">True</field>
        <field name="Priority" type="UInt32">0</field>
      </object>
      <object name="CMinimapComponent">
        <field name="hidHasAliasName" type="Boolean">False</field>
        <field name="minimapobjectinfoObjectInfo" type="BinHex">FFFFFFFF00000000</field>
      </object>
      <object name="CIgnitorComponent">
        <field name="hidHasAliasName" type="Boolean">False</field>
        <field name="hidInjected" type="Boolean">True</field>
        <field name="fireobjObjectProfile_SP" type="Id64">3193554488</field>
        <field name="fireobjObjectProfile_MP" type="Id64">4294967295</field>
        <field name="bIgniteAutoFire" type="BinHex">00</field>
        <field name="bIgniteNoPropagate" type="BinHex">00</field>
        <field name="bUseLargeParticlePool" type="BinHex">00</field>
        <object name="IgnitorStims">
          <field name="bIgniteOnBurn" type="BinHex">01</field>
          <field name="bIgniteOnPierce" type="BinHex">00</field>
          <field name="bIgniteOnCrush" type="BinHex">00</field>
          <field name="bIgniteOnExplosion" type="BinHex">00</field>
          <field name="bIgniteOnMolotovExplosion" type="BinHex">00</field>
          <field name="bIgniteOnPoison" type="BinHex">00</field>
          <field name="bIgniteOnUse" type="BinHex">00</field>
        </object>
      </object>
      <object name="CSoundComponent">
        <field name="hidHasAliasName" type="Boolean">False</field>
        <field name="hidInjected" type="Boolean">True</field>
        <field name="sndptSoundPoint" type="Hash64">00000000FFFFFFFF</field>
        <field name="bStopSoundOnStateChange" type="Boolean">False</field>
        <field name="bAlwaysUpdate" type="Boolean">False</field>
      </object>
      <object name="CObjectSoundAndFXComponent">
        <field name="hidHasAliasName" type="Boolean">False</field>
        <field name="hidInjected" type="Boolean">True</field>
        <object name="Impact">
          <field name="matimpDropImpact" type="BinHex">13A07BD800000000</field>
          <field name="fSpeedForMaxDropImpactVolume" type="Float32">0</field>
          <field name="fMinimalCollisionSpeed" type="Float32">3</field>
          <field name="bIsSingleDropImpactObject" type="Boolean">False</field>
          <object name="MovementSound">
            <field name="sndRollingSound" type="String">0x000A95FB</field>
            <field name="sndRollingSoundEnd" type="String">0x000A9609</field>
            <field name="sndtpRollingSoundType" type="Int32">11</field>
            <field name="sndSlidingSound" type="String">0x000A95FC</field>
            <field name="sndSlidingSoundEnd" type="String">0x000A960A</field>
            <field name="sndtpSlidingSoundType" type="Int32">11</field>
            <field name="sndmlObjectMovementMultilayer" type="BinHex">0B6A4500</field>
          </object>
        </object>
        <object name="Falling">
          <field name="bAllowAfterCollision" type="Boolean">False</field>
          <field name="sndFallingSound" type="String">0xFFFFFFFF</field>
          <field name="sndtpFallingType" type="Int32">-1</field>
          <field name="fSpeedToPlayFallingSound" type="Float32">0</field>
          <field name="FallingSoundTimeTrigger" type="BinHex">00000000</field>
        </object>
        <object name="Water">
          <field name="fZMinSpeedToTriggerSplash" type="Float32">1</field>
          <field name="fZMaxSpeedToTriggerSplash" type="Float32">5</field>
          <field name="fZMinSplashScale" type="Float32">1</field>
          <field name="fZMaxSplashScale" type="Float32">1.2</field>
          <field name="fZSpeedForMaxSplashVolume" type="Float32">0</field>
        </object>
        <object name="WaterWave">
          <field name="zSpeedToTriggerWaterWave" type="Float32">1</field>
          <field name="zMaxSpeedToTriggerWaterWave" type="Float32">5</field>
          <field name="minWaterWavePressure" type="Float32">0.2</field>
          <field name="maxWaterWavePressure" type="Float32">1</field>
          <field name="minWaterWaveSpeed" type="Float32">1</field>
          <field name="maxWaterWaveSpeed" type="Float32">1.5</field>
          <field name="minWaterWaveWaveLength" type="Float32">0.2</field>
          <field name="maxWaterWaveWaveLength" type="Float32">0.4</field>
          <field name="minWaterWaveDuration" type="Float32">0.5</field>
          <field name="maxWaterWaveDuration" type="Float32">1.5</field>
          <field name="minWaterWaveStartTime" type="Float32">0</field>
          <field name="maxWaterWaveStartTime" type="Float32">0.2</field>
          <field name="minWaterWaveTimeExponent" type="Float32">1</field>
          <field name="maxWaterWaveTimeExponent" type="Float32">1</field>
        </object>
      </object>
    </object>
  </object>
  <object name="ResPack">
    <field name="Count" type="BinHex">0F000000</field>
    <object name="ResList">
      <field name="TypeId" type="Hash32">3AE88EFD</field>
      <field name="ResIds" type="BinHex">0100000081683F1324F96012</field>
    </object>
    <object name="ResList">
      <field name="TypeId" type="Hash32">44601C12</field>
      <field name="ResIds" type="BinHex">08000000DB9118164D72252BBCF21B16085BC86308B3101608D1E272983A1D164DC4E772CD551E164D37619E7D341D16085B6A9E7AF41B16081EF5D82A3BABB99E5CB1D9</field>
    </object>
    <object name="ResList">
      <field name="TypeId" type="Hash32">63F450D8</field>
      <field name="ResIds" type="BinHex">0500000048CFF3B99CD34B56986DE1BA9CD34B56986D51BB9CD34B5648CF73C39CD34B56584B2ECC9CD34B56</field>
    </object>
    <object name="ResList">
      <field name="TypeId" type="Hash32">86E8E8BE</field>
      <field name="ResIds" type="BinHex">0100000081683F1324D2FC00</field>
    </object>
  </object>
</object>