﻿<?xml version="1.0" encoding="utf-8"?>
<object name="EntityPrototype" def="ark">
  <field name="disLibItemId" type="Id64">13817182066834060039</field>
  <field name="text_hidArchetypeResId" type="String">entityarchetypeslibrary\13817182066834060039.ark.fcb</field>
  <field name="hidArchetypeResId" type="Hash64">346A862CF7D1D40A</field>
  <field name="Name" type="String">prefabs/FCC_OW_Prefabs/GenericHamlets/VillageShop/Hanging_Baskets_01_3</field>
  <field name="ArchetypeName" type="String">ige_archetypes:prefabs/fcc_ow_prefabs/generichamlets/villageshop/hanging_baskets_01_3</field>
  <object name="Entity">
    <field name="hidName" type="String">ige_archetypes:prefabs/FCC_OW_Prefabs/GenericHamlets/VillageShop/Hanging_Baskets_01_3</field>
    <field name="text_hidEntityClass" type="String">CEntity</field>
    <field name="hidEntityClass" type="Hash32">50C95067</field>
    <field name="hidResourceCount" type="Int32">7</field>
    <field name="hidConstEntity" type="Boolean">False</field>
    <field name="text_hidArchetypeResId" type="String">entityarchetypeslibrary\13817182066834060039.ark.fcb</field>
    <field name="hidArchetypeResId" type="Hash64">346A862CF7D1D40A</field>
    <object name="Components">
      <object name="CFileDescriptorComponent">
        <field name="hidHasAliasName" type="Boolean">False</field>
        <field name="text_fileName" type="String">graphics\_singleplayer\props\household\hanging_baskets_01.xml</field>
        <field name="fileName" type="Hash64">D391D2B6F29D9318</field>
        <field name="hidDescriptor" type="Rml">
          <rml>
            <hidDescriptor>
              <component class="GraphicComponent" version="2" detail="0">
                <object index="0" meshName="STATE01__MASTER" boneName="STATE01__MASTER" bboxMin="-0.323258,-0.322446,-1.15878" bboxMax="0.325405,0.326216,-0.011254" />
                <object index="1" meshName="STATE02_A__Destroyed_A" boneName="STATE02_A__Destroyed_A" bboxMin="-0.267657,-0.292498,-0.906002" bboxMax="0.298281,0.270868,-0.00752068" />
                <object index="2" meshName="STATE02_D__HINGE_ANCHOR" boneName="STATE02_D__HINGE_ANCHOR" bboxMin="0.00627912,0.00330328,-0.00525963" bboxMax="0.0100945,0.00705913,-0.00513343" />
                <object index="3" meshName="STATE02_B__Destroyed_B" boneName="STATE02_B__Destroyed_B" bboxMin="-0.246815,-0.170385,-1.17991" bboxMax="0.370837,0.353639,-0.658677" />
                <object index="4" meshName="STATE02_C__Destroyed_C" boneName="STATE02_C__Destroyed_C" bboxMin="-0.347038,-0.327589,-1.16356" bboxMax="0.222951,0.159362,-0.94049" />
                <resource fileName="graphics\_SinglePlayer\Props\Household\Hanging_Baskets_01.xbg" bboxMin="-0.347038,-0.327591,0.363881" bboxMax="0.370837,0.353639,1.54118" />
                <skeleton_reference_list>
                  <skeleton name="Hanging_Baskets_01" index="0" pos="0,0,0" rot="1,-0,-0,-0">
                    <bone name="STATE" pos="0,0,0" rot="1,0,0,0">
                      <bone name="STATE01__MASTER" pos="0,0,1.5398" rot="1,0,0,0">
                        <bone name="FX01" pos="0,0,-0.908632" rot="1,0,0,0" />
                        <bone name="FX02" pos="0,0,-0.974313" rot="1,0,0,0" />
                      </bone>
                      <bone name="STATE02_A__Destroyed_A" pos="0,0,1.54453" rot="1,0,0,0" />
                      <bone name="STATE02_D__HINGE_ANCHOR" pos="0,0,1.54175" rot="1,0,0,0" />
                      <bone name="STATE02_B__Destroyed_B" pos="0,0,1.54453" rot="1,0,0,0" />
                      <bone name="STATE02_C__Destroyed_C" pos="0,0,1.54453" rot="1,0,0,0" />
                    </bone>
                  </skeleton>
                </skeleton_reference_list>
                <material_reference_list>
                  <material name="Sim_Mosaic_01" shader_name="Simple" ref_shader_id="skovalchuk-M-20130819095708" hd="0" />
                  <material name="FcG_WaveRattan_01" shader_name="Generic_FC3" ref_shader_id="skovalchuk-M-20130618150812" hd="0" />
                  <material name="Sim_RopeBasic_01" shader_name="Simple" ref_shader_id="skovalchuk-M-20130617141029" hd="0" />
                  <material name="Simple_MetalLeakyRust" shader_name="Simple" ref_shader_id="snadeau2-M-20120228161757" hd="0" />
                  <material name="Sim_WoodCracked_01" shader_name="Simple" ref_shader_id="Sbeaulieu-M-20130430131709" hd="0" />
                </material_reference_list>
              </component>
              <component class="InteriorVolumeComponent" version="1" detail="0" />
              <component class="CompoundPhysComponent">
                <nodes stateIndexStart="5" hasStatic="1">
                  <stateNode boneIndex="1" index="5" name="STATE">
                    <state index="0">
                      <body index="0" objectIndex="0" boneIndex="2" name="STATE01__MASTER">
                        <fx boneIndex="3" />
                        <fx boneIndex="4" />
                      </body>
                    </state>
                    <state index="1">
                      <body index="1" objectIndex="1" boneIndex="5" name="STATE02_A__Destroyed_A" />
                      <body index="4" objectIndex="2" boneIndex="6" name="STATE02_D__HINGE_ANCHOR" />
                      <body index="2" objectIndex="3" boneIndex="7" name="STATE02_B__Destroyed_B" />
                      <body index="3" objectIndex="4" boneIndex="8" name="STATE02_C__Destroyed_C" />
                    </state>
                  </stateNode>
                </nodes>
                <resource fileName="graphics\_SinglePlayer\Props\Household\Hanging_Baskets_01.hkx" />
              </component>
              <component class="ParticleFXComponent">
                <FX01 psEmitter="" />
                <FX02 psEmitter="" />
              </component>
            </hidDescriptor>
          </rml>
        </field>
      </object>
      <object name="CGraphicComponent">
        <field name="hidHasAliasName" type="Boolean">False</field>
        <field name="bCastShadow" type="Boolean">True</field>
        <field name="bReceiveShadow" type="Boolean">True</field>
        <field name="bCastAmbientShadow" type="Boolean">True</field>
        <field name="olgLightGroup" type="Int32">129</field>
        <field name="bShowInReflection" type="Boolean">False</field>
        <field name="bAlwaysShowInReflection" type="Boolean">False</field>
        <field name="bHighLight" type="Boolean">False</field>
        <field name="bLodDitheringEnable" type="Boolean">True</field>
        <field name="matIntuitionMaterialName" type="String"></field>
        <field name="bShowThroughWithFlashing" type="Boolean">False</field>
        <field name="bBackDrop" type="Boolean">False</field>
        <field name="bDisableMip0ResourceLoading" type="BinHex">00</field>
        <field hash="F41DCC4F" type="BinHex">0000000000000000</field>
        <field name="bAllowCullBySize" type="Boolean">True</field>
        <field name="bMotionBlurExclusion" type="Boolean">False</field>
        <field name="text_currentSkin" type="String"></field>
        <field name="currentSkin" type="Hash32">FFFFFFFF</field>
        <field name="bUseCurrentSkin" type="Boolean">False</field>
        <object name="MaterialLightSwitch">
          <field name="hidSharedDataHandlerHash" type="Hash64">E77AD5231FE03955</field>
          <object name="MaterialSlots">
            <object name="Material">
              <field name="text_disSlotPathId" type="String">graphics\_materials\sbeaulieu-m-20130430131709.material.bin</field>
              <field name="disSlotPathId" type="Hash64">58817E08ECCE7314</field>
              <field name="text_matMaterial" type="String"></field>
              <field name="matMaterial" type="Hash64">FFFFFFFFFFFFFFFF</field>
              <field name="disHD" type="BinHex">00</field>
            </object>
            <object name="Material">
              <field name="text_disSlotPathId" type="String">graphics\_materials\skovalchuk-m-20130819095708.material.bin</field>
              <field name="disSlotPathId" type="Hash64">6994398777CD1DD4</field>
              <field name="text_matMaterial" type="String"></field>
              <field name="matMaterial" type="Hash64">FFFFFFFFFFFFFFFF</field>
              <field name="disHD" type="BinHex">00</field>
            </object>
            <object name="Material">
              <field name="text_disSlotPathId" type="String">graphics\_materials\snadeau2-m-20120228161757.material.bin</field>
              <field name="disSlotPathId" type="Hash64">8C97ACE7833C25B0</field>
              <field name="text_matMaterial" type="String"></field>
              <field name="matMaterial" type="Hash64">FFFFFFFFFFFFFFFF</field>
              <field name="disHD" type="BinHex">00</field>
            </object>
            <object name="Material">
              <field name="text_disSlotPathId" type="String">graphics\_materials\skovalchuk-m-20130617141029.material.bin</field>
              <field name="disSlotPathId" type="Hash64">CEA1956607665AF8</field>
              <field name="text_matMaterial" type="String"></field>
              <field name="matMaterial" type="Hash64">FFFFFFFFFFFFFFFF</field>
              <field name="disHD" type="BinHex">00</field>
            </object>
            <object name="Material">
              <field name="text_disSlotPathId" type="String">graphics\_materials\skovalchuk-m-20130618150812.material.bin</field>
              <field name="disSlotPathId" type="Hash64">F4FB3E1DDCBFBE3D</field>
              <field name="text_matMaterial" type="String"></field>
              <field name="matMaterial" type="Hash64">FFFFFFFFFFFFFFFF</field>
              <field name="disHD" type="BinHex">00</field>
            </object>
          </object>
        </object>
        <object name="MaterialOverrides">
          <field name="hidSharedDataHandlerHash" type="Hash64">409DF872F5693913</field>
          <object name="MaterialSlots">
            <object name="Material">
              <field name="text_disSlotPathId" type="String">graphics\_materials\sbeaulieu-m-20130430131709.material.bin</field>
              <field name="disSlotPathId" type="Hash64">58817E08ECCE7314</field>
              <field name="text_matMaterial" type="String"></field>
              <field name="matMaterial" type="Hash64">FFFFFFFFFFFFFFFF</field>
              <field name="disHD" type="BinHex">00</field>
            </object>
            <object name="Material">
              <field name="text_disSlotPathId" type="String">graphics\_materials\skovalchuk-m-20130819095708.material.bin</field>
              <field name="disSlotPathId" type="Hash64">6994398777CD1DD4</field>
              <field name="text_matMaterial" type="String"></field>
              <field name="matMaterial" type="Hash64">FFFFFFFFFFFFFFFF</field>
              <field name="disHD" type="BinHex">00</field>
            </object>
            <object name="Material">
              <field name="text_disSlotPathId" type="String">graphics\_materials\snadeau2-m-20120228161757.material.bin</field>
              <field name="disSlotPathId" type="Hash64">8C97ACE7833C25B0</field>
              <field name="text_matMaterial" type="String"></field>
              <field name="matMaterial" type="Hash64">FFFFFFFFFFFFFFFF</field>
              <field name="disHD" type="BinHex">00</field>
            </object>
            <object name="Material">
              <field name="text_disSlotPathId" type="String">graphics\_materials\skovalchuk-m-20130617141029.material.bin</field>
              <field name="disSlotPathId" type="Hash64">CEA1956607665AF8</field>
              <field name="text_matMaterial" type="String"></field>
              <field name="matMaterial" type="Hash64">FFFFFFFFFFFFFFFF</field>
              <field name="disHD" type="BinHex">00</field>
            </object>
            <object name="Material">
              <field name="text_disSlotPathId" type="String">graphics\_materials\skovalchuk-m-20130618150812.material.bin</field>
              <field name="disSlotPathId" type="Hash64">F4FB3E1DDCBFBE3D</field>
              <field name="text_matMaterial" type="String"></field>
              <field name="matMaterial" type="Hash64">FFFFFFFFFFFFFFFF</field>
              <field name="disHD" type="BinHex">00</field>
            </object>
          </object>
        </object>
        <object name="SkinList">
          <object name="Skin">
            <field name="text_name" type="String"></field>
            <field name="name" type="Hash32">FFFFFFFF</field>
            <field name="locSkinNameId" type="Int32">-1</field>
            <field name="bIsExcludedFromRandomSkin" type="Boolean">False</field>
            <object name="MaterialOverrides">
              <field name="hidSharedDataHandlerHash" type="Hash64">1A9641302CFD8B37</field>
              <object name="MaterialSlots" />
            </object>
          </object>
        </object>
        <object name="object">
          <field name="hidIndex" type="Int32">0</field>
          <field name="text_fileModel" type="String">graphics\_singleplayer\props\household\hanging_baskets_01.xbg</field>
          <field name="fileModel" type="Hash64">DCC842B6F29D9318</field>
          <field name="hidMeshName" type="String">STATE01__MASTER</field>
          <field name="text_hidNodeName" type="String">STATE01__MASTER</field>
          <field name="hidNodeName" type="Hash32">EAF8BEB4</field>
          <field name="text_hidNodeNameLOD0" type="String">STATE01__MASTER_LOD0</field>
          <field name="hidNodeNameLOD0" type="Hash32">630596A1</field>
          <field name="hidDetailObject" type="Boolean">False</field>
        </object>
        <object name="object">
          <field name="hidIndex" type="Int32">1</field>
          <field name="text_fileModel" type="String">graphics\_singleplayer\props\household\hanging_baskets_01.xbg</field>
          <field name="fileModel" type="Hash64">DCC842B6F29D9318</field>
          <field name="hidMeshName" type="String">STATE02_A__Destroyed_A</field>
          <field name="text_hidNodeName" type="String">STATE02_A__Destroyed_A</field>
          <field name="hidNodeName" type="Hash32">7604CCC1</field>
          <field name="text_hidNodeNameLOD0" type="String">STATE02_A__Destroyed_A_LOD0</field>
          <field name="hidNodeNameLOD0" type="Hash32">F22BDEAB</field>
          <field name="hidDetailObject" type="Boolean">False</field>
        </object>
        <object name="object">
          <field name="hidIndex" type="Int32">2</field>
          <field name="text_fileModel" type="String">graphics\_singleplayer\props\household\hanging_baskets_01.xbg</field>
          <field name="fileModel" type="Hash64">DCC842B6F29D9318</field>
          <field name="hidMeshName" type="String">STATE02_D__HINGE_ANCHOR</field>
          <field name="text_hidNodeName" type="String">STATE02_D__HINGE_ANCHOR</field>
          <field name="hidNodeName" type="Hash32">48945925</field>
          <field name="text_hidNodeNameLOD0" type="String">STATE02_D__HINGE_ANCHOR_LOD0</field>
          <field name="hidNodeNameLOD0" type="Hash32">19370DAF</field>
          <field name="hidDetailObject" type="Boolean">False</field>
        </object>
        <object name="object">
          <field name="hidIndex" type="Int32">3</field>
          <field name="text_fileModel" type="String">graphics\_singleplayer\props\household\hanging_baskets_01.xbg</field>
          <field name="fileModel" type="Hash64">DCC842B6F29D9318</field>
          <field name="hidMeshName" type="String">STATE02_B__Destroyed_B</field>
          <field name="text_hidNodeName" type="String">STATE02_B__Destroyed_B</field>
          <field name="hidNodeName" type="Hash32">936CB8A0</field>
          <field name="text_hidNodeNameLOD0" type="String">STATE02_B__Destroyed_B_LOD0</field>
          <field name="hidNodeNameLOD0" type="Hash32">D7E92AAC</field>
          <field name="hidDetailObject" type="Boolean">False</field>
        </object>
        <object name="object">
          <field name="hidIndex" type="Int32">4</field>
          <field name="text_fileModel" type="String">graphics\_singleplayer\props\household\hanging_baskets_01.xbg</field>
          <field name="fileModel" type="Hash64">DCC842B6F29D9318</field>
          <field name="hidMeshName" type="String">STATE02_C__Destroyed_C</field>
          <field name="text_hidNodeName" type="String">STATE02_C__Destroyed_C</field>
          <field name="hidNodeName" type="Hash32">79646940</field>
          <field name="text_hidNodeNameLOD0" type="String">STATE02_C__Destroyed_C_LOD0</field>
          <field name="hidNodeNameLOD0" type="Hash32">CB577951</field>
          <field name="hidDetailObject" type="Boolean">False</field>
        </object>
        <object name="object">
          <field name="hidIndex" type="Int32">5</field>
          <field name="text_fileModel" type="String"></field>
          <field name="fileModel" type="Hash64">FFFFFFFFFFFFFFFF</field>
          <field name="hidMeshName" type="String"></field>
          <field name="text_hidNodeName" type="String"></field>
          <field name="hidNodeName" type="Hash32">FFFFFFFF</field>
          <field name="text_hidNodeNameLOD0" type="String"></field>
          <field name="hidNodeNameLOD0" type="Hash32">FFFFFFFF</field>
          <field name="hidDetailObject" type="Boolean">False</field>
        </object>
        <object name="hidSharedDescriptors">
          <field name="hidSharedDataHandlerHash" type="Hash64">B59C84FF84830028</field>
        </object>
      </object>
      <object name="CCompoundPhysComponent">
        <field name="hidHasAliasName" type="Boolean">False</field>
        <field name="text_hidResourceId" type="String">graphics\_singleplayer\props\household\hanging_baskets_01.hkx</field>
        <field name="hidResourceId" type="Hash64">CE5469B6F29D9318</field>
        <field hash="C784A41F" type="BinHex">01</field>
        <field name="bAnimateable" type="Boolean">False</field>
        <field name="fMinImpactSpeedForDamage" type="Float32">1</field>
        <field name="bCreateAsStatic" type="Boolean">False</field>
        <field name="bForceNavMeshGeneration" type="BinHex">00</field>
        <field name="bPatchNavMesh" type="BinHex">00</field>
        <field name="bSupportExternalConstraint" type="Boolean">True</field>
        <field name="bUseMaxTerrainSlope" type="Boolean">False</field>
        <field name="bUseFastCollision" type="Boolean">True</field>
        <field name="bUseDestructionKickThreshold" type="BinHex">01</field>
        <field name="bAnimatedControlPos" type="BinHex">00</field>
        <field name="fSelfCollOverrideSpeed" type="Float32">200</field>
        <field name="hidHasStatic" type="Boolean">True</field>
        <field name="hidNodeType" type="UInt32">0</field>
        <field name="sndExitSound" type="String">0xFFFFFFFF</field>
        <field name="sndExitGroupSound" type="String">0xFFFFFFFF</field>
        <field name="sndtpSoundType" type="Int32">-1</field>
        <field name="bTriggerClusterExplosions" type="BinHex">00</field>
        <field name="fBurnStimDamageMaxDistance" type="BinHex">000080BF</field>
        <object name="LogicMaterialOverrides">
          <object name="LogicMaterial">
            <field name="logmatLogicMaterial" type="Int32">17</field>
            <field name="text_disSlotName" type="String">SCOL006</field>
            <field name="disSlotName" type="Hash32">396B3A71</field>
          </object>
          <object name="LogicMaterial">
            <field name="logmatLogicMaterial" type="Int32">17</field>
            <field name="text_disSlotName" type="String">SCOL002</field>
            <field name="disSlotName" type="Hash32">3E06FE68</field>
          </object>
          <object name="LogicMaterial">
            <field name="logmatLogicMaterial" type="Int32">17</field>
            <field name="text_disSlotName" type="String">SCOL003</field>
            <field name="disSlotName" type="Hash32">4901CEFE</field>
          </object>
          <object name="LogicMaterial">
            <field name="logmatLogicMaterial" type="Int32">17</field>
            <field name="text_disSlotName" type="String">SCOL007</field>
            <field name="disSlotName" type="Hash32">4E6C0AE7</field>
          </object>
          <object name="LogicMaterial">
            <field name="logmatLogicMaterial" type="Int32">17</field>
            <field name="text_disSlotName" type="String">SCOL005</field>
            <field name="disSlotName" type="Hash32">A0626BCB</field>
          </object>
          <object name="LogicMaterial">
            <field name="logmatLogicMaterial" type="Int32">17</field>
            <field name="text_disSlotName" type="String">SCOL001</field>
            <field name="disSlotName" type="Hash32">A70FAFD2</field>
          </object>
          <object name="LogicMaterial">
            <field name="logmatLogicMaterial" type="Int32">17</field>
            <field name="text_disSlotName" type="String">CCOL001</field>
            <field name="disSlotName" type="Hash32">C0D1331C</field>
          </object>
          <object name="LogicMaterial">
            <field name="logmatLogicMaterial" type="Int32">17</field>
            <field name="text_disSlotName" type="String">SCOL004</field>
            <field name="disSlotName" type="Hash32">D7655B5D</field>
          </object>
          <object name="LogicMaterial">
            <field name="logmatLogicMaterial" type="Int32">17</field>
            <field name="text_disSlotName" type="String">SCOL008</field>
            <field name="disSlotName" type="Hash32">DED31776</field>
          </object>
        </object>
        <object name="hidTheSharedMap">
          <field name="hidSharedDataHandlerHash" type="Hash64">4F7706197F50336E</field>
        </object>
        <object name="Damage">
          <field name="bDamageable" type="BinHex">01</field>
          <field name="bPlayerOnly" type="BinHex">00</field>
        </object>
        <object name="RootNode">
          <field name="text_disName" type="String">STATE</field>
          <field name="disName" type="BinHex">4B10C754</field>
          <field name="unFirstStateIndex" type="BinHex">00000000</field>
          <field name="hidBoneIndex" type="UInt32">1</field>
          <object name="States">
            <field name="Count" type="BinHex">02000000</field>
            <object name="State_1cfbcdec6180081c">
              <field name="hid_VTHandler_ElementId" type="String">State_1cfbcdec6180081c</field>
              <field name="disIndex" type="UInt32">0</field>
              <field name="hidNodeType" type="UInt32">1</field>
              <field name="bSendStimToNextState" type="Boolean">False</field>
              <field name="bSendDamageToNextState" type="BinHex">00</field>
              <object name="StateSubNode">
                <field name="text_disName" type="String">STATE01__MASTER</field>
                <field name="disName" type="BinHex">B4BEF8EA</field>
                <field name="fHealth" type="Float32">100</field>
                <field name="fMass" type="Float32">0</field>
                <field name="fExplosionForceOnCreate" type="Float32">1</field>
                <field name="fPiercingForceOnCreate" type="Float32">1</field>
                <field name="fMinimumSpeedForDamageStim" type="Float32">6</field>
                <field name="vectorDirectionOnCreate" type="BinHex">000000000000000000000000</field>
                <field name="bOverwriteCreationVelocity" type="BinHex">00</field>
                <field name="sndInitSound" type="String">0xFFFFFFFF</field>
                <field name="sndStopInitSound" type="String">0xFFFFFFFF</field>
                <field name="sndExitSound" type="String">0x00294A6C</field>
                <field name="sndExitGroupSound" type="String">0xFFFFFFFF</field>
                <field name="sndtpSoundType" type="Int32">11</field>
                <field name="bSoundMustFollowEntity" type="BinHex">00</field>
                <field name="vectorCenterOfMassOffset" type="Vector3">0,0,0</field>
                <field name="fFloatingScale" type="Float32">0.6</field>
                <field name="bForceActivatedOnCreate" type="BinHex">00</field>
                <field name="fWaterFriction" type="Float32">2</field>
                <field name="bStartEffectsOnCreate" type="BinHex">00</field>
                <field name="bStopTheStartEffectsOnDestroy" type="Boolean">False</field>
                <field name="bPropagateVelocityIfStatic" type="BinHex">00</field>
                <field name="bDoFakeExplosion" type="BinHex">00</field>
                <field name="bExplodes" type="BinHex">01</field>
                <field name="fRotationMultiplier" type="Float32">0.5</field>
                <field name="fWindForceMultiplier" type="Float32">0</field>
                <field name="bExcludeFromDynamicLimiter" type="BinHex">00</field>
                <field name="hidResIndex" type="UInt32">0</field>
                <field name="hidGraphicIndex" type="Int32">0</field>
                <object name="Explosion">
                  <field name="vectorSelfForce" type="BinHex">000020410000000000000000</field>
                  <field name="fPartsForce" type="Float32">0</field>
                  <field name="vectorExplosionCenter" type="BinHex">000000000000000000000000</field>
                  <object name="ExplosionStim">
                    <field name="hidEventName" type="String">Stims</field>
                    <field name="bSupportForDualComponent" type="Boolean">False</field>
                    <field name="hidTargetEntityId" type="Hash64">FFFFFFFFFFFFFFFF</field>
                    <field name="text_sDetail" type="String">explosion</field>
                    <field name="sDetail" type="Hash32">7197611C</field>
                    <field name="selFilterSubType" type="Enum">0</field>
                    <field name="fLevel" type="Float32">0</field>
                    <field name="vectorImpactPos" type="Vector3">0,0,0</field>
                    <field name="fRadius" type="Float32">0</field>
                    <field name="bFalloff" type="Boolean">False</field>
                    <field name="fFalloffMinLevel" type="Float32">1</field>
                    <field name="fFalloffInterpolationFactor" type="Float32">0</field>
                    <field name="bUseNewFalloffCurve" type="Boolean">False</field>
                    <field name="arkFalloffCurve" type="Id64">0</field>
                    <field name="fObliterationRadius" type="Float32">2</field>
                    <field name="hidShowType" type="Boolean">False</field>
                    <field name="hidShowRadius" type="Boolean">True</field>
                    <field name="fDuration" type="Float32">0</field>
                    <field name="bRollDiceForEachEntity" type="BinHex">01</field>
                    <field name="fPhysImpulse" type="Float32">25</field>
                    <field name="fPhysImpulse_z_multiplier" type="Float32">2</field>
                    <field name="fPhysImpulse_x_multiplier" type="Float32">1</field>
                    <field name="fPhysImpulse_y_multiplier" type="Float32">1</field>
                    <field name="fRealTreeImpulseMultiplier" type="Float32">1500</field>
                    <field name="fRealTreeRadiusMultiplier" type="Float32">1</field>
                    <object name="FilterFlags">
                      <field name="bCommon" type="Boolean">True</field>
                      <field name="bSinglePlayer" type="Boolean">False</field>
                      <field name="bPvP" type="Boolean">False</field>
                      <field name="bCoop" type="Boolean">False</field>
                      <field name="bShangriLa" type="Boolean">False</field>
                      <field name="bArena" type="Boolean">False</field>
                      <field name="bChannel0" type="Boolean">False</field>
                      <field name="bChannel1" type="BinHex">00</field>
                      <field name="bChannel2" type="BinHex">00</field>
                    </object>
                    <object name="DiceRolls">
                      <object name="Dice">
                        <field name="fMinValue" type="Float32">0</field>
                        <field name="fMaxValue" type="Float32">0</field>
                        <field name="fStepSize" type="Float32">1</field>
                        <field name="nNbRolls" type="Int32">1</field>
                      </object>
                    </object>
                  </object>
                  <object name="ExtraStims">
                    <object name="Stim">
                      <field name="hidEventName" type="String">Stims</field>
                      <field name="bSupportForDualComponent" type="Boolean">False</field>
                      <field name="hidTargetEntityId" type="Hash64">FFFFFFFFFFFFFFFF</field>
                      <field name="text_sDetail" type="String"></field>
                      <field name="sDetail" type="Hash32">FFFFFFFF</field>
                      <field name="selType" type="Enum">0</field>
                      <field name="fLevel" type="Float32">0</field>
                      <field name="vectorImpactPos" type="Vector3">0,0,0</field>
                      <field name="fRadius" type="Float32">0</field>
                      <field name="bFalloff" type="Boolean">False</field>
                      <field name="fFalloffMinLevel" type="Float32">1</field>
                      <field name="fFalloffInterpolationFactor" type="Float32">0</field>
                      <field name="bUseNewFalloffCurve" type="Boolean">False</field>
                      <field name="arkFalloffCurve" type="Id64">0</field>
                      <field name="hidShowType" type="Boolean">True</field>
                      <field name="hidShowRadius" type="Boolean">True</field>
                      <field name="fDuration" type="Float32">0</field>
                      <object name="FilterFlags">
                        <field name="bCommon" type="Boolean">True</field>
                        <field name="bSinglePlayer" type="Boolean">False</field>
                        <field name="bPvP" type="Boolean">False</field>
                        <field name="bCoop" type="Boolean">False</field>
                        <field name="bShangriLa" type="Boolean">False</field>
                        <field name="bArena" type="Boolean">False</field>
                        <field name="bChannel0" type="Boolean">False</field>
                        <field name="bChannel1" type="BinHex">00</field>
                        <field name="bChannel2" type="BinHex">00</field>
                      </object>
                    </object>
                  </object>
                  <object name="hidExplosionSharedData">
                    <field name="hidSharedDataHandlerHash" type="Hash64">9BA08451C17A8FCD</field>
                  </object>
                </object>
                <object name="Stim">
                  <field name="bPierceStim" type="Boolean">True</field>
                  <field name="bCrushStim" type="Boolean">True</field>
                  <field name="bBurnStim" type="Boolean">True</field>
                  <field name="bExplosionStim" type="Boolean">True</field>
                  <field name="bExplosionGrenadeStim" type="Boolean">True</field>
                  <field name="bExplosionRPGStim" type="Boolean">True</field>
                  <field name="bExplosionIEDStim" type="Boolean">True</field>
                  <field name="bExplosionSplashStim" type="Boolean">True</field>
                  <field name="bArrowStim" type="Boolean">False</field>
                  <field name="bCutStim" type="Boolean">True</field>
                  <field name="bAnimalCrushStim" type="BinHex">01</field>
                  <field name="bRiddenAnimalAttackStim" type="BinHex">01</field>
                  <field name="bRiddenAnimalImpulseAtPos" type="BinHex">01</field>
                  <field name="bKickingStim" type="BinHex">01</field>
                  <field name="fPierceDamageMultiplier" type="Float32">1</field>
                  <field name="fCrushDamageMultiplier" type="Float32">1</field>
                  <field name="fBurnDamageMultiplier" type="Float32">1</field>
                  <field name="fExplosionDamageMultiplier" type="Float32">1</field>
                  <field name="fExplosionGrenadeDamageMultiplier" type="Float32">1</field>
                  <field name="fExplosionRPGDamageMultiplier" type="Float32">1</field>
                  <field name="fExplosionIEDDamageMultiplier" type="Float32">1</field>
                  <field name="fExplosionSplashDamageMultiplier" type="Float32">1</field>
                  <field name="fArrowDamageMultiplier" type="Float32">1</field>
                  <field name="fCutDamageMultiplier" type="Float32">1</field>
                  <field name="fAnimalCrushDamageMultiplier" type="Float32">1</field>
                  <field name="fRiddenAnimalAttackDamageMultiplier" type="Float32">1</field>
                  <field name="fKickingDamageMultiplier" type="Float32">1</field>
                  <field name="fBulletImpulseScale" type="Float32">1</field>
                  <field name="fExplosionImpulseScale" type="Float32">0.0811</field>
                  <field name="fRiddenAnimalAttackImpulseScale" type="Float32">1</field>
                  <field name="fAnimalCrushStimImpulseScale" type="Float32">1</field>
                  <field name="fAnimalCrushStimAngularImpulseScale" type="Float32">1</field>
                  <field name="fRiddenAnimalCrushStimAngularImpulseScale" type="Float32">1</field>
                  <field name="fKickingImpulseScale" type="Float32">1</field>
                  <field name="fCutImpulseScale" type="Float32">1</field>
                  <field name="vectorRiddenAnimalCrushStimRandomAngularImpulseScale" type="BinHex">000000000000000000000000</field>
                </object>
                <object name="hidEffectBones">
                  <object name="hidBone">
                    <field name="hidIndex" type="Int32">3</field>
                  </object>
                  <object name="hidBone">
                    <field name="hidIndex" type="Int32">4</field>
                  </object>
                </object>
              </object>
              <object name="OnDamage">
                <field name="selNextState" type="BinHex">02000000</field>
              </object>
              <object name="OnEvent">
                <field name="bTriggerEffects" type="BinHex">00</field>
                <field name="selNextState" type="BinHex">02000000</field>
                <field name="sndExitSound" type="String">0xFFFFFFFF</field>
                <field name="sndExitGroupSound" type="String">0xFFFFFFFF</field>
                <field name="sndtpSoundType" type="Int32">-1</field>
                <field name="bSoundMustFollowEntity" type="BinHex">00</field>
                <field name="bExplodes" type="BinHex">00</field>
              </object>
            </object>
            <object name="State_1cfbcdec6180081d">
              <field name="hid_VTHandler_ElementId" type="String">State_1cfbcdec6180081d</field>
              <field name="disIndex" type="UInt32">1</field>
              <field name="hidNodeType" type="UInt32">3</field>
              <field name="bSendStimToNextState" type="Boolean">False</field>
              <field name="bSendDamageToNextState" type="BinHex">00</field>
              <object name="StateSubNode">
                <field name="text_disName" type="String"></field>
                <field name="disName" type="BinHex">FFFFFFFF</field>
                <field name="bHealthByAverage" type="BinHex">01</field>
                <object name="hidNodeTypes">
                  <object name="hidNode">
                    <field name="hidType" type="Int32">1</field>
                  </object>
                  <object name="hidNode">
                    <field name="hidType" type="Int32">1</field>
                  </object>
                  <object name="hidNode">
                    <field name="hidType" type="Int32">1</field>
                  </object>
                  <object name="hidNode">
                    <field name="hidType" type="Int32">1</field>
                  </object>
                </object>
                <object name="NodeList">
                  <object name="Node">
                    <field name="text_disName" type="String">STATE02_A__Destroyed_A</field>
                    <field name="disName" type="BinHex">C1CC0476</field>
                    <field name="fHealth" type="Float32">100</field>
                    <field name="fMass" type="Float32">5</field>
                    <field name="fExplosionForceOnCreate" type="Float32">1</field>
                    <field name="fPiercingForceOnCreate" type="Float32">1</field>
                    <field name="fMinimumSpeedForDamageStim" type="Float32">6</field>
                    <field name="vectorDirectionOnCreate" type="BinHex">000000000000000000000000</field>
                    <field name="bOverwriteCreationVelocity" type="BinHex">00</field>
                    <field name="sndInitSound" type="String">0xFFFFFFFF</field>
                    <field name="sndStopInitSound" type="String">0xFFFFFFFF</field>
                    <field name="sndExitSound" type="String">0xFFFFFFFF</field>
                    <field name="sndExitGroupSound" type="String">0xFFFFFFFF</field>
                    <field name="sndtpSoundType" type="Int32">-1</field>
                    <field name="bSoundMustFollowEntity" type="BinHex">00</field>
                    <field name="vectorCenterOfMassOffset" type="Vector3">0,0,0</field>
                    <field name="fFloatingScale" type="Float32">0.6</field>
                    <field name="bForceActivatedOnCreate" type="BinHex">00</field>
                    <field name="fWaterFriction" type="Float32">2</field>
                    <field name="bStartEffectsOnCreate" type="BinHex">00</field>
                    <field name="bStopTheStartEffectsOnDestroy" type="Boolean">False</field>
                    <field name="bPropagateVelocityIfStatic" type="BinHex">00</field>
                    <field name="bDoFakeExplosion" type="BinHex">00</field>
                    <field name="bExplodes" type="BinHex">00</field>
                    <field name="fRotationMultiplier" type="Float32">0.5</field>
                    <field name="fWindForceMultiplier" type="Float32">0</field>
                    <field name="bExcludeFromDynamicLimiter" type="BinHex">00</field>
                    <field name="hidResIndex" type="UInt32">1</field>
                    <field name="hidGraphicIndex" type="Int32">1</field>
                    <field name="index" type="BinHex">00000000</field>
                    <object name="Stim">
                      <field name="bPierceStim" type="Boolean">False</field>
                      <field name="bCrushStim" type="Boolean">False</field>
                      <field name="bBurnStim" type="Boolean">False</field>
                      <field name="bExplosionStim" type="Boolean">False</field>
                      <field name="bExplosionGrenadeStim" type="Boolean">False</field>
                      <field name="bExplosionRPGStim" type="Boolean">False</field>
                      <field name="bExplosionIEDStim" type="Boolean">False</field>
                      <field name="bExplosionSplashStim" type="Boolean">False</field>
                      <field name="bArrowStim" type="Boolean">False</field>
                      <field name="bCutStim" type="Boolean">False</field>
                      <field name="bAnimalCrushStim" type="BinHex">00</field>
                      <field name="bRiddenAnimalAttackStim" type="BinHex">00</field>
                      <field name="bRiddenAnimalImpulseAtPos" type="BinHex">00</field>
                      <field name="bKickingStim" type="BinHex">00</field>
                      <field name="fPierceDamageMultiplier" type="Float32">1</field>
                      <field name="fCrushDamageMultiplier" type="Float32">1</field>
                      <field name="fBurnDamageMultiplier" type="Float32">1</field>
                      <field name="fExplosionDamageMultiplier" type="Float32">1</field>
                      <field name="fExplosionGrenadeDamageMultiplier" type="Float32">1</field>
                      <field name="fExplosionRPGDamageMultiplier" type="Float32">1</field>
                      <field name="fExplosionIEDDamageMultiplier" type="Float32">1</field>
                      <field name="fExplosionSplashDamageMultiplier" type="Float32">1</field>
                      <field name="fArrowDamageMultiplier" type="Float32">1</field>
                      <field name="fCutDamageMultiplier" type="Float32">1</field>
                      <field name="fAnimalCrushDamageMultiplier" type="Float32">1</field>
                      <field name="fRiddenAnimalAttackDamageMultiplier" type="Float32">1</field>
                      <field name="fKickingDamageMultiplier" type="Float32">1</field>
                      <field name="fBulletImpulseScale" type="Float32">0.1</field>
                      <field name="fExplosionImpulseScale" type="Float32">0.01</field>
                      <field name="fRiddenAnimalAttackImpulseScale" type="Float32">0.1</field>
                      <field name="fAnimalCrushStimImpulseScale" type="Float32">0.1</field>
                      <field name="fAnimalCrushStimAngularImpulseScale" type="Float32">0.1</field>
                      <field name="fRiddenAnimalCrushStimAngularImpulseScale" type="Float32">0.1</field>
                      <field name="fKickingImpulseScale" type="Float32">0.1</field>
                      <field name="fCutImpulseScale" type="Float32">0.1</field>
                      <field name="vectorRiddenAnimalCrushStimRandomAngularImpulseScale" type="BinHex">000000000000000000000000</field>
                    </object>
                    <object name="hidEffectBones" />
                  </object>
                  <object name="Node">
                    <field name="text_disName" type="String">STATE02_D__HINGE_ANCHOR</field>
                    <field name="disName" type="BinHex">25599448</field>
                    <field name="fHealth" type="Float32">100</field>
                    <field name="fMass" type="Float32">0</field>
                    <field name="fExplosionForceOnCreate" type="Float32">1</field>
                    <field name="fPiercingForceOnCreate" type="Float32">1</field>
                    <field name="fMinimumSpeedForDamageStim" type="Float32">6</field>
                    <field name="vectorDirectionOnCreate" type="BinHex">000000000000000000000000</field>
                    <field name="bOverwriteCreationVelocity" type="BinHex">00</field>
                    <field name="sndInitSound" type="String">0xFFFFFFFF</field>
                    <field name="sndStopInitSound" type="String">0xFFFFFFFF</field>
                    <field name="sndExitSound" type="String">0xFFFFFFFF</field>
                    <field name="sndExitGroupSound" type="String">0xFFFFFFFF</field>
                    <field name="sndtpSoundType" type="Int32">-1</field>
                    <field name="bSoundMustFollowEntity" type="BinHex">00</field>
                    <field name="vectorCenterOfMassOffset" type="Vector3">0,0,0</field>
                    <field name="fFloatingScale" type="Float32">0.6</field>
                    <field name="bForceActivatedOnCreate" type="BinHex">00</field>
                    <field name="fWaterFriction" type="Float32">2</field>
                    <field name="bStartEffectsOnCreate" type="BinHex">00</field>
                    <field name="bStopTheStartEffectsOnDestroy" type="Boolean">False</field>
                    <field name="bPropagateVelocityIfStatic" type="BinHex">00</field>
                    <field name="bDoFakeExplosion" type="BinHex">00</field>
                    <field name="bExplodes" type="BinHex">00</field>
                    <field name="fRotationMultiplier" type="Float32">0.5</field>
                    <field name="fWindForceMultiplier" type="Float32">0</field>
                    <field name="bExcludeFromDynamicLimiter" type="BinHex">00</field>
                    <field name="hidResIndex" type="UInt32">4</field>
                    <field name="hidGraphicIndex" type="Int32">2</field>
                    <field name="index" type="BinHex">01000000</field>
                    <object name="Stim">
                      <field name="bPierceStim" type="Boolean">False</field>
                      <field name="bCrushStim" type="Boolean">False</field>
                      <field name="bBurnStim" type="Boolean">False</field>
                      <field name="bExplosionStim" type="Boolean">False</field>
                      <field name="bExplosionGrenadeStim" type="Boolean">False</field>
                      <field name="bExplosionRPGStim" type="Boolean">False</field>
                      <field name="bExplosionIEDStim" type="Boolean">False</field>
                      <field name="bExplosionSplashStim" type="Boolean">False</field>
                      <field name="bArrowStim" type="Boolean">False</field>
                      <field name="bCutStim" type="Boolean">False</field>
                      <field name="bAnimalCrushStim" type="BinHex">00</field>
                      <field name="bRiddenAnimalAttackStim" type="BinHex">00</field>
                      <field name="bRiddenAnimalImpulseAtPos" type="BinHex">00</field>
                      <field name="bKickingStim" type="BinHex">00</field>
                      <field name="fPierceDamageMultiplier" type="Float32">1</field>
                      <field name="fCrushDamageMultiplier" type="Float32">1</field>
                      <field name="fBurnDamageMultiplier" type="Float32">1</field>
                      <field name="fExplosionDamageMultiplier" type="Float32">1</field>
                      <field name="fExplosionGrenadeDamageMultiplier" type="Float32">1</field>
                      <field name="fExplosionRPGDamageMultiplier" type="Float32">1</field>
                      <field name="fExplosionIEDDamageMultiplier" type="Float32">1</field>
                      <field name="fExplosionSplashDamageMultiplier" type="Float32">1</field>
                      <field name="fArrowDamageMultiplier" type="Float32">1</field>
                      <field name="fCutDamageMultiplier" type="Float32">1</field>
                      <field name="fAnimalCrushDamageMultiplier" type="Float32">1</field>
                      <field name="fRiddenAnimalAttackDamageMultiplier" type="Float32">1</field>
                      <field name="fKickingDamageMultiplier" type="Float32">1</field>
                      <field name="fBulletImpulseScale" type="Float32">1</field>
                      <field name="fExplosionImpulseScale" type="Float32">1</field>
                      <field name="fRiddenAnimalAttackImpulseScale" type="Float32">1</field>
                      <field name="fAnimalCrushStimImpulseScale" type="Float32">1</field>
                      <field name="fAnimalCrushStimAngularImpulseScale" type="Float32">1</field>
                      <field name="fRiddenAnimalCrushStimAngularImpulseScale" type="Float32">1</field>
                      <field name="fKickingImpulseScale" type="Float32">1</field>
                      <field name="fCutImpulseScale" type="Float32">1</field>
                      <field name="vectorRiddenAnimalCrushStimRandomAngularImpulseScale" type="BinHex">000000000000000000000000</field>
                    </object>
                    <object name="hidEffectBones" />
                  </object>
                  <object name="Node">
                    <field name="text_disName" type="String">STATE02_B__Destroyed_B</field>
                    <field name="disName" type="BinHex">A0B86C93</field>
                    <field name="fHealth" type="Float32">100</field>
                    <field name="fMass" type="Float32">5</field>
                    <field name="fExplosionForceOnCreate" type="Float32">1</field>
                    <field name="fPiercingForceOnCreate" type="Float32">1</field>
                    <field name="fMinimumSpeedForDamageStim" type="Float32">6</field>
                    <field name="vectorDirectionOnCreate" type="BinHex">000000000000000000000000</field>
                    <field name="bOverwriteCreationVelocity" type="BinHex">00</field>
                    <field name="sndInitSound" type="String">0xFFFFFFFF</field>
                    <field name="sndStopInitSound" type="String">0xFFFFFFFF</field>
                    <field name="sndExitSound" type="String">0xFFFFFFFF</field>
                    <field name="sndExitGroupSound" type="String">0xFFFFFFFF</field>
                    <field name="sndtpSoundType" type="Int32">-1</field>
                    <field name="bSoundMustFollowEntity" type="BinHex">00</field>
                    <field name="vectorCenterOfMassOffset" type="Vector3">0,0,0</field>
                    <field name="fFloatingScale" type="Float32">0.6</field>
                    <field name="bForceActivatedOnCreate" type="BinHex">00</field>
                    <field name="fWaterFriction" type="Float32">2</field>
                    <field name="bStartEffectsOnCreate" type="BinHex">00</field>
                    <field name="bStopTheStartEffectsOnDestroy" type="Boolean">False</field>
                    <field name="bPropagateVelocityIfStatic" type="BinHex">00</field>
                    <field name="bDoFakeExplosion" type="BinHex">00</field>
                    <field name="bExplodes" type="BinHex">00</field>
                    <field name="fRotationMultiplier" type="Float32">0.5</field>
                    <field name="fWindForceMultiplier" type="Float32">0</field>
                    <field name="bExcludeFromDynamicLimiter" type="BinHex">00</field>
                    <field name="hidResIndex" type="UInt32">2</field>
                    <field name="hidGraphicIndex" type="Int32">3</field>
                    <field name="index" type="BinHex">02000000</field>
                    <object name="Stim">
                      <field name="bPierceStim" type="Boolean">False</field>
                      <field name="bCrushStim" type="Boolean">False</field>
                      <field name="bBurnStim" type="Boolean">False</field>
                      <field name="bExplosionStim" type="Boolean">False</field>
                      <field name="bExplosionGrenadeStim" type="Boolean">False</field>
                      <field name="bExplosionRPGStim" type="Boolean">False</field>
                      <field name="bExplosionIEDStim" type="Boolean">False</field>
                      <field name="bExplosionSplashStim" type="Boolean">False</field>
                      <field name="bArrowStim" type="Boolean">False</field>
                      <field name="bCutStim" type="Boolean">False</field>
                      <field name="bAnimalCrushStim" type="BinHex">00</field>
                      <field name="bRiddenAnimalAttackStim" type="BinHex">00</field>
                      <field name="bRiddenAnimalImpulseAtPos" type="BinHex">00</field>
                      <field name="bKickingStim" type="BinHex">00</field>
                      <field name="fPierceDamageMultiplier" type="Float32">1</field>
                      <field name="fCrushDamageMultiplier" type="Float32">1</field>
                      <field name="fBurnDamageMultiplier" type="Float32">1</field>
                      <field name="fExplosionDamageMultiplier" type="Float32">1</field>
                      <field name="fExplosionGrenadeDamageMultiplier" type="Float32">1</field>
                      <field name="fExplosionRPGDamageMultiplier" type="Float32">1</field>
                      <field name="fExplosionIEDDamageMultiplier" type="Float32">1</field>
                      <field name="fExplosionSplashDamageMultiplier" type="Float32">1</field>
                      <field name="fArrowDamageMultiplier" type="Float32">1</field>
                      <field name="fCutDamageMultiplier" type="Float32">1</field>
                      <field name="fAnimalCrushDamageMultiplier" type="Float32">1</field>
                      <field name="fRiddenAnimalAttackDamageMultiplier" type="Float32">1</field>
                      <field name="fKickingDamageMultiplier" type="Float32">1</field>
                      <field name="fBulletImpulseScale" type="Float32">1</field>
                      <field name="fExplosionImpulseScale" type="Float32">1</field>
                      <field name="fRiddenAnimalAttackImpulseScale" type="Float32">1</field>
                      <field name="fAnimalCrushStimImpulseScale" type="Float32">1</field>
                      <field name="fAnimalCrushStimAngularImpulseScale" type="Float32">1</field>
                      <field name="fRiddenAnimalCrushStimAngularImpulseScale" type="Float32">1</field>
                      <field name="fKickingImpulseScale" type="Float32">1</field>
                      <field name="fCutImpulseScale" type="Float32">1</field>
                      <field name="vectorRiddenAnimalCrushStimRandomAngularImpulseScale" type="BinHex">000000000000000000000000</field>
                    </object>
                    <object name="hidEffectBones" />
                  </object>
                  <object name="Node">
                    <field name="text_disName" type="String">STATE02_C__Destroyed_C</field>
                    <field name="disName" type="BinHex">40696479</field>
                    <field name="fHealth" type="Float32">100</field>
                    <field name="fMass" type="Float32">5</field>
                    <field name="fExplosionForceOnCreate" type="Float32">1</field>
                    <field name="fPiercingForceOnCreate" type="Float32">1</field>
                    <field name="fMinimumSpeedForDamageStim" type="Float32">6</field>
                    <field name="vectorDirectionOnCreate" type="BinHex">000000000000000000000000</field>
                    <field name="bOverwriteCreationVelocity" type="BinHex">00</field>
                    <field name="sndInitSound" type="String">0xFFFFFFFF</field>
                    <field name="sndStopInitSound" type="String">0xFFFFFFFF</field>
                    <field name="sndExitSound" type="String">0xFFFFFFFF</field>
                    <field name="sndExitGroupSound" type="String">0xFFFFFFFF</field>
                    <field name="sndtpSoundType" type="Int32">-1</field>
                    <field name="bSoundMustFollowEntity" type="BinHex">00</field>
                    <field name="vectorCenterOfMassOffset" type="Vector3">0,0,0</field>
                    <field name="fFloatingScale" type="Float32">0.6</field>
                    <field name="bForceActivatedOnCreate" type="BinHex">00</field>
                    <field name="fWaterFriction" type="Float32">2</field>
                    <field name="bStartEffectsOnCreate" type="BinHex">00</field>
                    <field name="bStopTheStartEffectsOnDestroy" type="Boolean">False</field>
                    <field name="bPropagateVelocityIfStatic" type="BinHex">00</field>
                    <field name="bDoFakeExplosion" type="BinHex">00</field>
                    <field name="bExplodes" type="BinHex">00</field>
                    <field name="fRotationMultiplier" type="Float32">0.5</field>
                    <field name="fWindForceMultiplier" type="Float32">0</field>
                    <field name="bExcludeFromDynamicLimiter" type="BinHex">00</field>
                    <field name="hidResIndex" type="UInt32">3</field>
                    <field name="hidGraphicIndex" type="Int32">4</field>
                    <field name="index" type="BinHex">03000000</field>
                    <object name="Stim">
                      <field name="bPierceStim" type="Boolean">False</field>
                      <field name="bCrushStim" type="Boolean">False</field>
                      <field name="bBurnStim" type="Boolean">False</field>
                      <field name="bExplosionStim" type="Boolean">False</field>
                      <field name="bExplosionGrenadeStim" type="Boolean">False</field>
                      <field name="bExplosionRPGStim" type="Boolean">False</field>
                      <field name="bExplosionIEDStim" type="Boolean">False</field>
                      <field name="bExplosionSplashStim" type="Boolean">False</field>
                      <field name="bArrowStim" type="Boolean">False</field>
                      <field name="bCutStim" type="Boolean">False</field>
                      <field name="bAnimalCrushStim" type="BinHex">00</field>
                      <field name="bRiddenAnimalAttackStim" type="BinHex">00</field>
                      <field name="bRiddenAnimalImpulseAtPos" type="BinHex">00</field>
                      <field name="bKickingStim" type="BinHex">00</field>
                      <field name="fPierceDamageMultiplier" type="Float32">1</field>
                      <field name="fCrushDamageMultiplier" type="Float32">1</field>
                      <field name="fBurnDamageMultiplier" type="Float32">1</field>
                      <field name="fExplosionDamageMultiplier" type="Float32">1</field>
                      <field name="fExplosionGrenadeDamageMultiplier" type="Float32">1</field>
                      <field name="fExplosionRPGDamageMultiplier" type="Float32">1</field>
                      <field name="fExplosionIEDDamageMultiplier" type="Float32">1</field>
                      <field name="fExplosionSplashDamageMultiplier" type="Float32">1</field>
                      <field name="fArrowDamageMultiplier" type="Float32">1</field>
                      <field name="fCutDamageMultiplier" type="Float32">1</field>
                      <field name="fAnimalCrushDamageMultiplier" type="Float32">1</field>
                      <field name="fRiddenAnimalAttackDamageMultiplier" type="Float32">1</field>
                      <field name="fKickingDamageMultiplier" type="Float32">1</field>
                      <field name="fBulletImpulseScale" type="Float32">1</field>
                      <field name="fExplosionImpulseScale" type="Float32">1</field>
                      <field name="fRiddenAnimalAttackImpulseScale" type="Float32">1</field>
                      <field name="fAnimalCrushStimImpulseScale" type="Float32">1</field>
                      <field name="fAnimalCrushStimAngularImpulseScale" type="Float32">1</field>
                      <field name="fRiddenAnimalCrushStimAngularImpulseScale" type="Float32">1</field>
                      <field name="fKickingImpulseScale" type="Float32">1</field>
                      <field name="fCutImpulseScale" type="Float32">1</field>
                      <field name="vectorRiddenAnimalCrushStimRandomAngularImpulseScale" type="BinHex">000000000000000000000000</field>
                    </object>
                    <object name="hidEffectBones" />
                  </object>
                </object>
              </object>
              <object name="OnDamage">
                <field name="selNextState" type="BinHex">00000000</field>
              </object>
              <object name="OnEvent">
                <field name="bTriggerEffects" type="BinHex">00</field>
                <field name="selNextState" type="BinHex">00000000</field>
                <field name="sndExitSound" type="String">0xFFFFFFFF</field>
                <field name="sndExitGroupSound" type="String">0xFFFFFFFF</field>
                <field name="sndtpSoundType" type="Int32">-1</field>
                <field name="bSoundMustFollowEntity" type="BinHex">00</field>
                <field name="bExplodes" type="BinHex">00</field>
              </object>
            </object>
          </object>
        </object>
      </object>
      <object name="CSimpleAnimationComponent">
        <field name="hidHasAliasName" type="Boolean">False</field>
        <field name="text_fileSkeleton" type="String">graphics\_singleplayer\props\household\hanging_baskets_01_ref.skeleton</field>
        <field name="fileSkeleton" type="Hash64">69B86DA17FD28C22</field>
        <field name="text_sPackage" type="String"></field>
        <field name="sPackage" type="Hash64">FFFFFFFFFFFFFFFF</field>
        <field name="AutoApplyDisplacement" type="Boolean">False</field>
        <field name="DynamicJointWindMultiplier" type="BinHex">000080BF</field>
        <field name="sPartName" type="String"></field>
        <field name="bEnableEvents" type="Boolean">True</field>
        <field name="bRandomStart" type="Boolean">False</field>
        <field name="text_Animation" type="String">graphics\characters\_common\animations\interaction\dingling\hanging_prop_wind_light.mab</field>
        <field name="Animation" type="Hash64">BE41AE88D35DB93A</field>
        <field name="bStartOnFinalize" type="BinHex">01</field>
        <object name="AnimPackages">
          <object hash="DA24C268">
            <field name="text_sPackage" type="String"></field>
            <field name="sPackage" type="Hash64">FFFFFFFFFFFFFFFF</field>
            <field name="text_hidName" type="String">entityarchetypeslibrary\13817182066834060039.ark.fcb</field>
            <field name="hidName" type="Hash64">346A862CF7D1D40A</field>
          </object>
        </object>
        <object name="DynamicJoints">
          <object name="Joint">
            <field name="bHD" type="Boolean">True</field>
            <field name="bUseParentAsConstraint" type="BinHex">00</field>
            <field name="text_JointName" type="String"></field>
            <field name="JointName" type="Hash32">FFFFFFFF</field>
            <field name="ZRotation" type="BinHex">00000000</field>
            <field name="YRotation" type="BinHex">00000000</field>
            <field name="AngleOfRestraint" type="Float32">90</field>
            <field name="InverseMass" type="Float32">0.4</field>
            <field name="Damping" type="Float32">0.95</field>
            <field name="Stiffness" type="Float32">-1</field>
            <field name="GravityMultiplier" type="Float32">1</field>
            <field name="selPlaneConstraintAxis" type="BinHex">FFFFFFFF</field>
            <field name="selAlignedAxis" type="BinHex">05000000</field>
          </object>
        </object>
        <object name="EventFilterMask">
          <field name="bSinglePlayer" type="Boolean">True</field>
          <field name="bPvP" type="Boolean">True</field>
          <field name="bCoop" type="Boolean">True</field>
          <field name="bShangriLa" type="Boolean">False</field>
          <field name="bArena" type="Boolean">False</field>
          <field name="bChannel0" type="Boolean">False</field>
          <field name="bChannel1" type="BinHex">00</field>
          <field name="bChannel2" type="BinHex">00</field>
        </object>
      </object>
      <object name="CMinimapComponent">
        <field name="hidHasAliasName" type="Boolean">False</field>
        <field name="minimapobjectinfoObjectInfo" type="BinHex">FFFFFFFF00000000</field>
      </object>
      <object name="CParticleFXComponent">
        <field name="hidHasAliasName" type="Boolean">False</field>
        <field name="hidInjected" type="Boolean">True</field>
        <field name="bAutoStart" type="Boolean">False</field>
        <object name="ParticleSystems">
          <object name="ParticleSystem">
            <field name="text_psEmitter" type="String">newparticles\7666749562893.part</field>
            <field name="psEmitter" type="Hash64">4729828BFF65234B</field>
            <field name="text_psInteriorEmitter" type="String"></field>
            <field name="psInteriorEmitter" type="BinHex">FFFFFFFFFFFFFFFF</field>
            <field name="bFollowEntity" type="Boolean">False</field>
            <field name="fScale" type="Float32">1</field>
            <field name="bExtinguishedByWater" type="Boolean">True</field>
            <field name="text_disFXName" type="String">FX01</field>
            <field name="disFXName" type="Hash32">730C913C</field>
          </object>
          <object name="ParticleSystem">
            <field name="text_psEmitter" type="String">newparticles\7860122603419.part</field>
            <field name="psEmitter" type="Hash64">206BBF4D1FF2575E</field>
            <field name="text_psInteriorEmitter" type="String"></field>
            <field name="psInteriorEmitter" type="BinHex">FFFFFFFFFFFFFFFF</field>
            <field name="bFollowEntity" type="Boolean">False</field>
            <field name="fScale" type="Float32">1</field>
            <field name="bExtinguishedByWater" type="Boolean">True</field>
            <field name="text_disFXName" type="String">FX02</field>
            <field name="disFXName" type="Hash32">EA05C086</field>
          </object>
        </object>
      </object>
      <object name="CIgnitorComponent">
        <field name="hidHasAliasName" type="Boolean">False</field>
        <field name="hidInjected" type="Boolean">True</field>
        <field name="fireobjObjectProfile_SP" type="Id64">3987152074</field>
        <field name="fireobjObjectProfile_MP" type="Id64">4294967295</field>
        <field name="bIgniteAutoFire" type="BinHex">00</field>
        <field name="bIgniteNoPropagate" type="BinHex">00</field>
        <field name="bUseLargeParticlePool" type="BinHex">00</field>
        <object name="IgnitorStims">
          <field name="bIgniteOnBurn" type="BinHex">01</field>
          <field name="bIgniteOnPierce" type="BinHex">00</field>
          <field name="bIgniteOnCrush" type="BinHex">00</field>
          <field name="bIgniteOnExplosion" type="BinHex">00</field>
          <field name="bIgniteOnMolotovExplosion" type="BinHex">00</field>
          <field name="bIgniteOnPoison" type="BinHex">00</field>
          <field name="bIgniteOnUse" type="BinHex">00</field>
        </object>
      </object>
    </object>
  </object>
  <object name="ResPack">
    <field name="Count" type="BinHex">07000000</field>
    <object name="ResList">
      <field name="TypeId" type="Hash32">3AE88EFD</field>
      <field name="ResIds" type="BinHex">0100000018939DF2B66954CE</field>
    </object>
    <object name="ResList">
      <field name="TypeId" type="Hash32">44601C12</field>
      <field name="ResIds" type="BinHex">020000005E57F21F4DBF6B204B2365FF8B822947</field>
    </object>
    <object name="ResList">
      <field name="TypeId" type="Hash32">4CDDA42C</field>
      <field name="ResIds" type="BinHex">01000000228CD27FA16DB869</field>
    </object>
    <object name="ResList">
      <field name="TypeId" type="Hash32">63F450D8</field>
      <field name="ResIds" type="BinHex">01000000521C96BA9C597180</field>
    </object>
    <object name="ResList">
      <field name="TypeId" type="Hash32">86E8E8BE</field>
      <field name="ResIds" type="BinHex">0100000018939DF2B642C8DC</field>
    </object>
    <object name="ResList">
      <field name="TypeId" type="Hash32">B0604725</field>
      <field name="ResIds" type="BinHex">010000003AB95DD388AE41BE</field>
    </object>
  </object>
</object>