﻿<?xml version="1.0" encoding="utf-8"?>
<object name="EntityPrototype" def="ark">
  <field name="disLibItemId" type="Id64">138408589465757</field>
  <field name="text_hidArchetypeResId" type="String">entityarchetypeslibrary\138408589465757.ark.fcb</field>
  <field name="hidArchetypeResId" type="Hash64">610F7E325C763E07</field>
  <field name="Name" type="String">prefabs/FCC_Interactive/Interactive/Alarm/Interaction/AlarmLight_01_4</field>
  <field name="ArchetypeName" type="String">ige_archetypes:prefabs/fcc_interactive/interactive/alarm/interaction/alarmlight_01_4</field>
  <object name="Entity">
    <field name="hidName" type="String">ige_archetypes:prefabs/FCC_Interactive/Interactive/Alarm/Interaction/AlarmLight_01_4</field>
    <field name="text_hidEntityClass" type="String">CEntity</field>
    <field name="hidEntityClass" type="Hash32">50C95067</field>
    <field name="hidResourceCount" type="Int32">2</field>
    <field name="hidConstEntity" type="Boolean">False</field>
    <field name="text_hidArchetypeResId" type="String">entityarchetypeslibrary\138408589465757.ark.fcb</field>
    <field name="hidArchetypeResId" type="Hash64">610F7E325C763E07</field>
    <object name="Components">
      <object name="CCoverComponent">
        <field name="hidHasAliasName" type="Boolean">False</field>
        <object name="Covers">
          <object name="Cover">
            <field name="bUseMetadataOnEmptyInstance" type="BinHex">01</field>
            <field name="bIsFPCover" type="BinHex">01</field>
            <field name="hidTransform" type="BinHex">0000803F000000000000000000000000000000000000803F000000000000000000000000000000000000803F000000000000000000000000000000000000803F</field>
            <field name="selCoverObjectType" type="BinHex">00000000</field>
            <object name="hidCoverInformation">
              <object name="hidState">
                <object name="hidCover">
                  <field name="State" type="BinHex">FFFFFFFF</field>
                  <object name="CoverPoints" />
                  <object name="CoverLinks" />
                  <object name="CoverAnchors" />
                </object>
              </object>
            </object>
          </object>
        </object>
      </object>
      <object name="CFileDescriptorComponent">
        <field name="hidHasAliasName" type="Boolean">False</field>
        <field name="text_fileName" type="String">graphics\_singleplayer\props\electronics\alarmlight_01.xml</field>
        <field name="fileName" type="Hash64">5B014F85C70E3C29</field>
        <field name="hidDescriptor" type="Rml">
          <rml>
            <hidDescriptor>
              <component class="GraphicComponent" version="2" detail="0">
                <object index="0" meshName="STATE01" boneName="STATE01" bboxMin="-0.0757752,-0.0656233,-0.000581231" bboxMax="0.0757752,0.0656233,0.406122" />
                <object index="1" meshName="STATE02" boneName="STATE02" bboxMin="-0.0757752,-0.0656233,-0.000581231" bboxMax="0.0757752,0.0656233,0.406122" />
                <object index="2" meshName="STATE03" boneName="STATE03" bboxMin="-0.0757752,-0.0656233,-0.000581231" bboxMax="0.0757752,0.0656233,0.406122" />
                <resource fileName="graphics\_SinglePlayer\Props\Electronics\AlarmLight_01.xbg" bboxMin="-0.0757752,-0.0656233,-0.000581231" bboxMax="0.0757752,0.0656233,0.406122" />
                <skeleton_reference_list>
                  <skeleton name="AlarmLight_01" index="0" pos="0,0,0" rot="1,-0,-0,-0">
                    <bone name="STATE" pos="0,0,0" rot="1,0,0,0">
                      <bone name="STATE01" pos="0,0,0" rot="1,0,0,0">
                        <bone name="FX_ST1_GreenLight" pos="0,-0,0.317895" rot="1,0,0,0" />
                      </bone>
                      <bone name="STATE02" pos="0,0,0" rot="1,0,0,0">
                        <bone name="FX_ST2_RedLight" pos="0,-0,0.318052" rot="1,0,0,0" />
                      </bone>
                      <bone name="STATE03" pos="0,0,0" rot="1,0,0,0" />
                    </bone>
                  </skeleton>
                </skeleton_reference_list>
                <material_reference_list>
                  <material name="LightBulb_Glass" shader_name="Generic_FC3" ref_shader_id="sbeaulieu-M-2011051851291978" hd="0" />
                  <material name="AlarmBox_Light_RedUnlit01" shader_name="Unlit" ref_shader_id="fmadore-M-2011102654074112" hd="0" />
                  <material name="AlarmBox_Light_GreenUnlit01" shader_name="Unlit" ref_shader_id="fmadore-M-2011102652138390" hd="0" />
                  <material name="FcG_MetalOldRusty_01" shader_name="Simple" ref_shader_id="skovalchuk-M-20140403190353" hd="0" />
                </material_reference_list>
              </component>
              <component class="InteriorVolumeComponent" version="1" detail="0" />
              <component class="CompoundPhysComponent">
                <nodes stateIndexStart="3" hasStatic="1">
                  <stateNode boneIndex="1" index="3" name="STATE">
                    <state index="0">
                      <body index="0" objectIndex="0" boneIndex="2" name="STATE01">
                        <fx boneIndex="3" />
                      </body>
                    </state>
                    <state index="1">
                      <body index="1" objectIndex="1" boneIndex="4" name="STATE02">
                        <fx boneIndex="5" />
                      </body>
                    </state>
                    <state index="2">
                      <body index="2" objectIndex="2" boneIndex="6" name="STATE03" />
                    </state>
                  </stateNode>
                </nodes>
                <resource fileName="graphics\_SinglePlayer\Props\Electronics\AlarmLight_01.hkx" />
              </component>
              <component class="ParticleFXComponent">
                <FX_ST1_GreenLight psEmitter="" />
                <FX_ST2_RedLight psEmitter="" />
              </component>
            </hidDescriptor>
          </rml>
        </field>
      </object>
      <object name="CGraphicComponent">
        <field name="hidHasAliasName" type="Boolean">False</field>
        <field name="bCastShadow" type="Boolean">True</field>
        <field name="bReceiveShadow" type="Boolean">True</field>
        <field name="bCastAmbientShadow" type="Boolean">True</field>
        <field name="olgLightGroup" type="Int32">129</field>
        <field name="bShowInReflection" type="Boolean">False</field>
        <field name="bAlwaysShowInReflection" type="Boolean">False</field>
        <field name="bHighLight" type="Boolean">False</field>
        <field name="bLodDitheringEnable" type="Boolean">True</field>
        <field name="matIntuitionMaterialName" type="String"></field>
        <field name="bShowThroughWithFlashing" type="Boolean">False</field>
        <field name="bBackDrop" type="Boolean">False</field>
        <field name="bDisableMip0ResourceLoading" type="BinHex">00</field>
        <field hash="F41DCC4F" type="BinHex">0000000000000000</field>
        <field name="bAllowCullBySize" type="Boolean">True</field>
        <field name="bMotionBlurExclusion" type="Boolean">False</field>
        <field name="text_currentSkin" type="String"></field>
        <field name="currentSkin" type="Hash32">FFFFFFFF</field>
        <field name="bUseCurrentSkin" type="Boolean">False</field>
        <object name="MaterialLightSwitch">
          <field name="hidSharedDataHandlerHash" type="Hash64">35FF59FC8E07DCAA</field>
          <object name="MaterialSlots">
            <object name="Material">
              <field name="text_disSlotPathId" type="String">graphics\_materials\fmadore-m-2011102654074112.material.bin</field>
              <field name="disSlotPathId" type="Hash64">3F2C89F027D2B829</field>
              <field name="text_matMaterial" type="String"></field>
              <field name="matMaterial" type="Hash64">FFFFFFFFFFFFFFFF</field>
              <field name="disHD" type="BinHex">00</field>
            </object>
            <object name="Material">
              <field name="text_disSlotPathId" type="String">graphics\_materials\skovalchuk-m-20140403190353.material.bin</field>
              <field name="disSlotPathId" type="Hash64">729588516B7638C5</field>
              <field name="text_matMaterial" type="String"></field>
              <field name="matMaterial" type="Hash64">FFFFFFFFFFFFFFFF</field>
              <field name="disHD" type="BinHex">00</field>
            </object>
            <object name="Material">
              <field name="text_disSlotPathId" type="String">graphics\_materials\sbeaulieu-m-2011051851291978.material.bin</field>
              <field name="disSlotPathId" type="Hash64">92426A4E273C3DAD</field>
              <field name="text_matMaterial" type="String"></field>
              <field name="matMaterial" type="Hash64">FFFFFFFFFFFFFFFF</field>
              <field name="disHD" type="BinHex">00</field>
            </object>
            <object name="Material">
              <field name="text_disSlotPathId" type="String">graphics\_materials\fmadore-m-2011102652138390.material.bin</field>
              <field name="disSlotPathId" type="Hash64">E07DA5EF8CF03803</field>
              <field name="text_matMaterial" type="String"></field>
              <field name="matMaterial" type="Hash64">FFFFFFFFFFFFFFFF</field>
              <field name="disHD" type="BinHex">00</field>
            </object>
          </object>
        </object>
        <object name="MaterialOverrides">
          <field name="hidSharedDataHandlerHash" type="Hash64">06492F4BF1BEA4B5</field>
          <object name="MaterialSlots">
            <object name="Material">
              <field name="text_disSlotPathId" type="String">graphics\_materials\fmadore-m-2011102654074112.material.bin</field>
              <field name="disSlotPathId" type="Hash64">3F2C89F027D2B829</field>
              <field name="text_matMaterial" type="String"></field>
              <field name="matMaterial" type="Hash64">FFFFFFFFFFFFFFFF</field>
              <field name="disHD" type="BinHex">00</field>
            </object>
            <object name="Material">
              <field name="text_disSlotPathId" type="String">graphics\_materials\skovalchuk-m-20140403190353.material.bin</field>
              <field name="disSlotPathId" type="Hash64">729588516B7638C5</field>
              <field name="text_matMaterial" type="String"></field>
              <field name="matMaterial" type="Hash64">FFFFFFFFFFFFFFFF</field>
              <field name="disHD" type="BinHex">00</field>
            </object>
            <object name="Material">
              <field name="text_disSlotPathId" type="String">graphics\_materials\sbeaulieu-m-2011051851291978.material.bin</field>
              <field name="disSlotPathId" type="Hash64">92426A4E273C3DAD</field>
              <field name="text_matMaterial" type="String"></field>
              <field name="matMaterial" type="Hash64">FFFFFFFFFFFFFFFF</field>
              <field name="disHD" type="BinHex">00</field>
            </object>
            <object name="Material">
              <field name="text_disSlotPathId" type="String">graphics\_materials\fmadore-m-2011102652138390.material.bin</field>
              <field name="disSlotPathId" type="Hash64">E07DA5EF8CF03803</field>
              <field name="text_matMaterial" type="String"></field>
              <field name="matMaterial" type="Hash64">FFFFFFFFFFFFFFFF</field>
              <field name="disHD" type="BinHex">00</field>
            </object>
          </object>
        </object>
        <object name="SkinList">
          <object name="Skin">
            <field name="text_name" type="String"></field>
            <field name="name" type="Hash32">FFFFFFFF</field>
            <field name="locSkinNameId" type="Int32">-1</field>
            <field name="bIsExcludedFromRandomSkin" type="Boolean">False</field>
            <object name="MaterialOverrides">
              <field name="hidSharedDataHandlerHash" type="Hash64">1A9641302CFD8B37</field>
              <object name="MaterialSlots" />
            </object>
          </object>
        </object>
        <object name="object">
          <field name="hidIndex" type="Int32">0</field>
          <field name="text_fileModel" type="String">graphics\_singleplayer\props\electronics\alarmlight_01.xbg</field>
          <field name="fileModel" type="Hash64">5458DF85C70E3C29</field>
          <field name="hidMeshName" type="String">STATE01</field>
          <field name="text_hidNodeName" type="String">STATE01</field>
          <field name="hidNodeName" type="Hash32">C17BF65B</field>
          <field name="text_hidNodeNameLOD0" type="String">STATE01_LOD0</field>
          <field name="hidNodeNameLOD0" type="Hash32">0222EECD</field>
          <field name="hidDetailObject" type="Boolean">False</field>
        </object>
        <object name="object">
          <field name="hidIndex" type="Int32">1</field>
          <field name="text_fileModel" type="String">graphics\_singleplayer\props\electronics\alarmlight_01.xbg</field>
          <field name="fileModel" type="Hash64">5458DF85C70E3C29</field>
          <field name="hidMeshName" type="String">STATE02</field>
          <field name="text_hidNodeName" type="String">STATE02</field>
          <field name="hidNodeName" type="Hash32">5872A7E1</field>
          <field name="text_hidNodeNameLOD0" type="String">STATE02_LOD0</field>
          <field name="hidNodeNameLOD0" type="Hash32">84B69C63</field>
          <field name="hidDetailObject" type="Boolean">False</field>
        </object>
        <object name="object">
          <field name="hidIndex" type="Int32">2</field>
          <field name="text_fileModel" type="String">graphics\_singleplayer\props\electronics\alarmlight_01.xbg</field>
          <field name="fileModel" type="Hash64">5458DF85C70E3C29</field>
          <field name="hidMeshName" type="String">STATE03</field>
          <field name="text_hidNodeName" type="String">STATE03</field>
          <field name="hidNodeName" type="Hash32">2F759777</field>
          <field name="text_hidNodeNameLOD0" type="String">STATE03_LOD0</field>
          <field name="hidNodeNameLOD0" type="Hash32">4FEA4FC6</field>
          <field name="hidDetailObject" type="Boolean">False</field>
        </object>
        <object name="object">
          <field name="hidIndex" type="Int32">3</field>
          <field name="text_fileModel" type="String"></field>
          <field name="fileModel" type="Hash64">FFFFFFFFFFFFFFFF</field>
          <field name="hidMeshName" type="String"></field>
          <field name="text_hidNodeName" type="String"></field>
          <field name="hidNodeName" type="Hash32">FFFFFFFF</field>
          <field name="text_hidNodeNameLOD0" type="String"></field>
          <field name="hidNodeNameLOD0" type="Hash32">FFFFFFFF</field>
          <field name="hidDetailObject" type="Boolean">False</field>
        </object>
        <object name="hidSharedDescriptors">
          <field name="hidSharedDataHandlerHash" type="Hash64">0A5B0BA9BAD40121</field>
        </object>
      </object>
      <object name="CObjectIgnitorCreatorComponent">
        <field name="hidHasAliasName" type="Boolean">False</field>
      </object>
      <object name="CSoundComponent">
        <field name="hidHasAliasName" type="Boolean">False</field>
        <field name="sndptSoundPoint" type="Hash64">00000000FFFFFFFF</field>
        <field name="bStopSoundOnStateChange" type="Boolean">False</field>
        <field name="bAlwaysUpdate" type="Boolean">False</field>
      </object>
      <object name="CCompoundPhysComponent">
        <field name="hidHasAliasName" type="Boolean">False</field>
        <field name="text_hidResourceId" type="String">graphics\_singleplayer\props\electronics\alarmlight_01.hkx</field>
        <field name="hidResourceId" type="Hash64">46C4F485C70E3C29</field>
        <field hash="C784A41F" type="BinHex">01</field>
        <field name="bAnimateable" type="Boolean">False</field>
        <field name="fMinImpactSpeedForDamage" type="Float32">1</field>
        <field name="bCreateAsStatic" type="Boolean">False</field>
        <field name="bForceNavMeshGeneration" type="BinHex">00</field>
        <field name="bPatchNavMesh" type="BinHex">00</field>
        <field name="bSupportExternalConstraint" type="Boolean">True</field>
        <field name="bUseMaxTerrainSlope" type="Boolean">False</field>
        <field name="bUseFastCollision" type="Boolean">True</field>
        <field name="bUseDestructionKickThreshold" type="BinHex">01</field>
        <field name="bAnimatedControlPos" type="BinHex">00</field>
        <field name="fSelfCollOverrideSpeed" type="Float32">200</field>
        <field name="hidHasStatic" type="Boolean">True</field>
        <field name="hidNodeType" type="UInt32">0</field>
        <field name="sndExitSound" type="String">0xFFFFFFFF</field>
        <field name="sndExitGroupSound" type="String">0xFFFFFFFF</field>
        <field name="sndtpSoundType" type="Int32">-1</field>
        <field name="bTriggerClusterExplosions" type="BinHex">00</field>
        <field name="fBurnStimDamageMaxDistance" type="BinHex">000080BF</field>
        <object name="LogicMaterialOverrides" />
        <object name="hidTheSharedMap">
          <field name="hidSharedDataHandlerHash" type="Hash64">86B8C40898DE0042</field>
        </object>
        <object name="Damage">
          <field name="bDamageable" type="BinHex">01</field>
          <field name="bPlayerOnly" type="BinHex">00</field>
        </object>
        <object name="RootNode">
          <field name="text_disName" type="String">STATE</field>
          <field name="disName" type="BinHex">4B10C754</field>
          <field name="unFirstStateIndex" type="BinHex">00000000</field>
          <field name="hidBoneIndex" type="UInt32">1</field>
          <object name="States">
            <field name="Count" type="BinHex">03000000</field>
            <object name="State_1d06fd83010006ef">
              <field name="hid_VTHandler_ElementId" type="String">State_1d06fd83010006ef</field>
              <field name="disIndex" type="UInt32">0</field>
              <field name="hidNodeType" type="UInt32">1</field>
              <field name="bSendStimToNextState" type="Boolean">False</field>
              <field name="bSendDamageToNextState" type="BinHex">00</field>
              <object name="StateSubNode">
                <field name="text_disName" type="String">STATE01</field>
                <field name="disName" type="BinHex">5BF67BC1</field>
                <field name="fHealth" type="Float32">100</field>
                <field name="fMass" type="Float32">0</field>
                <field name="fExplosionForceOnCreate" type="Float32">1</field>
                <field name="fPiercingForceOnCreate" type="Float32">1</field>
                <field name="fMinimumSpeedForDamageStim" type="Float32">6</field>
                <field name="vectorDirectionOnCreate" type="BinHex">000000000000000000000000</field>
                <field name="bOverwriteCreationVelocity" type="BinHex">00</field>
                <field name="sndInitSound" type="String">0xFFFFFFFF</field>
                <field name="sndStopInitSound" type="String">0xFFFFFFFF</field>
                <field name="sndExitSound" type="String">0xFFFFFFFF</field>
                <field name="sndExitGroupSound" type="String">0xFFFFFFFF</field>
                <field name="sndtpSoundType" type="Int32">-1</field>
                <field name="bSoundMustFollowEntity" type="BinHex">00</field>
                <field name="vectorCenterOfMassOffset" type="Vector3">0,0,0</field>
                <field name="fFloatingScale" type="Float32">0.6</field>
                <field name="bForceActivatedOnCreate" type="BinHex">00</field>
                <field name="fWaterFriction" type="Float32">2</field>
                <field name="bStartEffectsOnCreate" type="BinHex">00</field>
                <field name="bStopTheStartEffectsOnDestroy" type="Boolean">False</field>
                <field name="bPropagateVelocityIfStatic" type="BinHex">00</field>
                <field name="bDoFakeExplosion" type="BinHex">00</field>
                <field name="bExplodes" type="BinHex">00</field>
                <field name="fRotationMultiplier" type="Float32">0.5</field>
                <field name="fWindForceMultiplier" type="Float32">0</field>
                <field name="bExcludeFromDynamicLimiter" type="BinHex">00</field>
                <field name="hidResIndex" type="UInt32">0</field>
                <field name="hidGraphicIndex" type="Int32">0</field>
                <object name="Stim">
                  <field name="bPierceStim" type="Boolean">True</field>
                  <field name="bCrushStim" type="Boolean">True</field>
                  <field name="bBurnStim" type="Boolean">True</field>
                  <field name="bExplosionStim" type="Boolean">True</field>
                  <field name="bExplosionGrenadeStim" type="Boolean">True</field>
                  <field name="bExplosionRPGStim" type="Boolean">True</field>
                  <field name="bExplosionIEDStim" type="Boolean">True</field>
                  <field name="bExplosionSplashStim" type="Boolean">False</field>
                  <field name="bArrowStim" type="Boolean">True</field>
                  <field name="bCutStim" type="Boolean">True</field>
                  <field name="bAnimalCrushStim" type="BinHex">01</field>
                  <field name="bRiddenAnimalAttackStim" type="BinHex">01</field>
                  <field name="bRiddenAnimalImpulseAtPos" type="BinHex">01</field>
                  <field name="bKickingStim" type="BinHex">01</field>
                  <field name="fPierceDamageMultiplier" type="Float32">1</field>
                  <field name="fCrushDamageMultiplier" type="Float32">1</field>
                  <field name="fBurnDamageMultiplier" type="Float32">1</field>
                  <field name="fExplosionDamageMultiplier" type="Float32">1</field>
                  <field name="fExplosionGrenadeDamageMultiplier" type="Float32">1</field>
                  <field name="fExplosionRPGDamageMultiplier" type="Float32">1</field>
                  <field name="fExplosionIEDDamageMultiplier" type="Float32">1</field>
                  <field name="fExplosionSplashDamageMultiplier" type="Float32">1</field>
                  <field name="fArrowDamageMultiplier" type="Float32">1</field>
                  <field name="fCutDamageMultiplier" type="Float32">1</field>
                  <field name="fAnimalCrushDamageMultiplier" type="Float32">1</field>
                  <field name="fRiddenAnimalAttackDamageMultiplier" type="Float32">1</field>
                  <field name="fKickingDamageMultiplier" type="Float32">1</field>
                  <field name="fBulletImpulseScale" type="Float32">1</field>
                  <field name="fExplosionImpulseScale" type="Float32">1</field>
                  <field name="fRiddenAnimalAttackImpulseScale" type="Float32">1</field>
                  <field name="fAnimalCrushStimImpulseScale" type="Float32">1</field>
                  <field name="fAnimalCrushStimAngularImpulseScale" type="Float32">1</field>
                  <field name="fRiddenAnimalCrushStimAngularImpulseScale" type="Float32">1</field>
                  <field name="fKickingImpulseScale" type="Float32">1</field>
                  <field name="fCutImpulseScale" type="Float32">1</field>
                  <field name="vectorRiddenAnimalCrushStimRandomAngularImpulseScale" type="BinHex">000000000000000000000000</field>
                </object>
                <object name="hidEffectBones">
                  <object name="hidBone">
                    <field name="hidIndex" type="Int32">3</field>
                  </object>
                </object>
              </object>
              <object name="OnDamage">
                <field name="selNextState" type="BinHex">02000000</field>
              </object>
              <object name="OnEvent">
                <field name="bTriggerEffects" type="BinHex">00</field>
                <field name="selNextState" type="BinHex">02000000</field>
                <field name="sndExitSound" type="String">0xFFFFFFFF</field>
                <field name="sndExitGroupSound" type="String">0xFFFFFFFF</field>
                <field name="sndtpSoundType" type="Int32">-1</field>
                <field name="bSoundMustFollowEntity" type="BinHex">00</field>
                <field name="bExplodes" type="BinHex">00</field>
              </object>
            </object>
            <object name="State_1d06fd83010006f0">
              <field name="hid_VTHandler_ElementId" type="String">State_1d06fd83010006f0</field>
              <field name="disIndex" type="UInt32">1</field>
              <field name="hidNodeType" type="UInt32">1</field>
              <field name="bSendStimToNextState" type="Boolean">False</field>
              <field name="bSendDamageToNextState" type="BinHex">00</field>
              <object name="StateSubNode">
                <field name="text_disName" type="String">STATE02</field>
                <field name="disName" type="BinHex">E1A77258</field>
                <field name="fHealth" type="Float32">100</field>
                <field name="fMass" type="Float32">0</field>
                <field name="fExplosionForceOnCreate" type="Float32">1</field>
                <field name="fPiercingForceOnCreate" type="Float32">1</field>
                <field name="fMinimumSpeedForDamageStim" type="Float32">6</field>
                <field name="vectorDirectionOnCreate" type="BinHex">000000000000000000000000</field>
                <field name="bOverwriteCreationVelocity" type="BinHex">00</field>
                <field name="sndInitSound" type="String">0xFFFFFFFF</field>
                <field name="sndStopInitSound" type="String">0xFFFFFFFF</field>
                <field name="sndExitSound" type="String">0xFFFFFFFF</field>
                <field name="sndExitGroupSound" type="String">0xFFFFFFFF</field>
                <field name="sndtpSoundType" type="Int32">-1</field>
                <field name="bSoundMustFollowEntity" type="BinHex">00</field>
                <field name="vectorCenterOfMassOffset" type="Vector3">0,0,0</field>
                <field name="fFloatingScale" type="Float32">0.6</field>
                <field name="bForceActivatedOnCreate" type="BinHex">00</field>
                <field name="fWaterFriction" type="Float32">2</field>
                <field name="bStartEffectsOnCreate" type="BinHex">00</field>
                <field name="bStopTheStartEffectsOnDestroy" type="Boolean">False</field>
                <field name="bPropagateVelocityIfStatic" type="BinHex">00</field>
                <field name="bDoFakeExplosion" type="BinHex">00</field>
                <field name="bExplodes" type="BinHex">00</field>
                <field name="fRotationMultiplier" type="Float32">0.5</field>
                <field name="fWindForceMultiplier" type="Float32">0</field>
                <field name="bExcludeFromDynamicLimiter" type="BinHex">00</field>
                <field name="hidResIndex" type="UInt32">0</field>
                <field name="hidGraphicIndex" type="Int32">1</field>
                <object name="Stim">
                  <field name="bPierceStim" type="Boolean">True</field>
                  <field name="bCrushStim" type="Boolean">True</field>
                  <field name="bBurnStim" type="Boolean">True</field>
                  <field name="bExplosionStim" type="Boolean">True</field>
                  <field name="bExplosionGrenadeStim" type="Boolean">True</field>
                  <field name="bExplosionRPGStim" type="Boolean">True</field>
                  <field name="bExplosionIEDStim" type="Boolean">True</field>
                  <field name="bExplosionSplashStim" type="Boolean">False</field>
                  <field name="bArrowStim" type="Boolean">True</field>
                  <field name="bCutStim" type="Boolean">True</field>
                  <field name="bAnimalCrushStim" type="BinHex">01</field>
                  <field name="bRiddenAnimalAttackStim" type="BinHex">01</field>
                  <field name="bRiddenAnimalImpulseAtPos" type="BinHex">01</field>
                  <field name="bKickingStim" type="BinHex">01</field>
                  <field name="fPierceDamageMultiplier" type="Float32">1</field>
                  <field name="fCrushDamageMultiplier" type="Float32">1</field>
                  <field name="fBurnDamageMultiplier" type="Float32">1</field>
                  <field name="fExplosionDamageMultiplier" type="Float32">1</field>
                  <field name="fExplosionGrenadeDamageMultiplier" type="Float32">1</field>
                  <field name="fExplosionRPGDamageMultiplier" type="Float32">1</field>
                  <field name="fExplosionIEDDamageMultiplier" type="Float32">1</field>
                  <field name="fExplosionSplashDamageMultiplier" type="Float32">1</field>
                  <field name="fArrowDamageMultiplier" type="Float32">1</field>
                  <field name="fCutDamageMultiplier" type="Float32">1</field>
                  <field name="fAnimalCrushDamageMultiplier" type="Float32">1</field>
                  <field name="fRiddenAnimalAttackDamageMultiplier" type="Float32">1</field>
                  <field name="fKickingDamageMultiplier" type="Float32">1</field>
                  <field name="fBulletImpulseScale" type="Float32">1</field>
                  <field name="fExplosionImpulseScale" type="Float32">1</field>
                  <field name="fRiddenAnimalAttackImpulseScale" type="Float32">1</field>
                  <field name="fAnimalCrushStimImpulseScale" type="Float32">1</field>
                  <field name="fAnimalCrushStimAngularImpulseScale" type="Float32">1</field>
                  <field name="fRiddenAnimalCrushStimAngularImpulseScale" type="Float32">1</field>
                  <field name="fKickingImpulseScale" type="Float32">1</field>
                  <field name="fCutImpulseScale" type="Float32">1</field>
                  <field name="vectorRiddenAnimalCrushStimRandomAngularImpulseScale" type="BinHex">000000000000000000000000</field>
                </object>
                <object name="hidEffectBones">
                  <object name="hidBone">
                    <field name="hidIndex" type="Int32">5</field>
                  </object>
                </object>
              </object>
              <object name="OnDamage">
                <field name="selNextState" type="BinHex">02000000</field>
              </object>
              <object name="OnEvent">
                <field name="bTriggerEffects" type="BinHex">00</field>
                <field name="selNextState" type="BinHex">02000000</field>
                <field name="sndExitSound" type="String">0xFFFFFFFF</field>
                <field name="sndExitGroupSound" type="String">0xFFFFFFFF</field>
                <field name="sndtpSoundType" type="Int32">-1</field>
                <field name="bSoundMustFollowEntity" type="BinHex">00</field>
                <field name="bExplodes" type="BinHex">00</field>
              </object>
            </object>
            <object name="State_1d06fd83010006f1">
              <field name="hid_VTHandler_ElementId" type="String">State_1d06fd83010006f1</field>
              <field name="disIndex" type="UInt32">2</field>
              <field name="hidNodeType" type="UInt32">1</field>
              <field name="bSendStimToNextState" type="Boolean">False</field>
              <field name="bSendDamageToNextState" type="BinHex">00</field>
              <object name="StateSubNode">
                <field name="text_disName" type="String">STATE03</field>
                <field name="disName" type="BinHex">7797752F</field>
                <field name="fHealth" type="Float32">100</field>
                <field name="fMass" type="Float32">0</field>
                <field name="fExplosionForceOnCreate" type="Float32">1</field>
                <field name="fPiercingForceOnCreate" type="Float32">1</field>
                <field name="fMinimumSpeedForDamageStim" type="Float32">6</field>
                <field name="vectorDirectionOnCreate" type="BinHex">000000000000000000000000</field>
                <field name="bOverwriteCreationVelocity" type="BinHex">00</field>
                <field name="sndInitSound" type="String">0xFFFFFFFF</field>
                <field name="sndStopInitSound" type="String">0xFFFFFFFF</field>
                <field name="sndExitSound" type="String">0xFFFFFFFF</field>
                <field name="sndExitGroupSound" type="String">0xFFFFFFFF</field>
                <field name="sndtpSoundType" type="Int32">-1</field>
                <field name="bSoundMustFollowEntity" type="BinHex">00</field>
                <field name="vectorCenterOfMassOffset" type="Vector3">0,0,0</field>
                <field name="fFloatingScale" type="Float32">0.6</field>
                <field name="bForceActivatedOnCreate" type="BinHex">00</field>
                <field name="fWaterFriction" type="Float32">2</field>
                <field name="bStartEffectsOnCreate" type="BinHex">00</field>
                <field name="bStopTheStartEffectsOnDestroy" type="Boolean">False</field>
                <field name="bPropagateVelocityIfStatic" type="BinHex">00</field>
                <field name="bDoFakeExplosion" type="BinHex">00</field>
                <field name="bExplodes" type="BinHex">00</field>
                <field name="fRotationMultiplier" type="Float32">0.5</field>
                <field name="fWindForceMultiplier" type="Float32">0</field>
                <field name="bExcludeFromDynamicLimiter" type="BinHex">00</field>
                <field name="hidResIndex" type="UInt32">0</field>
                <field name="hidGraphicIndex" type="Int32">2</field>
                <object name="Stim">
                  <field name="bPierceStim" type="Boolean">True</field>
                  <field name="bCrushStim" type="Boolean">True</field>
                  <field name="bBurnStim" type="Boolean">True</field>
                  <field name="bExplosionStim" type="Boolean">True</field>
                  <field name="bExplosionGrenadeStim" type="Boolean">True</field>
                  <field name="bExplosionRPGStim" type="Boolean">True</field>
                  <field name="bExplosionIEDStim" type="Boolean">True</field>
                  <field name="bExplosionSplashStim" type="Boolean">False</field>
                  <field name="bArrowStim" type="Boolean">True</field>
                  <field name="bCutStim" type="Boolean">True</field>
                  <field name="bAnimalCrushStim" type="BinHex">01</field>
                  <field name="bRiddenAnimalAttackStim" type="BinHex">01</field>
                  <field name="bRiddenAnimalImpulseAtPos" type="BinHex">01</field>
                  <field name="bKickingStim" type="BinHex">01</field>
                  <field name="fPierceDamageMultiplier" type="Float32">1</field>
                  <field name="fCrushDamageMultiplier" type="Float32">1</field>
                  <field name="fBurnDamageMultiplier" type="Float32">1</field>
                  <field name="fExplosionDamageMultiplier" type="Float32">1</field>
                  <field name="fExplosionGrenadeDamageMultiplier" type="Float32">1</field>
                  <field name="fExplosionRPGDamageMultiplier" type="Float32">1</field>
                  <field name="fExplosionIEDDamageMultiplier" type="Float32">1</field>
                  <field name="fExplosionSplashDamageMultiplier" type="Float32">1</field>
                  <field name="fArrowDamageMultiplier" type="Float32">1</field>
                  <field name="fCutDamageMultiplier" type="Float32">1</field>
                  <field name="fAnimalCrushDamageMultiplier" type="Float32">1</field>
                  <field name="fRiddenAnimalAttackDamageMultiplier" type="Float32">1</field>
                  <field name="fKickingDamageMultiplier" type="Float32">1</field>
                  <field name="fBulletImpulseScale" type="Float32">1</field>
                  <field name="fExplosionImpulseScale" type="Float32">1</field>
                  <field name="fRiddenAnimalAttackImpulseScale" type="Float32">1</field>
                  <field name="fAnimalCrushStimImpulseScale" type="Float32">1</field>
                  <field name="fAnimalCrushStimAngularImpulseScale" type="Float32">1</field>
                  <field name="fRiddenAnimalCrushStimAngularImpulseScale" type="Float32">1</field>
                  <field name="fKickingImpulseScale" type="Float32">1</field>
                  <field name="fCutImpulseScale" type="Float32">1</field>
                  <field name="vectorRiddenAnimalCrushStimRandomAngularImpulseScale" type="BinHex">000000000000000000000000</field>
                </object>
                <object name="hidEffectBones" />
              </object>
              <object name="OnDamage">
                <field name="selNextState" type="BinHex">01000000</field>
              </object>
              <object name="OnEvent">
                <field name="bTriggerEffects" type="BinHex">00</field>
                <field name="selNextState" type="BinHex">00000000</field>
                <field name="sndExitSound" type="String">0xFFFFFFFF</field>
                <field name="sndExitGroupSound" type="String">0xFFFFFFFF</field>
                <field name="sndtpSoundType" type="Int32">-1</field>
                <field name="bSoundMustFollowEntity" type="BinHex">00</field>
                <field name="bExplodes" type="BinHex">00</field>
              </object>
            </object>
          </object>
        </object>
      </object>
      <object name="CParticleFXComponent">
        <field name="hidHasAliasName" type="Boolean">False</field>
        <field name="bAutoStart" type="Boolean">False</field>
        <object name="ParticleSystems">
          <object name="ParticleSystem">
            <field name="text_psEmitter" type="String"></field>
            <field name="psEmitter" type="Hash64">FFFFFFFFFFFFFFFF</field>
            <field name="text_psInteriorEmitter" type="String"></field>
            <field name="psInteriorEmitter" type="BinHex">FFFFFFFFFFFFFFFF</field>
            <field name="bFollowEntity" type="Boolean">False</field>
            <field name="fScale" type="Float32">1</field>
            <field name="bExtinguishedByWater" type="Boolean">True</field>
            <field name="text_disFXName" type="String">FX_ST1_GreenLight</field>
            <field name="disFXName" type="Hash32">19E4633E</field>
          </object>
          <object name="ParticleSystem">
            <field name="text_psEmitter" type="String"></field>
            <field name="psEmitter" type="Hash64">FFFFFFFFFFFFFFFF</field>
            <field name="text_psInteriorEmitter" type="String"></field>
            <field name="psInteriorEmitter" type="BinHex">FFFFFFFFFFFFFFFF</field>
            <field name="bFollowEntity" type="Boolean">False</field>
            <field name="fScale" type="Float32">1</field>
            <field name="bExtinguishedByWater" type="Boolean">True</field>
            <field name="text_disFXName" type="String">FX_ST2_RedLight</field>
            <field name="disFXName" type="Hash32">76043F24</field>
          </object>
        </object>
      </object>
      <object name="CLightFXComponent">
        <field name="hidHasAliasName" type="Boolean">False</field>
        <object name="Lights" />
      </object>
      <object name="CMinimapComponent">
        <field name="hidHasAliasName" type="Boolean">False</field>
        <field name="minimapobjectinfoObjectInfo" type="BinHex">FFFFFFFF00000000</field>
      </object>
      <object name="CTaggableComponent">
        <field name="hidHasAliasName" type="Boolean">False</field>
        <field name="fIdentificationRadiusModifier" type="Float32">1</field>
        <field name="bEnable" type="Boolean">True</field>
        <field name="bDisableTaggingByCameraAndIronsight" type="Boolean">False</field>
        <field name="fTagExpireTime" type="Float32">7</field>
        <field name="fHighlightFadeOutTime" type="Float32">2</field>
        <field name="selTagType" type="Enum">0</field>
        <object name="TagIndicator">
          <field name="bDisplayTagIndicator" type="BinHex">01</field>
          <field name="bSizeDependsOnDistance" type="Boolean">False</field>
          <field name="text_sTexturePath" type="String"></field>
          <field name="sTexturePath" type="Hash64">FFFFFFFFFFFFFFFF</field>
          <field name="text_sAggressiveTexturePath" type="String"></field>
          <field name="sAggressiveTexturePath" type="Hash64">FFFFFFFFFFFFFFFF</field>
          <field name="text_sCharmedTexturePath" type="String"></field>
          <field name="sCharmedTexturePath" type="Hash64">FFFFFFFFFFFFFFFF</field>
          <field name="text_sInsaneTexturePath" type="String"></field>
          <field name="sInsaneTexturePath" type="Hash64">FFFFFFFFFFFFFFFF</field>
          <field name="text_sCompanionTexturePath" type="String"></field>
          <field name="sCompanionTexturePath" type="Hash64">FFFFFFFFFFFFFFFF</field>
          <field name="fScaleX" type="Float32">0.04</field>
          <field name="fScaleY" type="Float32">0.04</field>
          <field name="fVerticalOffset" type="Float32">0.5</field>
          <field name="sMinimapFrameLabel" type="String"></field>
          <field name="fAutoTagDistance" type="Float32">50</field>
          <field name="fFadingTime" type="Float32">0</field>
        </object>
      </object>
      <object name="CObjectSoundAndFXComponent">
        <field name="hidHasAliasName" type="Boolean">False</field>
        <object name="Impact">
          <field name="matimpDropImpact" type="BinHex">FFFFFFFF00000000</field>
          <field name="fSpeedForMaxDropImpactVolume" type="Float32">0</field>
          <field name="fMinimalCollisionSpeed" type="Float32">1</field>
          <field name="bIsSingleDropImpactObject" type="Boolean">False</field>
          <object name="MovementSound">
            <field name="sndRollingSound" type="String">0xFFFFFFFF</field>
            <field name="sndRollingSoundEnd" type="String">0xFFFFFFFF</field>
            <field name="sndtpRollingSoundType" type="Int32">-1</field>
            <field name="sndSlidingSound" type="String">0xFFFFFFFF</field>
            <field name="sndSlidingSoundEnd" type="String">0xFFFFFFFF</field>
            <field name="sndtpSlidingSoundType" type="Int32">-1</field>
            <field name="sndmlObjectMovementMultilayer" type="BinHex">FFFFFFFF</field>
          </object>
        </object>
        <object name="Falling">
          <field name="bAllowAfterCollision" type="Boolean">False</field>
          <field name="sndFallingSound" type="String">0xFFFFFFFF</field>
          <field name="sndtpFallingType" type="Int32">-1</field>
          <field name="fSpeedToPlayFallingSound" type="Float32">0</field>
          <field name="FallingSoundTimeTrigger" type="BinHex">00000000</field>
        </object>
        <object name="Water">
          <field name="fZMinSpeedToTriggerSplash" type="Float32">1</field>
          <field name="fZMaxSpeedToTriggerSplash" type="Float32">5</field>
          <field name="fZMinSplashScale" type="Float32">1</field>
          <field name="fZMaxSplashScale" type="Float32">1.2</field>
          <field name="fZSpeedForMaxSplashVolume" type="Float32">0</field>
        </object>
        <object name="WaterWave">
          <field name="zSpeedToTriggerWaterWave" type="Float32">1</field>
          <field name="zMaxSpeedToTriggerWaterWave" type="Float32">5</field>
          <field name="minWaterWavePressure" type="Float32">0.2</field>
          <field name="maxWaterWavePressure" type="Float32">1</field>
          <field name="minWaterWaveSpeed" type="Float32">1</field>
          <field name="maxWaterWaveSpeed" type="Float32">1.5</field>
          <field name="minWaterWaveWaveLength" type="Float32">0.2</field>
          <field name="maxWaterWaveWaveLength" type="Float32">0.4</field>
          <field name="minWaterWaveDuration" type="Float32">0.5</field>
          <field name="maxWaterWaveDuration" type="Float32">1.5</field>
          <field name="minWaterWaveStartTime" type="Float32">0</field>
          <field name="maxWaterWaveStartTime" type="Float32">0.2</field>
          <field name="minWaterWaveTimeExponent" type="Float32">1</field>
          <field name="maxWaterWaveTimeExponent" type="Float32">1</field>
        </object>
      </object>
      <object name="COcclusionQueryComponent">
        <field name="hidHasAliasName" type="Boolean">False</field>
        <field name="bComponentEnabled" type="Boolean">False</field>
      </object>
      <object name="CCountersComponent">
        <field name="hidHasAliasName" type="Boolean">False</field>
      </object>
      <object name="CCompoundPhysNetworkComponent">
        <field name="hidHasAliasName" type="Boolean">False</field>
        <field name="fRespawnTime" type="Float32">60</field>
        <field name="fPawnToCloseRadius" type="Float32">25</field>
        <field name="bCanRespawn" type="Boolean">False</field>
        <field name="bShouldBeDiscovered" type="BinHex">01</field>
        <field name="bPhysicsStayOn" type="BinHex">01</field>
      </object>
    </object>
  </object>
  <object name="ResPack">
    <field name="Count" type="BinHex">02000000</field>
    <object name="ResList">
      <field name="TypeId" type="Hash32">3AE88EFD</field>
      <field name="ResIds" type="BinHex">01000000293C0EC785F4C446</field>
    </object>
    <object name="ResList">
      <field name="TypeId" type="Hash32">86E8E8BE</field>
      <field name="ResIds" type="BinHex">01000000293C0EC785DF5854</field>
    </object>
  </object>
</object>