﻿<?xml version="1.0" encoding="utf-8"?>
<object name="EntityPrototype" def="ark">
  <field name="disLibItemId" type="Id64">138422269585025</field>
  <field name="text_hidArchetypeResId" type="String">entityarchetypeslibrary\138422269585025.ark.fcb</field>
  <field name="hidArchetypeResId" type="Hash64">962E9D3FB1C17B0A</field>
  <field name="Name" type="String">prefabs/FCC_OW_Prefabs/Drugs/SmallHeroinShack/Trad_BuildingSmall_A_Roof_02_1</field>
  <field name="ArchetypeName" type="String">ige_archetypes:prefabs/fcc_ow_prefabs/drugs/smallheroinshack/trad_buildingsmall_a_roof_02_1</field>
  <object name="Entity">
    <field name="hidName" type="String">ige_archetypes:prefabs/FCC_OW_Prefabs/Drugs/SmallHeroinShack/Trad_BuildingSmall_A_Roof_02_1</field>
    <field name="text_hidEntityClass" type="String">CEntity</field>
    <field name="hidEntityClass" type="Hash32">50C95067</field>
    <field name="hidResourceCount" type="Int32">3</field>
    <field name="hidConstEntity" type="Boolean">False</field>
    <field name="text_hidArchetypeResId" type="String">entityarchetypeslibrary\138422269585025.ark.fcb</field>
    <field name="hidArchetypeResId" type="Hash64">962E9D3FB1C17B0A</field>
    <object name="Components">
      <object name="CFileDescriptorComponent">
        <field name="hidHasAliasName" type="Boolean">False</field>
        <field name="text_fileName" type="String">graphics\_singleplayer\buildings\traditional\trad_buildingsmall_a_roof_02.xml</field>
        <field name="fileName" type="Hash64">E3E54EB5C43F0540</field>
        <field name="hidDescriptor" type="Rml">
          <rml>
            <hidDescriptor>
              <component class="GraphicComponent" version="2" detail="0">
                <object index="0" boneName="Trad_BuildingSmall_A_Roof_02_LOD0" bboxMin="-3.3535,-5.1738,2.6644" bboxMax="3.23646,5.1738,4.93355" />
                <resource fileName="graphics\_SinglePlayer\Buildings\Traditional\Trad_BuildingSmall_A_Roof_02.xbg" bboxMin="-3.3535,-5.1738,2.31928" bboxMax="3.27556,5.1738,4.95492" />
                <skeleton_reference_list>
                  <skeleton name="Trad_BuildingSmall_A_Roof_02" index="0" pos="0,0,0" rot="1,-0,-0,-0" />
                </skeleton_reference_list>
                <material_reference_list>
                  <material name="Sim_Mosaic_01" shader_name="Simple" ref_shader_id="skovalchuk-M-20130819095708" hd="0" />
                  <material name="FcG_WoodCracked_Black" shader_name="Generic_FC3" ref_shader_id="ipapismado-M-20130509151002" hd="0" />
                  <material name="FcG_BrickWallRough_01" shader_name="Generic_FC3" ref_shader_id="yallaire-M-20130412132118" hd="0" />
                  <material name="Sim_RooftilesSlate_01" shader_name="Simple" ref_shader_id="yallaire-M-20130423140801" hd="0" />
                </material_reference_list>
              </component>
              <component class="InteriorVolumeComponent" version="1" detail="0">
                <resource fileName="graphics\_SinglePlayer\Buildings\Traditional\Trad_BuildingSmall_A_Roof_02_interiorvolume.xbg" bboxMin="-2.75041,-4.32227,3.23646" bboxMax="2.7725,4.29899,4.87643" />
              </component>
              <component class="StaticPhysComponent">
                <resource fileName="graphics\_SinglePlayer\Buildings\Traditional\Trad_BuildingSmall_A_Roof_02.hkx" />
              </component>
              <component class="VisibilityOcclusionComponent">
                <antiportal killDistance="50.000000">
                  <vertices>
                    <vertex x="-2.750000" y="-4.322183" z="3.250004" />
                    <vertex x="2.750045" y="-4.322183" z="3.250004" />
                    <vertex x="-2.750000" y="4.298994" z="3.250004" />
                    <vertex x="2.750045" y="4.298994" z="3.250004" />
                    <vertex x="-0.002874" y="-4.322183" z="4.792297" />
                    <vertex x="-0.002874" y="4.298994" z="4.792297" />
                  </vertices>
                  <faces>
                    <face>0,2,3,1</face>
                    <face>0,1,4</face>
                    <face>1,3,5,4</face>
                    <face>3,2,5</face>
                    <face>2,0,4,5</face>
                  </faces>
                </antiportal>
              </component>
            </hidDescriptor>
          </rml>
        </field>
      </object>
      <object name="CRoomComponent">
        <field name="hidHasAliasName" type="Boolean">False</field>
        <field name="bOverridePortalsVisibility" type="Boolean">True</field>
        <field name="bIsVisibleInside" type="Boolean">True</field>
        <field name="bIsVisibleOutside" type="Boolean">True</field>
        <field name="vectorScale" type="Vector3">1,1,1</field>
        <object name="RoomObjects">
          <object name="RoomObject">
            <field name="hidRoomId" type="BinHex">B04962D2E57DC019</field>
            <field name="disName" type="String">vol_0</field>
            <field name="fRoomPriority" type="Float32">0</field>
            <object name="hidConvexVolume">
              <object name="hidVertices">
                <object name="Vertex">
                  <field name="Vertex" type="Vector3">-2.75,-4.322183,3.250004</field>
                </object>
                <object name="Vertex">
                  <field name="Vertex" type="Vector3">2.750045,-4.322183,3.250004</field>
                </object>
                <object name="Vertex">
                  <field name="Vertex" type="Vector3">-2.75,4.298994,3.250004</field>
                </object>
                <object name="Vertex">
                  <field name="Vertex" type="Vector3">2.750045,4.298994,3.250004</field>
                </object>
                <object name="Vertex">
                  <field name="Vertex" type="Vector3">-0.002874,-4.322183,4.792297</field>
                </object>
                <object name="Vertex">
                  <field name="Vertex" type="Vector3">-0.002874,4.298994,4.792297</field>
                </object>
              </object>
              <object name="hidFacesDefs">
                <object name="FaceDef">
                  <object name="hidVertexIndices">
                    <object name="Vertex">
                      <field name="Vertex" type="Enum">0</field>
                    </object>
                    <object name="Vertex">
                      <field name="Vertex" type="Enum">2</field>
                    </object>
                    <object name="Vertex">
                      <field name="Vertex" type="Enum">3</field>
                    </object>
                    <object name="Vertex">
                      <field name="Vertex" type="Enum">1</field>
                    </object>
                  </object>
                </object>
                <object name="FaceDef">
                  <object name="hidVertexIndices">
                    <object name="Vertex">
                      <field name="Vertex" type="Enum">0</field>
                    </object>
                    <object name="Vertex">
                      <field name="Vertex" type="Enum">1</field>
                    </object>
                    <object name="Vertex">
                      <field name="Vertex" type="Enum">4</field>
                    </object>
                  </object>
                </object>
                <object name="FaceDef">
                  <object name="hidVertexIndices">
                    <object name="Vertex">
                      <field name="Vertex" type="Enum">1</field>
                    </object>
                    <object name="Vertex">
                      <field name="Vertex" type="Enum">3</field>
                    </object>
                    <object name="Vertex">
                      <field name="Vertex" type="Enum">5</field>
                    </object>
                    <object name="Vertex">
                      <field name="Vertex" type="Enum">4</field>
                    </object>
                  </object>
                </object>
                <object name="FaceDef">
                  <object name="hidVertexIndices">
                    <object name="Vertex">
                      <field name="Vertex" type="Enum">3</field>
                    </object>
                    <object name="Vertex">
                      <field name="Vertex" type="Enum">2</field>
                    </object>
                    <object name="Vertex">
                      <field name="Vertex" type="Enum">5</field>
                    </object>
                  </object>
                </object>
                <object name="FaceDef">
                  <object name="hidVertexIndices">
                    <object name="Vertex">
                      <field name="Vertex" type="Enum">2</field>
                    </object>
                    <object name="Vertex">
                      <field name="Vertex" type="Enum">0</field>
                    </object>
                    <object name="Vertex">
                      <field name="Vertex" type="Enum">4</field>
                    </object>
                    <object name="Vertex">
                      <field name="Vertex" type="Enum">5</field>
                    </object>
                  </object>
                </object>
              </object>
              <object name="Faces">
                <object name="Face">
                  <field name="hidNormal" type="Vector3">0,0,1</field>
                  <field name="hidDistance" type="BinHex">11005040</field>
                </object>
                <object name="Face">
                  <field name="hidNormal" type="Vector3">0,1,0</field>
                  <field name="hidDistance" type="BinHex">534F8AC0</field>
                </object>
                <object name="Face">
                  <field name="hidNormal" type="Vector3">-0.4887622,0,-0.8724171</field>
                  <field name="hidDistance" type="BinHex">47BE85C0</field>
                </object>
                <object name="Face">
                  <field name="hidNormal" type="Vector3">0,-1,0</field>
                  <field name="hidDistance" type="BinHex">5C9189C0</field>
                </object>
                <object name="Face">
                  <field name="hidNormal" type="Vector3">0.489546,0,-0.8719774</field>
                  <field name="hidDistance" type="BinHex">0DC485C0</field>
                </object>
              </object>
              <object name="Edges">
                <object name="Edge">
                  <field name="hidSharedFace0" type="Int32">0</field>
                  <field name="hidSharedFace1" type="Int32">4</field>
                  <field name="hidVertex0" type="Int32">0</field>
                  <field name="hidVertex1" type="Int32">2</field>
                </object>
                <object name="Edge">
                  <field name="hidSharedFace0" type="Int32">0</field>
                  <field name="hidSharedFace1" type="Int32">3</field>
                  <field name="hidVertex0" type="Int32">2</field>
                  <field name="hidVertex1" type="Int32">3</field>
                </object>
                <object name="Edge">
                  <field name="hidSharedFace0" type="Int32">0</field>
                  <field name="hidSharedFace1" type="Int32">2</field>
                  <field name="hidVertex0" type="Int32">3</field>
                  <field name="hidVertex1" type="Int32">1</field>
                </object>
                <object name="Edge">
                  <field name="hidSharedFace0" type="Int32">0</field>
                  <field name="hidSharedFace1" type="Int32">1</field>
                  <field name="hidVertex0" type="Int32">1</field>
                  <field name="hidVertex1" type="Int32">0</field>
                </object>
                <object name="Edge">
                  <field name="hidSharedFace0" type="Int32">1</field>
                  <field name="hidSharedFace1" type="Int32">2</field>
                  <field name="hidVertex0" type="Int32">1</field>
                  <field name="hidVertex1" type="Int32">4</field>
                </object>
                <object name="Edge">
                  <field name="hidSharedFace0" type="Int32">1</field>
                  <field name="hidSharedFace1" type="Int32">4</field>
                  <field name="hidVertex0" type="Int32">4</field>
                  <field name="hidVertex1" type="Int32">0</field>
                </object>
                <object name="Edge">
                  <field name="hidSharedFace0" type="Int32">2</field>
                  <field name="hidSharedFace1" type="Int32">3</field>
                  <field name="hidVertex0" type="Int32">3</field>
                  <field name="hidVertex1" type="Int32">5</field>
                </object>
                <object name="Edge">
                  <field name="hidSharedFace0" type="Int32">2</field>
                  <field name="hidSharedFace1" type="Int32">4</field>
                  <field name="hidVertex0" type="Int32">5</field>
                  <field name="hidVertex1" type="Int32">4</field>
                </object>
                <object name="Edge">
                  <field name="hidSharedFace0" type="Int32">3</field>
                  <field name="hidSharedFace1" type="Int32">4</field>
                  <field name="hidVertex0" type="Int32">2</field>
                  <field name="hidVertex1" type="Int32">5</field>
                </object>
              </object>
            </object>
            <object name="RoomPropertiesList">
              <object name="RoomProperties">
                <field name="selType" type="UInt32">1036206285</field>
                <object name="Obj">
                  <field name="text_hid_DTCTH_ClassName" type="String">CSoundRoomProperties</field>
                  <field name="hid_DTCTH_ClassName" type="Hash32">3DC340CD</field>
                  <field name="bUseRoomSoundRegion" type="BinHex">00</field>
                  <field name="bUseRoomReverb" type="BinHex">00</field>
                  <field name="sndregSoundRegion" type="BinHex">63</field>
                  <field name="sndReverb" type="String">0xFFFFFFFF</field>
                  <field name="sndInSound" type="String">0xFFFFFFFF</field>
                  <field name="sndOutSound" type="String">0xFFFFFFFF</field>
                  <field name="mixRoomSoundPreset" type="Id64">4294967295</field>
                  <field name="bIsOpenOceanHearable" type="BinHex">01</field>
                  <field name="bUseGunTails" type="Boolean">True</field>
                  <field name="fRoomEnteringRollOffDistance" type="Float32">1</field>
                  <field name="fRoomLeavingRollOffDistance" type="Float32">1</field>
                  <field name="fRoomTransitionRollOffDistance" type="Float32">1</field>
                </object>
              </object>
              <object name="RoomProperties">
                <field name="selType" type="UInt32">3971349444</field>
                <object name="Obj">
                  <field name="text_hid_DTCTH_ClassName" type="String">CGfxRoomProperties</field>
                  <field name="hid_DTCTH_ClassName" type="Hash32">ECB5FBC4</field>
                  <field name="zoneZoneLogic" type="Id64">31</field>
                </object>
              </object>
              <object name="RoomProperties">
                <field name="selType" type="UInt32">4294967295</field>
              </object>
            </object>
          </object>
        </object>
      </object>
      <object name="CGraphicComponent">
        <field name="hidHasAliasName" type="Boolean">True</field>
        <field name="hidComponentClassName" type="String">CStaticGraphicComponent</field>
        <field name="bCastShadow" type="Boolean">True</field>
        <field name="bReceiveShadow" type="Boolean">True</field>
        <field name="bCastAmbientShadow" type="Boolean">True</field>
        <field name="olgLightGroup" type="Int32">129</field>
        <field name="bShowInReflection" type="Boolean">True</field>
        <field name="bAlwaysShowInReflection" type="Boolean">False</field>
        <field name="bHighLight" type="Boolean">False</field>
        <field name="bLodDitheringEnable" type="Boolean">True</field>
        <field name="matIntuitionMaterialName" type="String"></field>
        <field name="bShowThroughWithFlashing" type="Boolean">False</field>
        <field name="bBackDrop" type="Boolean">False</field>
        <field name="bDisableMip0ResourceLoading" type="BinHex">00</field>
        <field hash="F41DCC4F" type="BinHex">0000000000000000</field>
        <field name="hidIndex" type="Int32">0</field>
        <field name="text_fileModel" type="String">graphics\_singleplayer\buildings\traditional\trad_buildingsmall_a_roof_02.xbg</field>
        <field name="fileModel" type="Hash64">ECBCDEB5C43F0540</field>
        <field name="hidMeshName" type="String"></field>
        <field name="hidScale" type="Vector3">1,1,1</field>
        <object name="MaterialLightSwitch">
          <field name="hidSharedDataHandlerHash" type="Hash64">023C5249638AA4D8</field>
          <object name="MaterialSlots">
            <object name="Material">
              <field name="text_disSlotPathId" type="String">graphics\_materials\ipapismado-m-20130509151002.material.bin</field>
              <field name="disSlotPathId" type="Hash64">0E1E521340A1CE98</field>
              <field name="text_matMaterial" type="String"></field>
              <field name="matMaterial" type="Hash64">FFFFFFFFFFFFFFFF</field>
              <field name="disHD" type="BinHex">00</field>
            </object>
            <object name="Material">
              <field name="text_disSlotPathId" type="String">graphics\_materials\yallaire-m-20130412132118.material.bin</field>
              <field name="disSlotPathId" type="Hash64">19C6EEE2AF1BA480</field>
              <field name="text_matMaterial" type="String"></field>
              <field name="matMaterial" type="Hash64">FFFFFFFFFFFFFFFF</field>
              <field name="disHD" type="BinHex">00</field>
            </object>
            <object name="Material">
              <field name="text_disSlotPathId" type="String">graphics\_materials\yallaire-m-20130423140801.material.bin</field>
              <field name="disSlotPathId" type="Hash64">4A850EB3760D58CE</field>
              <field name="text_matMaterial" type="String"></field>
              <field name="matMaterial" type="Hash64">FFFFFFFFFFFFFFFF</field>
              <field name="disHD" type="BinHex">00</field>
            </object>
            <object name="Material">
              <field name="text_disSlotPathId" type="String">graphics\_materials\skovalchuk-m-20130819095708.material.bin</field>
              <field name="disSlotPathId" type="Hash64">6994398777CD1DD4</field>
              <field name="text_matMaterial" type="String"></field>
              <field name="matMaterial" type="Hash64">FFFFFFFFFFFFFFFF</field>
              <field name="disHD" type="BinHex">00</field>
            </object>
          </object>
        </object>
        <object name="MaterialOverrides">
          <field name="hidSharedDataHandlerHash" type="Hash64">D543EB317CACBC6A</field>
          <object name="MaterialSlots">
            <object name="Material">
              <field name="text_disSlotPathId" type="String">graphics\_materials\ipapismado-m-20130509151002.material.bin</field>
              <field name="disSlotPathId" type="Hash64">0E1E521340A1CE98</field>
              <field name="text_matMaterial" type="String"></field>
              <field name="matMaterial" type="Hash64">FFFFFFFFFFFFFFFF</field>
              <field name="disHD" type="BinHex">00</field>
            </object>
            <object name="Material">
              <field name="text_disSlotPathId" type="String">graphics\_materials\yallaire-m-20130412132118.material.bin</field>
              <field name="disSlotPathId" type="Hash64">19C6EEE2AF1BA480</field>
              <field name="text_matMaterial" type="String"></field>
              <field name="matMaterial" type="Hash64">FFFFFFFFFFFFFFFF</field>
              <field name="disHD" type="BinHex">00</field>
            </object>
            <object name="Material">
              <field name="text_disSlotPathId" type="String">graphics\_materials\yallaire-m-20130423140801.material.bin</field>
              <field name="disSlotPathId" type="Hash64">4A850EB3760D58CE</field>
              <field name="text_matMaterial" type="String"></field>
              <field name="matMaterial" type="Hash64">FFFFFFFFFFFFFFFF</field>
              <field name="disHD" type="BinHex">00</field>
            </object>
            <object name="Material">
              <field name="text_disSlotPathId" type="String">graphics\_materials\skovalchuk-m-20130819095708.material.bin</field>
              <field name="disSlotPathId" type="Hash64">6994398777CD1DD4</field>
              <field name="text_matMaterial" type="String"></field>
              <field name="matMaterial" type="Hash64">FFFFFFFFFFFFFFFF</field>
              <field name="disHD" type="BinHex">00</field>
            </object>
          </object>
        </object>
        <object name="hidModelLODs" />
        <object name="hidModelDistancesLODs" />
      </object>
      <object name="CStaticPhysComponent">
        <field name="hidHasAliasName" type="Boolean">False</field>
        <field name="text_hidResourceId" type="String">graphics\_singleplayer\buildings\traditional\trad_buildingsmall_a_roof_02.hkx</field>
        <field name="hidResourceId" type="Hash64">FE20F5B5C43F0540</field>
        <field hash="C784A41F" type="BinHex">01</field>
        <field name="bUseMaxTerrainSlope" type="Boolean">False</field>
        <field name="bIgnoreInExplosions" type="Boolean">False</field>
        <field name="selOverrideSlideAngle" type="BinHex">00000000</field>
        <field name="bAnimateable" type="Boolean">False</field>
        <field hash="AAFA0C31" type="BinHex">00</field>
        <field hash="BF1EB181" type="BinHex">00</field>
        <field name="bIgnoreBreakableEventsForEver" type="BinHex">00</field>
        <field name="bIgnoreBreakableEventsTemporarily" type="BinHex">00</field>
        <field name="bImmuneToDamage" type="BinHex">00</field>
        <field name="bNoCollision" type="BinHex">00</field>
        <field name="bLargeEntity" type="Boolean">False</field>
        <field name="hidResourceIndex" type="Int32">0</field>
        <field name="bEncounterTeleportToGroundOnCreate" type="BinHex">00</field>
        <field name="bNoDecals" type="BinHex">00</field>
        <field name="bPatchNavmesh" type="BinHex">00</field>
        <field name="bAffectNavMesh" type="Boolean">True</field>
        <object name="LogicMaterialOverrides" />
        <object name="hidTheSharedMap">
          <field name="hidSharedDataHandlerHash" type="Hash64">86B8C40898DE0042</field>
        </object>
      </object>
      <object name="CMinimapComponent">
        <field name="hidHasAliasName" type="Boolean">False</field>
        <field name="minimapobjectinfoObjectInfo" type="BinHex">E66E3B0300000000</field>
      </object>
      <object name="CInteriorVolumeComponent">
        <field name="hidHasAliasName" type="Boolean">False</field>
        <field name="hidInjected" type="Boolean">True</field>
        <field name="text_fileModel" type="String">graphics\_singleplayer\buildings\traditional\trad_buildingsmall_a_roof_02_interiorvolume.xbg</field>
        <field name="fileModel" type="Hash64">79ACAC8888C5F14E</field>
        <field name="intambientInteriorAmbient" type="Id64">3870101179</field>
        <field name="bEnabled" type="Boolean">True</field>
        <field name="Priority" type="UInt32">0</field>
      </object>
      <object name="CCoverComponent">
        <field name="hidHasAliasName" type="Boolean">False</field>
        <field name="hidInjected" type="Boolean">True</field>
        <object name="Covers">
          <object name="Cover">
            <field name="bUseMetadataOnEmptyInstance" type="BinHex">01</field>
            <field name="bIsFPCover" type="BinHex">01</field>
            <field name="hidTransform" type="BinHex">6921A2330000803F0000000000000000000080BF6921A233000000000000000000000000000000000000803F000000000640B6BDF0A7063E000000000000803F</field>
            <field name="selCoverObjectType" type="BinHex">00000000</field>
            <object name="hidCoverInformation">
              <object name="hidState">
                <object name="hidCover">
                  <field name="State" type="BinHex">FFFFFFFF</field>
                  <object name="CoverPoints" />
                  <object name="CoverLinks" />
                  <object name="CoverAnchors" />
                </object>
              </object>
            </object>
          </object>
        </object>
      </object>
      <object name="CClimbableComponent">
        <field name="hidHasAliasName" type="Boolean">False</field>
        <field name="hidInjected" type="Boolean">True</field>
        <field name="bCanClimbFromWater" type="BinHex">01</field>
        <field name="bCanClimbFromLand" type="BinHex">01</field>
        <object name="Lines">
          <object name="Lines">
            <field name="disVectorLineStart" type="Vector3">0,0,0</field>
            <field name="disVectorLineEnd" type="Vector3">0,0,0</field>
            <field name="disVectorAnchor" type="Vector3">0,0,0</field>
          </object>
        </object>
      </object>
      <object name="CNavLinkComponent">
        <field name="hidHasAliasName" type="Boolean">False</field>
        <field name="hidInjected" type="Boolean">True</field>
        <field name="bValid" type="BinHex">01</field>
        <field name="bActivated" type="BinHex">01</field>
        <field name="bCanUseFirstEntry" type="BinHex">01</field>
        <field name="bCanUseSecondEntry" type="BinHex">01</field>
        <field name="selNavMeshLayer" type="BinHex">00000000</field>
      </object>
    </object>
  </object>
  <object name="ResPack">
    <field name="Count" type="BinHex">03000000</field>
    <object name="ResList">
      <field name="TypeId" type="Hash32">3AE88EFD</field>
      <field name="ResIds" type="BinHex">0100000040053FC4B5F520FE</field>
    </object>
    <object name="ResList">
      <field name="TypeId" type="Hash32">86E8E8BE</field>
      <field name="ResIds" type="BinHex">020000004EF1C58888ACAC7940053FC4B5DEBCEC</field>
    </object>
  </object>
</object>