﻿<?xml version="1.0" encoding="utf-8"?>
<object name="EntityPrototype" def="ark">
  <field name="disLibItemId" type="Id64">138415300862833</field>
  <field name="text_hidArchetypeResId" type="String">entityarchetypeslibrary\138415300862833.ark.fcb</field>
  <field name="hidArchetypeResId" type="Hash64">5B4FA02CF7790960</field>
  <field name="Name" type="String">groups/groups/Trad_Small_House_2_A/Trad_BuildingSmall_A_01_2</field>
  <field name="ArchetypeName" type="String">ige_archetypes:groups/groups/trad_small_house_2_a/trad_buildingsmall_a_01_2</field>
  <object name="Entity">
    <field name="hidName" type="String">ige_archetypes:groups/groups/Trad_Small_House_2_A/Trad_BuildingSmall_A_01_2</field>
    <field name="text_hidEntityClass" type="String">CEntity</field>
    <field name="hidEntityClass" type="Hash32">50C95067</field>
    <field name="hidResourceCount" type="Int32">8</field>
    <field name="hidConstEntity" type="Boolean">False</field>
    <field name="text_hidArchetypeResId" type="String">entityarchetypeslibrary\138415300862833.ark.fcb</field>
    <field name="hidArchetypeResId" type="Hash64">5B4FA02CF7790960</field>
    <object name="Components">
      <object name="CFileDescriptorComponent">
        <field name="hidHasAliasName" type="Boolean">False</field>
        <field name="text_fileName" type="String">graphics\_singleplayer\buildings\traditional\trad_buildingsmall_a_01.xml</field>
        <field name="fileName" type="Hash64">136B3389EDB31D29</field>
        <field name="hidDescriptor" type="Rml">
          <rml>
            <hidDescriptor>
              <component class="GraphicComponent" version="2" detail="0">
                <object index="0" boneName="Trad_BuildingSmall_A_01_LOD0" bboxMin="-3.19586,-5.76354,-1.01119" bboxMax="2.82466,4.55474,3.29703" />
                <resource fileName="graphics\_SinglePlayer\Buildings\Traditional\Trad_BuildingSmall_A_01.xbg" bboxMin="-3.19993,-5.76354,-1.45191" bboxMax="2.82466,4.55474,3.29703" />
                <skeleton_reference_list>
                  <skeleton name="Trad_BuildingSmall_A_01" index="0" pos="0,0,0" rot="1,-0,-0,-0" />
                </skeleton_reference_list>
                <material_reference_list>
                  <material name="FcG_BrickWallPainted_01" shader_name="Generic_FC3" ref_shader_id="yallaire-M-20130412124109" hd="0" />
                  <material name="Dec_PlasterDamage_01" shader_name="Simple" ref_shader_id="ipapismado-M-20130422193039" hd="0" />
                  <material name="Dec_CracksGeneric_01" shader_name="Simple" ref_shader_id="nfortin-M-20130514130112" hd="0" />
                  <material name="FcG_WoodPainted_Blue" shader_name="Generic_FC3" ref_shader_id="ipapismado-M-20130510113257" hd="0" />
                  <material name="FcG_StuccoGround_01" shader_name="Generic_FC3" ref_shader_id="ipapismado-M-20130603162502" hd="0" />
                  <material name="FcG_StuccoThick_01" shader_name="Generic_FC3" ref_shader_id="ipapismado-M-20130603110410" hd="0" />
                  <material name="Sim_BrickWallPainted_01" shader_name="Simple" ref_shader_id="nfortin-M-20140410135819" hd="0" />
                  <material name="Sim_StuccoThick_01" shader_name="Simple" ref_shader_id="skovalchuk-M-20140805101143" hd="0" />
                </material_reference_list>
              </component>
              <component class="InteriorVolumeComponent" version="1" detail="0">
                <resource fileName="graphics\_SinglePlayer\Buildings\Traditional\Trad_BuildingSmall_A_01_interiorvolume.xbg" bboxMin="-2.61735,-4.35571,0.0755852" bboxMax="2.60499,4.34953,3.46" />
              </component>
              <component class="StaticPhysComponent">
                <resource fileName="graphics\_SinglePlayer\Buildings\Traditional\Trad_BuildingSmall_A_01.hkx" />
              </component>
              <component class="VisibilityOcclusionComponent">
                <antiportal killDistance="50.000000">
                  <vertices>
                    <vertex x="-2.617347" y="-4.355710" z="0.075585" />
                    <vertex x="-2.617347" y="4.349535" z="0.075585" />
                    <vertex x="2.604994" y="4.349535" z="0.075585" />
                    <vertex x="2.604994" y="-4.355710" z="0.075585" />
                    <vertex x="-2.617347" y="-4.355710" z="3.460000" />
                    <vertex x="2.604994" y="-4.355710" z="3.460000" />
                    <vertex x="2.604994" y="4.349535" z="3.460000" />
                    <vertex x="-2.617347" y="4.349535" z="3.460000" />
                  </vertices>
                  <faces>
                    <face>0,1,2,3</face>
                    <face>4,5,6,7</face>
                    <face>0,3,5,4</face>
                    <face>3,2,6,5</face>
                    <face>2,1,7,6</face>
                    <face>1,0,4,7</face>
                  </faces>
                </antiportal>
              </component>
            </hidDescriptor>
          </rml>
        </field>
      </object>
      <object name="CRoomComponent">
        <field name="hidHasAliasName" type="Boolean">False</field>
        <field name="bOverridePortalsVisibility" type="Boolean">True</field>
        <field name="bIsVisibleInside" type="Boolean">True</field>
        <field name="bIsVisibleOutside" type="Boolean">True</field>
        <field name="vectorScale" type="Vector3">1,1,1</field>
        <object name="RoomObjects">
          <object name="RoomObject">
            <field name="hidRoomId" type="BinHex">4A4962D2E57D8018</field>
            <field name="disName" type="String">vol_0</field>
            <field name="fRoomPriority" type="Float32">35</field>
            <object name="hidConvexVolume">
              <object name="hidVertices">
                <object name="Vertex">
                  <field name="Vertex" type="Vector3">-2.617347,-4.35571,0.075585</field>
                </object>
                <object name="Vertex">
                  <field name="Vertex" type="Vector3">-2.617347,4.349535,0.075585</field>
                </object>
                <object name="Vertex">
                  <field name="Vertex" type="Vector3">2.604994,4.349535,0.075585</field>
                </object>
                <object name="Vertex">
                  <field name="Vertex" type="Vector3">2.604994,-4.35571,0.075585</field>
                </object>
                <object name="Vertex">
                  <field name="Vertex" type="Vector3">-2.617347,-4.35571,3.46</field>
                </object>
                <object name="Vertex">
                  <field name="Vertex" type="Vector3">2.604994,-4.35571,3.46</field>
                </object>
                <object name="Vertex">
                  <field name="Vertex" type="Vector3">2.604994,4.349535,3.46</field>
                </object>
                <object name="Vertex">
                  <field name="Vertex" type="Vector3">-2.617347,4.349535,3.46</field>
                </object>
              </object>
              <object name="hidFacesDefs">
                <object name="FaceDef">
                  <object name="hidVertexIndices">
                    <object name="Vertex">
                      <field name="Vertex" type="Enum">0</field>
                    </object>
                    <object name="Vertex">
                      <field name="Vertex" type="Enum">1</field>
                    </object>
                    <object name="Vertex">
                      <field name="Vertex" type="Enum">2</field>
                    </object>
                    <object name="Vertex">
                      <field name="Vertex" type="Enum">3</field>
                    </object>
                  </object>
                </object>
                <object name="FaceDef">
                  <object name="hidVertexIndices">
                    <object name="Vertex">
                      <field name="Vertex" type="Enum">4</field>
                    </object>
                    <object name="Vertex">
                      <field name="Vertex" type="Enum">5</field>
                    </object>
                    <object name="Vertex">
                      <field name="Vertex" type="Enum">6</field>
                    </object>
                    <object name="Vertex">
                      <field name="Vertex" type="Enum">7</field>
                    </object>
                  </object>
                </object>
                <object name="FaceDef">
                  <object name="hidVertexIndices">
                    <object name="Vertex">
                      <field name="Vertex" type="Enum">0</field>
                    </object>
                    <object name="Vertex">
                      <field name="Vertex" type="Enum">3</field>
                    </object>
                    <object name="Vertex">
                      <field name="Vertex" type="Enum">5</field>
                    </object>
                    <object name="Vertex">
                      <field name="Vertex" type="Enum">4</field>
                    </object>
                  </object>
                </object>
                <object name="FaceDef">
                  <object name="hidVertexIndices">
                    <object name="Vertex">
                      <field name="Vertex" type="Enum">3</field>
                    </object>
                    <object name="Vertex">
                      <field name="Vertex" type="Enum">2</field>
                    </object>
                    <object name="Vertex">
                      <field name="Vertex" type="Enum">6</field>
                    </object>
                    <object name="Vertex">
                      <field name="Vertex" type="Enum">5</field>
                    </object>
                  </object>
                </object>
                <object name="FaceDef">
                  <object name="hidVertexIndices">
                    <object name="Vertex">
                      <field name="Vertex" type="Enum">2</field>
                    </object>
                    <object name="Vertex">
                      <field name="Vertex" type="Enum">1</field>
                    </object>
                    <object name="Vertex">
                      <field name="Vertex" type="Enum">7</field>
                    </object>
                    <object name="Vertex">
                      <field name="Vertex" type="Enum">6</field>
                    </object>
                  </object>
                </object>
                <object name="FaceDef">
                  <object name="hidVertexIndices">
                    <object name="Vertex">
                      <field name="Vertex" type="Enum">1</field>
                    </object>
                    <object name="Vertex">
                      <field name="Vertex" type="Enum">0</field>
                    </object>
                    <object name="Vertex">
                      <field name="Vertex" type="Enum">4</field>
                    </object>
                    <object name="Vertex">
                      <field name="Vertex" type="Enum">7</field>
                    </object>
                  </object>
                </object>
              </object>
              <object name="Faces">
                <object name="Face">
                  <field name="hidNormal" type="Vector3">0,0,1</field>
                  <field name="hidDistance" type="BinHex">4FCC9A3D</field>
                </object>
                <object name="Face">
                  <field name="hidNormal" type="Vector3">0,0,-1</field>
                  <field name="hidDistance" type="BinHex">A4705DC0</field>
                </object>
                <object name="Face">
                  <field name="hidNormal" type="Vector3">0,1,0</field>
                  <field name="hidDistance" type="BinHex">FA618BC0</field>
                </object>
                <object name="Face">
                  <field name="hidNormal" type="Vector3">-1,0,0</field>
                  <field name="hidDistance" type="BinHex">39B826C0</field>
                </object>
                <object name="Face">
                  <field name="hidNormal" type="Vector3">0,-1,0</field>
                  <field name="hidDistance" type="BinHex">642F8BC0</field>
                </object>
                <object name="Face">
                  <field name="hidNormal" type="Vector3">1,0,0</field>
                  <field name="hidDistance" type="BinHex">9D8227C0</field>
                </object>
              </object>
              <object name="Edges">
                <object name="Edge">
                  <field name="hidSharedFace0" type="Int32">0</field>
                  <field name="hidSharedFace1" type="Int32">5</field>
                  <field name="hidVertex0" type="Int32">0</field>
                  <field name="hidVertex1" type="Int32">1</field>
                </object>
                <object name="Edge">
                  <field name="hidSharedFace0" type="Int32">0</field>
                  <field name="hidSharedFace1" type="Int32">4</field>
                  <field name="hidVertex0" type="Int32">1</field>
                  <field name="hidVertex1" type="Int32">2</field>
                </object>
                <object name="Edge">
                  <field name="hidSharedFace0" type="Int32">0</field>
                  <field name="hidSharedFace1" type="Int32">3</field>
                  <field name="hidVertex0" type="Int32">2</field>
                  <field name="hidVertex1" type="Int32">3</field>
                </object>
                <object name="Edge">
                  <field name="hidSharedFace0" type="Int32">0</field>
                  <field name="hidSharedFace1" type="Int32">2</field>
                  <field name="hidVertex0" type="Int32">3</field>
                  <field name="hidVertex1" type="Int32">0</field>
                </object>
                <object name="Edge">
                  <field name="hidSharedFace0" type="Int32">1</field>
                  <field name="hidSharedFace1" type="Int32">2</field>
                  <field name="hidVertex0" type="Int32">4</field>
                  <field name="hidVertex1" type="Int32">5</field>
                </object>
                <object name="Edge">
                  <field name="hidSharedFace0" type="Int32">1</field>
                  <field name="hidSharedFace1" type="Int32">3</field>
                  <field name="hidVertex0" type="Int32">5</field>
                  <field name="hidVertex1" type="Int32">6</field>
                </object>
                <object name="Edge">
                  <field name="hidSharedFace0" type="Int32">1</field>
                  <field name="hidSharedFace1" type="Int32">4</field>
                  <field name="hidVertex0" type="Int32">6</field>
                  <field name="hidVertex1" type="Int32">7</field>
                </object>
                <object name="Edge">
                  <field name="hidSharedFace0" type="Int32">1</field>
                  <field name="hidSharedFace1" type="Int32">5</field>
                  <field name="hidVertex0" type="Int32">7</field>
                  <field name="hidVertex1" type="Int32">4</field>
                </object>
                <object name="Edge">
                  <field name="hidSharedFace0" type="Int32">2</field>
                  <field name="hidSharedFace1" type="Int32">3</field>
                  <field name="hidVertex0" type="Int32">3</field>
                  <field name="hidVertex1" type="Int32">5</field>
                </object>
                <object name="Edge">
                  <field name="hidSharedFace0" type="Int32">2</field>
                  <field name="hidSharedFace1" type="Int32">5</field>
                  <field name="hidVertex0" type="Int32">4</field>
                  <field name="hidVertex1" type="Int32">0</field>
                </object>
                <object name="Edge">
                  <field name="hidSharedFace0" type="Int32">3</field>
                  <field name="hidSharedFace1" type="Int32">4</field>
                  <field name="hidVertex0" type="Int32">2</field>
                  <field name="hidVertex1" type="Int32">6</field>
                </object>
                <object name="Edge">
                  <field name="hidSharedFace0" type="Int32">4</field>
                  <field name="hidSharedFace1" type="Int32">5</field>
                  <field name="hidVertex0" type="Int32">1</field>
                  <field name="hidVertex1" type="Int32">7</field>
                </object>
              </object>
            </object>
            <object name="RoomPropertiesList">
              <object name="RoomProperties">
                <field name="selType" type="UInt32">3971349444</field>
                <object name="Obj">
                  <field name="text_hid_DTCTH_ClassName" type="String">CGfxRoomProperties</field>
                  <field name="hid_DTCTH_ClassName" type="Hash32">ECB5FBC4</field>
                  <field name="zoneZoneLogic" type="Id64">31</field>
                </object>
              </object>
              <object name="RoomProperties">
                <field name="selType" type="UInt32">1036206285</field>
                <object name="Obj">
                  <field name="text_hid_DTCTH_ClassName" type="String">CSoundRoomProperties</field>
                  <field name="hid_DTCTH_ClassName" type="Hash32">3DC340CD</field>
                  <field name="bUseRoomSoundRegion" type="BinHex">00</field>
                  <field name="bUseRoomReverb" type="BinHex">01</field>
                  <field name="sndregSoundRegion" type="BinHex">FF</field>
                  <field name="sndReverb" type="String">0x000D35F9</field>
                  <field name="sndInSound" type="String">0x002241C2</field>
                  <field name="sndOutSound" type="String">0x002241C3</field>
                  <field name="mixRoomSoundPreset" type="Id64">3750135203</field>
                  <field name="bIsOpenOceanHearable" type="BinHex">01</field>
                  <field name="bUseGunTails" type="Boolean">True</field>
                  <field name="fRoomEnteringRollOffDistance" type="Float32">1</field>
                  <field name="fRoomLeavingRollOffDistance" type="Float32">1</field>
                  <field name="fRoomTransitionRollOffDistance" type="Float32">1</field>
                </object>
              </object>
              <object name="RoomProperties">
                <field name="selType" type="UInt32">1401417754</field>
                <object name="Obj">
                  <field name="text_hid_DTCTH_ClassName" type="String">CBuildingElementProperties</field>
                  <field name="hid_DTCTH_ClassName" type="Hash32">5387F01A</field>
                  <object name="BuildingElementsList">
                    <object name="BuildingElement">
                      <field name="vectorPosition" type="Vector3">4.94719E-05,-4.41612,1.39111</field>
                      <field name="angvecAngles" type="Vector3">0,0,0</field>
                      <field name="fWidth" type="Float32">1.25</field>
                      <field name="fHeight" type="Float32">2.3</field>
                      <field name="selRoomPlaneType" type="BinHex">02000000</field>
                    </object>
                    <object name="BuildingElement">
                      <field name="vectorPosition" type="Vector3">1.07941,4.3473,1.93335</field>
                      <field name="angvecAngles" type="Vector3">0,0,180</field>
                      <field name="fWidth" type="Float32">1.3</field>
                      <field name="fHeight" type="Float32">1.3</field>
                      <field name="selRoomPlaneType" type="BinHex">01000000</field>
                    </object>
                    <object name="BuildingElement">
                      <field name="vectorPosition" type="Vector3">2.69015,-0.635453,1.89587</field>
                      <field name="angvecAngles" type="Vector3">0,0,90</field>
                      <field name="fWidth" type="Float32">1.3</field>
                      <field name="fHeight" type="Float32">1.3</field>
                      <field name="selRoomPlaneType" type="BinHex">01000000</field>
                    </object>
                    <object name="BuildingElement">
                      <field name="vectorPosition" type="Vector3">-2.60303,2.21214,1.43335</field>
                      <field name="angvecAngles" type="Vector3">0,0,-90</field>
                      <field name="fWidth" type="Float32">1.25</field>
                      <field name="fHeight" type="Float32">2.3</field>
                      <field name="selRoomPlaneType" type="BinHex">02000000</field>
                    </object>
                    <object name="BuildingElement">
                      <field name="vectorPosition" type="Vector3">-2.63289,-2.40904,1.89746</field>
                      <field name="angvecAngles" type="Vector3">0,0,-90</field>
                      <field name="fWidth" type="Float32">1.3</field>
                      <field name="fHeight" type="Float32">1.3</field>
                      <field name="selRoomPlaneType" type="BinHex">01000000</field>
                    </object>
                  </object>
                </object>
              </object>
              <object name="RoomProperties">
                <field name="selType" type="UInt32">4294967295</field>
              </object>
            </object>
          </object>
        </object>
      </object>
      <object name="CGraphicComponent">
        <field name="hidHasAliasName" type="Boolean">True</field>
        <field name="hidComponentClassName" type="String">CStaticGraphicComponent</field>
        <field name="bCastShadow" type="Boolean">True</field>
        <field name="bReceiveShadow" type="Boolean">True</field>
        <field name="bCastAmbientShadow" type="Boolean">True</field>
        <field name="olgLightGroup" type="Int32">129</field>
        <field name="bShowInReflection" type="Boolean">True</field>
        <field name="bAlwaysShowInReflection" type="Boolean">False</field>
        <field name="bHighLight" type="Boolean">False</field>
        <field name="bLodDitheringEnable" type="Boolean">True</field>
        <field name="matIntuitionMaterialName" type="String"></field>
        <field name="bShowThroughWithFlashing" type="Boolean">False</field>
        <field name="bBackDrop" type="Boolean">False</field>
        <field name="bDisableMip0ResourceLoading" type="BinHex">00</field>
        <field hash="F41DCC4F" type="BinHex">0000000000000000</field>
        <field name="hidIndex" type="Int32">0</field>
        <field name="text_fileModel" type="String">graphics\_singleplayer\buildings\traditional\trad_buildingsmall_a_01.xbg</field>
        <field name="fileModel" type="Hash64">1C32A389EDB31D29</field>
        <field name="hidMeshName" type="String"></field>
        <field name="hidScale" type="Vector3">1,1,1</field>
        <object name="MaterialLightSwitch">
          <field name="hidSharedDataHandlerHash" type="Hash64">248B80EFFAA819C1</field>
          <object name="MaterialSlots">
            <object name="Material">
              <field name="text_disSlotPathId" type="String">graphics\_materials\ipapismado-m-20130422193039.material.bin</field>
              <field name="disSlotPathId" type="Hash64">0DA1045FF50F1127</field>
              <field name="text_matMaterial" type="String"></field>
              <field name="matMaterial" type="Hash64">FFFFFFFFFFFFFFFF</field>
              <field name="disHD" type="BinHex">00</field>
            </object>
            <object name="Material">
              <field name="text_disSlotPathId" type="String">graphics\_materials\ipapismado-m-20130603110410.material.bin</field>
              <field name="disSlotPathId" type="Hash64">12024FDE2DC12848</field>
              <field name="text_matMaterial" type="String"></field>
              <field name="matMaterial" type="Hash64">FFFFFFFFFFFFFFFF</field>
              <field name="disHD" type="BinHex">00</field>
            </object>
            <object name="Material">
              <field name="text_disSlotPathId" type="String">graphics\_materials\yallaire-m-20130412124109.material.bin</field>
              <field name="disSlotPathId" type="Hash64">1D1C1592AF1AE0C5</field>
              <field name="text_matMaterial" type="String"></field>
              <field name="matMaterial" type="Hash64">FFFFFFFFFFFFFFFF</field>
              <field name="disHD" type="BinHex">00</field>
            </object>
            <object name="Material">
              <field name="text_disSlotPathId" type="String">graphics\_materials\nfortin-m-20130514130112.material.bin</field>
              <field name="disSlotPathId" type="Hash64">28DE1A5A22E9F8F6</field>
              <field name="text_matMaterial" type="String"></field>
              <field name="matMaterial" type="Hash64">FFFFFFFFFFFFFFFF</field>
              <field name="disHD" type="BinHex">00</field>
            </object>
            <object name="Material">
              <field name="text_disSlotPathId" type="String">graphics\_materials\ipapismado-m-20130603162502.material.bin</field>
              <field name="disSlotPathId" type="Hash64">7AC1AF8E2DC3A30C</field>
              <field name="text_matMaterial" type="String"></field>
              <field name="matMaterial" type="Hash64">FFFFFFFFFFFFFFFF</field>
              <field name="disHD" type="BinHex">00</field>
            </object>
            <object name="Material">
              <field name="text_disSlotPathId" type="String">graphics\_materials\nfortin-m-20140410135819.material.bin</field>
              <field name="disSlotPathId" type="Hash64">7EEFAA5D4F21C488</field>
              <field name="text_matMaterial" type="String"></field>
              <field name="matMaterial" type="Hash64">FFFFFFFFFFFFFFFF</field>
              <field name="disHD" type="BinHex">00</field>
            </object>
            <object name="Material">
              <field name="text_disSlotPathId" type="String">graphics\_materials\skovalchuk-m-20140805101143.material.bin</field>
              <field name="disSlotPathId" type="Hash64">A5A1F8A5B05F8FC2</field>
              <field name="text_matMaterial" type="String"></field>
              <field name="matMaterial" type="Hash64">FFFFFFFFFFFFFFFF</field>
              <field name="disHD" type="BinHex">00</field>
            </object>
            <object name="Material">
              <field name="text_disSlotPathId" type="String">graphics\_materials\ipapismado-m-20130510113257.material.bin</field>
              <field name="disSlotPathId" type="Hash64">DB4FDFDC418EEBCB</field>
              <field name="text_matMaterial" type="String"></field>
              <field name="matMaterial" type="Hash64">FFFFFFFFFFFFFFFF</field>
              <field name="disHD" type="BinHex">00</field>
            </object>
          </object>
        </object>
        <object name="MaterialOverrides">
          <field name="hidSharedDataHandlerHash" type="Hash64">B3BC7F4885680E76</field>
          <object name="MaterialSlots">
            <object name="Material">
              <field name="text_disSlotPathId" type="String">graphics\_materials\ipapismado-m-20130422193039.material.bin</field>
              <field name="disSlotPathId" type="Hash64">0DA1045FF50F1127</field>
              <field name="text_matMaterial" type="String"></field>
              <field name="matMaterial" type="Hash64">FFFFFFFFFFFFFFFF</field>
              <field name="disHD" type="BinHex">00</field>
            </object>
            <object name="Material">
              <field name="text_disSlotPathId" type="String">graphics\_materials\ipapismado-m-20130603110410.material.bin</field>
              <field name="disSlotPathId" type="Hash64">12024FDE2DC12848</field>
              <field name="text_matMaterial" type="String"></field>
              <field name="matMaterial" type="Hash64">FFFFFFFFFFFFFFFF</field>
              <field name="disHD" type="BinHex">00</field>
            </object>
            <object name="Material">
              <field name="text_disSlotPathId" type="String">graphics\_materials\yallaire-m-20130412124109.material.bin</field>
              <field name="disSlotPathId" type="Hash64">1D1C1592AF1AE0C5</field>
              <field name="text_matMaterial" type="String"></field>
              <field name="matMaterial" type="Hash64">FFFFFFFFFFFFFFFF</field>
              <field name="disHD" type="BinHex">00</field>
            </object>
            <object name="Material">
              <field name="text_disSlotPathId" type="String">graphics\_materials\nfortin-m-20130514130112.material.bin</field>
              <field name="disSlotPathId" type="Hash64">28DE1A5A22E9F8F6</field>
              <field name="text_matMaterial" type="String"></field>
              <field name="matMaterial" type="Hash64">FFFFFFFFFFFFFFFF</field>
              <field name="disHD" type="BinHex">00</field>
            </object>
            <object name="Material">
              <field name="text_disSlotPathId" type="String">graphics\_materials\ipapismado-m-20130603162502.material.bin</field>
              <field name="disSlotPathId" type="Hash64">7AC1AF8E2DC3A30C</field>
              <field name="text_matMaterial" type="String"></field>
              <field name="matMaterial" type="Hash64">FFFFFFFFFFFFFFFF</field>
              <field name="disHD" type="BinHex">00</field>
            </object>
            <object name="Material">
              <field name="text_disSlotPathId" type="String">graphics\_materials\nfortin-m-20140410135819.material.bin</field>
              <field name="disSlotPathId" type="Hash64">7EEFAA5D4F21C488</field>
              <field name="text_matMaterial" type="String"></field>
              <field name="matMaterial" type="Hash64">FFFFFFFFFFFFFFFF</field>
              <field name="disHD" type="BinHex">00</field>
            </object>
            <object name="Material">
              <field name="text_disSlotPathId" type="String">graphics\_materials\skovalchuk-m-20140805101143.material.bin</field>
              <field name="disSlotPathId" type="Hash64">A5A1F8A5B05F8FC2</field>
              <field name="text_matMaterial" type="String"></field>
              <field name="matMaterial" type="Hash64">FFFFFFFFFFFFFFFF</field>
              <field name="disHD" type="BinHex">00</field>
            </object>
            <object name="Material">
              <field name="text_disSlotPathId" type="String">graphics\_materials\ipapismado-m-20130510113257.material.bin</field>
              <field name="disSlotPathId" type="Hash64">DB4FDFDC418EEBCB</field>
              <field name="text_matMaterial" type="String"></field>
              <field name="matMaterial" type="Hash64">FFFFFFFFFFFFFFFF</field>
              <field name="disHD" type="BinHex">00</field>
            </object>
          </object>
        </object>
        <object name="hidModelLODs" />
        <object name="hidModelDistancesLODs" />
      </object>
      <object name="CStaticPhysComponent">
        <field name="hidHasAliasName" type="Boolean">False</field>
        <field name="text_hidResourceId" type="String">graphics\_singleplayer\buildings\traditional\trad_buildingsmall_a_01.hkx</field>
        <field name="hidResourceId" type="Hash64">0EAE8889EDB31D29</field>
        <field hash="C784A41F" type="BinHex">01</field>
        <field name="bUseMaxTerrainSlope" type="Boolean">False</field>
        <field name="bIgnoreInExplosions" type="Boolean">False</field>
        <field name="selOverrideSlideAngle" type="BinHex">00000000</field>
        <field name="bAnimateable" type="Boolean">False</field>
        <field hash="AAFA0C31" type="BinHex">00</field>
        <field hash="BF1EB181" type="BinHex">00</field>
        <field name="bIgnoreBreakableEventsForEver" type="BinHex">00</field>
        <field name="bIgnoreBreakableEventsTemporarily" type="BinHex">00</field>
        <field name="bImmuneToDamage" type="BinHex">00</field>
        <field name="bNoCollision" type="BinHex">00</field>
        <field name="bLargeEntity" type="Boolean">False</field>
        <field name="hidResourceIndex" type="Int32">0</field>
        <field name="bEncounterTeleportToGroundOnCreate" type="BinHex">00</field>
        <field name="bNoDecals" type="BinHex">00</field>
        <field name="bPatchNavmesh" type="BinHex">00</field>
        <field name="bAffectNavMesh" type="Boolean">True</field>
        <object name="LogicMaterialOverrides">
          <object name="LogicMaterial">
            <field name="logmatLogicMaterial" type="Int32">2</field>
            <field name="text_disSlotName" type="String">CCOL003</field>
            <field name="disSlotName" type="Hash32">2EDF5230</field>
          </object>
          <object name="LogicMaterial">
            <field name="logmatLogicMaterial" type="Int32">16</field>
            <field name="text_disSlotName" type="String">SCOL006</field>
            <field name="disSlotName" type="Hash32">396B3A71</field>
          </object>
          <object name="LogicMaterial">
            <field name="logmatLogicMaterial" type="Int32">2</field>
            <field name="text_disSlotName" type="String">SCOL002</field>
            <field name="disSlotName" type="Hash32">3E06FE68</field>
          </object>
          <object name="LogicMaterial">
            <field name="logmatLogicMaterial" type="Int32">2</field>
            <field name="text_disSlotName" type="String">SCOL003</field>
            <field name="disSlotName" type="Hash32">4901CEFE</field>
          </object>
          <object name="LogicMaterial">
            <field name="logmatLogicMaterial" type="Int32">16</field>
            <field name="text_disSlotName" type="String">SCOL007</field>
            <field name="disSlotName" type="Hash32">4E6C0AE7</field>
          </object>
          <object name="LogicMaterial">
            <field name="logmatLogicMaterial" type="Int32">2</field>
            <field name="text_disSlotName" type="String">CCOL002</field>
            <field name="disSlotName" type="Hash32">59D862A6</field>
          </object>
          <object name="LogicMaterial">
            <field name="logmatLogicMaterial" type="Int32">2</field>
            <field name="text_disSlotName" type="String">CCOL006</field>
            <field name="disSlotName" type="Hash32">5EB5A6BF</field>
          </object>
          <object name="LogicMaterial">
            <field name="logmatLogicMaterial" type="Int32">2</field>
            <field name="text_disSlotName" type="String">SCOL005</field>
            <field name="disSlotName" type="Hash32">A0626BCB</field>
          </object>
          <object name="LogicMaterial">
            <field name="logmatLogicMaterial" type="Int32">2</field>
            <field name="text_disSlotName" type="String">SCOL001</field>
            <field name="disSlotName" type="Hash32">A70FAFD2</field>
          </object>
          <object name="LogicMaterial">
            <field name="logmatLogicMaterial" type="Int32">2</field>
            <field name="text_disSlotName" type="String">CCOL004</field>
            <field name="disSlotName" type="Hash32">B0BBC793</field>
          </object>
          <object name="LogicMaterial">
            <field name="logmatLogicMaterial" type="Int32">16</field>
            <field name="text_disSlotName" type="String">CCOL001</field>
            <field name="disSlotName" type="Hash32">C0D1331C</field>
          </object>
          <object name="LogicMaterial">
            <field name="logmatLogicMaterial" type="Int32">2</field>
            <field name="text_disSlotName" type="String">CCOL005</field>
            <field name="disSlotName" type="Hash32">C7BCF705</field>
          </object>
          <object name="LogicMaterial">
            <field name="logmatLogicMaterial" type="Int32">2</field>
            <field name="text_disSlotName" type="String">SCOL004</field>
            <field name="disSlotName" type="Hash32">D7655B5D</field>
          </object>
        </object>
        <object name="hidTheSharedMap">
          <field name="hidSharedDataHandlerHash" type="Hash64">C0DCFC1C45AF7021</field>
        </object>
      </object>
      <object name="CMinimapComponent">
        <field name="hidHasAliasName" type="Boolean">False</field>
        <field name="minimapobjectinfoObjectInfo" type="BinHex">FFFFFFFF00000000</field>
      </object>
      <object name="CInteriorVolumeComponent">
        <field name="hidHasAliasName" type="Boolean">False</field>
        <field name="hidInjected" type="Boolean">True</field>
        <field name="text_fileModel" type="String">graphics\_singleplayer\buildings\traditional\trad_buildingsmall_a_01_interiorvolume.xbg</field>
        <field name="fileModel" type="Hash64">D6F95667E867FB5A</field>
        <field name="intambientInteriorAmbient" type="Id64">3870101179</field>
        <field name="bEnabled" type="Boolean">True</field>
        <field name="Priority" type="UInt32">0</field>
      </object>
      <object name="CCoverComponent">
        <field name="hidHasAliasName" type="Boolean">False</field>
        <field name="hidInjected" type="Boolean">True</field>
        <object name="Covers">
          <object name="Cover">
            <field name="bUseMetadataOnEmptyInstance" type="BinHex">01</field>
            <field name="bIsFPCover" type="BinHex">01</field>
            <field name="hidTransform" type="BinHex">0000803F000000000000000000000000000000000000803F000000000000000000000000000000000000803F000000000611FBC3D93EB8C3F3FFFF320000803F</field>
            <field name="selCoverObjectType" type="BinHex">00000000</field>
            <object name="hidCoverInformation">
              <object name="hidState">
                <object name="hidCover">
                  <field name="State" type="BinHex">FFFFFFFF</field>
                  <object name="CoverPoints" />
                  <object name="CoverLinks" />
                  <object name="CoverAnchors" />
                </object>
              </object>
            </object>
          </object>
        </object>
      </object>
      <object name="CClimbableComponent">
        <field name="hidHasAliasName" type="Boolean">False</field>
        <field name="hidInjected" type="Boolean">True</field>
        <field name="bCanClimbFromWater" type="BinHex">01</field>
        <field name="bCanClimbFromLand" type="BinHex">01</field>
        <object name="Lines">
          <object name="Lines">
            <field name="disVectorLineStart" type="Vector3">0,0,0</field>
            <field name="disVectorLineEnd" type="Vector3">0,0,0</field>
            <field name="disVectorAnchor" type="Vector3">0,0,0</field>
          </object>
        </object>
      </object>
      <object name="CNavLinkComponent">
        <field name="hidHasAliasName" type="Boolean">False</field>
        <field name="hidInjected" type="Boolean">True</field>
        <field name="bValid" type="BinHex">01</field>
        <field name="bActivated" type="BinHex">01</field>
        <field name="bCanUseFirstEntry" type="BinHex">01</field>
        <field name="bCanUseSecondEntry" type="BinHex">01</field>
        <field name="selNavMeshLayer" type="BinHex">00000000</field>
      </object>
      <object name="CSoundOcclusionComponent">
        <field name="hidHasAliasName" type="Boolean">False</field>
        <field name="hidInjected" type="Boolean">True</field>
        <object name="SoundZonesList">
          <object name="SoundZone">
            <field name="vectorSize" type="Vector3">0,0,0</field>
            <field name="vectorOffsetPosition" type="Vector3">0,0,0</field>
            <field name="vectorOffsetAngles" type="Vector3">0,0,0</field>
            <field name="disZoneId" type="BinHex">0000000000000000</field>
            <field name="occzonParams" type="BinHex">FFFFFFFF00000000</field>
            <object name="EntrancesList">
              <object name="Entrance">
                <field name="vectorSize" type="Vector3">0,0,0</field>
                <field name="vectorOffsetPosition" type="Vector3">0,0,0</field>
                <field name="vectorOffsetAngles" type="Vector3">0,0,0</field>
                <field name="bIsADoor" type="BinHex">00</field>
                <field name="occholParams" type="BinHex">FFFFFFFF00000000</field>
              </object>
            </object>
            <object name="ConnectionsList">
              <object name="Connection">
                <field name="ConnectedZoneId" type="BinHex">0000000000000000</field>
              </object>
            </object>
          </object>
        </object>
      </object>
    </object>
  </object>
  <object name="ResPack">
    <field name="Count" type="BinHex">08000000</field>
    <object name="ResList">
      <field name="TypeId" type="Hash32">3AE88EFD</field>
      <field name="ResIds" type="BinHex">01000000291DB3ED8988AE0E</field>
    </object>
    <object name="ResList">
      <field name="TypeId" type="Hash32">63F450D8</field>
      <field name="ResIds" type="BinHex">05000000521B56CC9C599689521BE6CD9C599689966D01C39CD31AD056CBF3C99C5996D356CBE3CD9C5996D3</field>
    </object>
    <object name="ResList">
      <field name="TypeId" type="Hash32">86E8E8BE</field>
      <field name="ResIds" type="BinHex">02000000291DB3ED89A3321C5AFB67E86756F9D6</field>
    </object>
  </object>
</object>