﻿<?xml version="1.0" encoding="utf-8"?>
<object name="EntityPrototype" def="ark">
  <field name="disLibItemId" type="Id64">138423245899846</field>
  <field name="text_hidArchetypeResId" type="String">entityarchetypeslibrary\138423245899846.ark.fcb</field>
  <field name="hidArchetypeResId" type="Hash64">4307D2688C8A0D34</field>
  <field name="Name" type="String">groups/groups/MediumTent/Fire_ProhibitedObjects_01_16</field>
  <field name="ArchetypeName" type="String">ige_archetypes:groups/groups/mediumtent/fire_prohibitedobjects_01_16</field>
  <object name="Entity">
    <field name="hidName" type="String">ige_archetypes:groups/groups/MediumTent/Fire_ProhibitedObjects_01_16</field>
    <field name="text_hidEntityClass" type="String">CEntity</field>
    <field name="hidEntityClass" type="Hash32">50C95067</field>
    <field name="hidResourceCount" type="Int32">6</field>
    <field name="hidConstEntity" type="Boolean">False</field>
    <field name="text_hidArchetypeResId" type="String">entityarchetypeslibrary\138423245899846.ark.fcb</field>
    <field name="hidArchetypeResId" type="Hash64">4307D2688C8A0D34</field>
    <object name="Components">
      <object name="CFileDescriptorComponent">
        <field name="hidHasAliasName" type="Boolean">False</field>
        <field name="text_fileName" type="String">graphics\_singleplayer\props\debris\fire_prohibitedobjects_01.xml</field>
        <field name="fileName" type="Hash64">CD89D8F204B79DB3</field>
        <field name="hidDescriptor" type="Rml">
          <rml>
            <hidDescriptor>
              <component class="GraphicComponent" version="2" detail="0">
                <object index="0" boneName="Fire_ProhibitedObjects_01_LOD0" bboxMin="-1.39038,-1.78312,-0.094538" bboxMax="2.01827,1.53303,0.665931" />
                <resource fileName="graphics\_SinglePlayer\Props\Debris\Fire_ProhibitedObjects_01.xbg" bboxMin="-1.39038,-1.78312,-0.0945381" bboxMax="2.01827,1.53303,0.665931" />
                <skeleton_reference_list>
                  <skeleton name="Fire_ProhibitedObjects_01" index="0" pos="0,0,0" rot="1,-0,-0,-0" />
                </skeleton_reference_list>
                <material_reference_list>
                  <material name="FcG_HeroStatueBurned_01" shader_name="Generic_FC3" ref_shader_id="SBeaulieu-M-20130923163349" />
                  <material name="Sim_FlagLinePrayer_01" shader_name="Generic_FC3" ref_shader_id="skovalchuk-M-20130617153444" />
                  <material name="FcG_WoodRottenPainted_01" shader_name="Generic_FC3" ref_shader_id="rlaudico-M-20130919151537" />
                  <material name="BurnedDebris_01" shader_name="Generic_FC3" ref_shader_id="SBeaulieu-M-2013092336491380" />
                  <material name="Sim_NepalSigns_Burned_01" shader_name="Generic_FC3" ref_shader_id="SBeaulieu-M-20130923143742" />
                  <material name="Books_01_Burned" shader_name="Generic_FC3" ref_shader_id="SBeaulieu-M-20130923170359" />
                </material_reference_list>
              </component>
              <component class="InteriorVolumeComponent" version="1" detail="0" />
              <component class="StaticPhysComponent">
                <resource fileName="graphics\_SinglePlayer\Props\Debris\Fire_ProhibitedObjects_01.hkx" />
              </component>
            </hidDescriptor>
          </rml>
        </field>
      </object>
      <object name="CObjectIgnitorCreatorComponent">
        <field name="hidHasAliasName" type="Boolean">False</field>
      </object>
      <object name="CGraphicComponent">
        <field name="hidHasAliasName" type="Boolean">True</field>
        <field name="hidComponentClassName" type="String">CStaticGraphicComponent</field>
        <field name="bCastShadow" type="Boolean">True</field>
        <field name="bReceiveShadow" type="Boolean">True</field>
        <field name="bCastAmbientShadow" type="Boolean">True</field>
        <field name="olgLightGroup" type="Int32">129</field>
        <field name="bShowInReflection" type="Boolean">True</field>
        <field name="bAlwaysShowInReflection" type="Boolean">False</field>
        <field name="bHighLight" type="Boolean">False</field>
        <field name="bLodDitheringEnable" type="Boolean">True</field>
        <field name="matIntuitionMaterialName" type="String"></field>
        <field name="bShowThroughWithFlashing" type="Boolean">False</field>
        <field name="bBackDrop" type="Boolean">False</field>
        <field name="bDisableMip0ResourceLoading" type="BinHex">00</field>
        <field hash="F41DCC4F" type="BinHex">0000000000000000</field>
        <field name="hidIndex" type="Int32">0</field>
        <field name="text_fileModel" type="String">graphics\_singleplayer\props\debris\fire_prohibitedobjects_01.xbg</field>
        <field name="fileModel" type="Hash64">C2D048F204B79DB3</field>
        <field name="hidMeshName" type="String"></field>
        <field name="hidScale" type="Vector3">1,1,1</field>
        <object name="MaterialLightSwitch">
          <field name="hidSharedDataHandlerHash" type="Hash64">AF90D6A3234436AC</field>
          <object name="MaterialSlots">
            <object name="Material">
              <field name="text_disSlotPathId" type="String">graphics\_materials\sbeaulieu-m-20130923170359.material.bin</field>
              <field name="disSlotPathId" type="Hash64">449D63CA808D6A70</field>
              <field name="text_matMaterial" type="String"></field>
              <field name="matMaterial" type="Hash64">FFFFFFFFFFFFFFFF</field>
              <field name="disHD" type="BinHex">00</field>
            </object>
            <object name="Material">
              <field name="text_disSlotPathId" type="String">graphics\_materials\sbeaulieu-m-20130923163349.material.bin</field>
              <field name="disSlotPathId" type="Hash64">46F128BA808D6B35</field>
              <field name="text_matMaterial" type="String"></field>
              <field name="matMaterial" type="Hash64">FFFFFFFFFFFFFFFF</field>
              <field name="disHD" type="BinHex">00</field>
            </object>
            <object name="Material">
              <field name="text_disSlotPathId" type="String">graphics\_materials\sbeaulieu-m-2013092336491380.material.bin</field>
              <field name="disSlotPathId" type="Hash64">4CEC4EB203B18D22</field>
              <field name="text_matMaterial" type="String"></field>
              <field name="matMaterial" type="Hash64">FFFFFFFFFFFFFFFF</field>
              <field name="disHD" type="BinHex">00</field>
            </object>
            <object name="Material">
              <field name="text_disSlotPathId" type="String">graphics\_materials\sbeaulieu-m-20130923143742.material.bin</field>
              <field name="disSlotPathId" type="Hash64">5B329E5A80848C30</field>
              <field name="text_matMaterial" type="String"></field>
              <field name="matMaterial" type="Hash64">FFFFFFFFFFFFFFFF</field>
              <field name="disHD" type="BinHex">00</field>
            </object>
            <object name="Material">
              <field name="text_disSlotPathId" type="String">graphics\_materials\rlaudico-m-20130919151537.material.bin</field>
              <field name="disSlotPathId" type="Hash64">8B3904F658CAC285</field>
              <field name="text_matMaterial" type="String"></field>
              <field name="matMaterial" type="Hash64">FFFFFFFFFFFFFFFF</field>
              <field name="disHD" type="BinHex">00</field>
            </object>
            <object name="Material">
              <field name="text_disSlotPathId" type="String">graphics\_materials\skovalchuk-m-20130617153444.material.bin</field>
              <field name="disSlotPathId" type="Hash64">D0D6AE1607682463</field>
              <field name="text_matMaterial" type="String"></field>
              <field name="matMaterial" type="Hash64">FFFFFFFFFFFFFFFF</field>
              <field name="disHD" type="BinHex">00</field>
            </object>
          </object>
        </object>
        <object name="MaterialOverrides">
          <field name="hidSharedDataHandlerHash" type="Hash64">6BFBA89F93C046BB</field>
          <object name="MaterialSlots">
            <object name="Material">
              <field name="text_disSlotPathId" type="String">graphics\_materials\sbeaulieu-m-20130923170359.material.bin</field>
              <field name="disSlotPathId" type="Hash64">449D63CA808D6A70</field>
              <field name="text_matMaterial" type="String"></field>
              <field name="matMaterial" type="Hash64">FFFFFFFFFFFFFFFF</field>
              <field name="disHD" type="BinHex">00</field>
            </object>
            <object name="Material">
              <field name="text_disSlotPathId" type="String">graphics\_materials\sbeaulieu-m-20130923163349.material.bin</field>
              <field name="disSlotPathId" type="Hash64">46F128BA808D6B35</field>
              <field name="text_matMaterial" type="String"></field>
              <field name="matMaterial" type="Hash64">FFFFFFFFFFFFFFFF</field>
              <field name="disHD" type="BinHex">00</field>
            </object>
            <object name="Material">
              <field name="text_disSlotPathId" type="String">graphics\_materials\sbeaulieu-m-2013092336491380.material.bin</field>
              <field name="disSlotPathId" type="Hash64">4CEC4EB203B18D22</field>
              <field name="text_matMaterial" type="String"></field>
              <field name="matMaterial" type="Hash64">FFFFFFFFFFFFFFFF</field>
              <field name="disHD" type="BinHex">00</field>
            </object>
            <object name="Material">
              <field name="text_disSlotPathId" type="String">graphics\_materials\sbeaulieu-m-20130923143742.material.bin</field>
              <field name="disSlotPathId" type="Hash64">5B329E5A80848C30</field>
              <field name="text_matMaterial" type="String"></field>
              <field name="matMaterial" type="Hash64">FFFFFFFFFFFFFFFF</field>
              <field name="disHD" type="BinHex">00</field>
            </object>
            <object name="Material">
              <field name="text_disSlotPathId" type="String">graphics\_materials\rlaudico-m-20130919151537.material.bin</field>
              <field name="disSlotPathId" type="Hash64">8B3904F658CAC285</field>
              <field name="text_matMaterial" type="String"></field>
              <field name="matMaterial" type="Hash64">FFFFFFFFFFFFFFFF</field>
              <field name="disHD" type="BinHex">00</field>
            </object>
            <object name="Material">
              <field name="text_disSlotPathId" type="String">graphics\_materials\skovalchuk-m-20130617153444.material.bin</field>
              <field name="disSlotPathId" type="Hash64">D0D6AE1607682463</field>
              <field name="text_matMaterial" type="String"></field>
              <field name="matMaterial" type="Hash64">FFFFFFFFFFFFFFFF</field>
              <field name="disHD" type="BinHex">00</field>
            </object>
          </object>
        </object>
        <object name="hidModelLODs" />
        <object name="hidModelDistancesLODs" />
      </object>
      <object name="CStaticPhysComponent">
        <field name="hidHasAliasName" type="Boolean">False</field>
        <field name="text_hidResourceId" type="String">graphics\_singleplayer\props\debris\fire_prohibitedobjects_01.hkx</field>
        <field name="hidResourceId" type="Hash64">D04C63F204B79DB3</field>
        <field hash="C784A41F" type="BinHex">01</field>
        <field name="bUseMaxTerrainSlope" type="Boolean">False</field>
        <field name="bIgnoreInExplosions" type="Boolean">False</field>
        <field name="selOverrideSlideAngle" type="BinHex">00000000</field>
        <field name="bAnimateable" type="Boolean">False</field>
        <field hash="AAFA0C31" type="BinHex">00</field>
        <field hash="BF1EB181" type="BinHex">00</field>
        <field name="bIgnoreBreakableEventsForEver" type="BinHex">00</field>
        <field name="bIgnoreBreakableEventsTemporarily" type="BinHex">00</field>
        <field name="bImmuneToDamage" type="BinHex">00</field>
        <field name="bNoCollision" type="BinHex">00</field>
        <field name="bLargeEntity" type="Boolean">False</field>
        <field name="hidResourceIndex" type="Int32">0</field>
        <field name="bEncounterTeleportToGroundOnCreate" type="BinHex">00</field>
        <field name="bNoDecals" type="BinHex">00</field>
        <field name="bPatchNavmesh" type="BinHex">00</field>
        <field name="bAffectNavMesh" type="Boolean">True</field>
        <object name="LogicMaterialOverrides">
          <object name="LogicMaterial">
            <field name="logmatLogicMaterial" type="Int32">28</field>
            <field name="text_disSlotName" type="String">Books_01_Burned</field>
            <field name="disSlotName" type="Hash32">2038A6A7</field>
          </object>
          <object name="LogicMaterial">
            <field name="logmatLogicMaterial" type="Int32">4</field>
            <field name="text_disSlotName" type="String">BurnedDebris_01</field>
            <field name="disSlotName" type="Hash32">7C40B452</field>
          </object>
          <object name="LogicMaterial">
            <field name="logmatLogicMaterial" type="Int32">16</field>
            <field name="text_disSlotName" type="String">FcG_WoodPainted_YellowOld</field>
            <field name="disSlotName" type="Hash32">98EF3091</field>
          </object>
          <object name="LogicMaterial">
            <field name="logmatLogicMaterial" type="Int32">4</field>
            <field name="text_disSlotName" type="String">SCOL001</field>
            <field name="disSlotName" type="Hash32">A70FAFD2</field>
          </object>
          <object name="LogicMaterial">
            <field name="logmatLogicMaterial" type="Int32">4</field>
            <field name="text_disSlotName" type="String">CCOL001</field>
            <field name="disSlotName" type="Hash32">C0D1331C</field>
          </object>
          <object name="LogicMaterial">
            <field name="logmatLogicMaterial" type="Int32">16</field>
            <field name="text_disSlotName" type="String">Sim_NepalSigns_Burned_01</field>
            <field name="disSlotName" type="Hash32">D6A8E8E5</field>
          </object>
          <object name="LogicMaterial">
            <field name="logmatLogicMaterial" type="Int32">16</field>
            <field name="text_disSlotName" type="String">FcG_HeroStatueBurned_01</field>
            <field name="disSlotName" type="Hash32">E493E952</field>
          </object>
        </object>
        <object name="hidTheSharedMap">
          <field name="hidSharedDataHandlerHash" type="Hash64">B486034387A0CAAA</field>
        </object>
      </object>
      <object name="CCoverComponent">
        <field name="hidHasAliasName" type="Boolean">False</field>
        <object name="Covers">
          <object name="Cover">
            <field name="bUseMetadataOnEmptyInstance" type="BinHex">01</field>
            <field name="bIsFPCover" type="BinHex">01</field>
            <field name="hidTransform" type="BinHex">0000803F000000000000000000000000000000000000803F000000000000000000000000000000000000803F000000000000000000000000000000000000803F</field>
            <field name="selCoverObjectType" type="BinHex">00000000</field>
            <object name="hidCoverInformation">
              <object name="hidState">
                <object name="hidCover">
                  <field name="State" type="BinHex">FFFFFFFF</field>
                  <object name="CoverPoints" />
                  <object name="CoverLinks" />
                  <object name="CoverAnchors" />
                </object>
              </object>
            </object>
          </object>
        </object>
      </object>
      <object hash="0C5A5F7D">
        <field name="hidHasAliasName" type="Boolean">False</field>
        <object hash="D89DA0E2">
          <field name="sndvarMIMUHBRes" type="BinHex">01000000</field>
          <field hash="EB9B8FFE" type="BinHex">00000000</field>
          <field name="MaterialId" type="BinHex">00000000</field>
          <field name="RulesBus" type="BinHex">00000000</field>
        </object>
      </object>
      <object name="CInteriorVolumeComponent">
        <field name="hidHasAliasName" type="Boolean">False</field>
        <field name="text_fileModel" type="String"></field>
        <field name="fileModel" type="Hash64">FFFFFFFFFFFFFFFF</field>
        <field name="intambientInteriorAmbient" type="Id64">4294967295</field>
        <field name="bEnabled" type="Boolean">True</field>
        <field name="Priority" type="UInt32">0</field>
      </object>
      <object name="CMinimapComponent">
        <field name="hidHasAliasName" type="Boolean">False</field>
        <field name="minimapobjectinfoObjectInfo" type="BinHex">FFFFFFFF00000000</field>
      </object>
      <object name="CIgnitorComponent">
        <field name="hidHasAliasName" type="Boolean">False</field>
        <field name="hidInjected" type="Boolean">True</field>
        <field name="fireobjObjectProfile_SP" type="Id64">3193554488</field>
        <field name="fireobjObjectProfile_MP" type="Id64">4294967295</field>
        <field name="bIgniteAutoFire" type="BinHex">00</field>
        <field name="bIgniteNoPropagate" type="BinHex">00</field>
        <field name="bUseLargeParticlePool" type="BinHex">00</field>
        <object name="IgnitorStims">
          <field name="bIgniteOnBurn" type="BinHex">01</field>
          <field name="bIgniteOnPierce" type="BinHex">00</field>
          <field name="bIgniteOnCrush" type="BinHex">00</field>
          <field name="bIgniteOnExplosion" type="BinHex">00</field>
          <field name="bIgniteOnMolotovExplosion" type="BinHex">00</field>
          <field name="bIgniteOnPoison" type="BinHex">00</field>
          <field name="bIgniteOnUse" type="BinHex">00</field>
        </object>
      </object>
      <object name="CLightAndFXComponent">
        <field name="hidHasAliasName" type="Boolean">False</field>
        <field name="hidInjected" type="Boolean">True</field>
        <field name="bIsImportantToUpdate" type="Boolean">True</field>
        <object name="curveGlobalTimeOfDayCurve">
          <field name="hidNumKnots" type="Int32">0</field>
          <field name="hidAllowedTypes" type="Int32">7</field>
          <object name="Knots" />
        </object>
        <object name="Light">
          <field name="selType" type="Enum">1</field>
          <field name="fRadius" type="Float32">8</field>
          <field name="fInnerRadius" type="Float32">5</field>
          <field name="fOcclusionAttThreshold" type="Float32">0.02</field>
          <field name="fileProjectedTexture" type="String"></field>
          <field name="clrColor" type="Vector3">0.8,0.447059,0.309804</field>
          <field name="fIntensity" type="Float32">1.5</field>
          <field name="bLightParticlesOnly" type="BinHex">00</field>
          <field name="fTurnOffFallOff" type="Float32">15</field>
          <field name="fTurnOffDistance" type="Float32">40</field>
          <field name="fFlickeringFrequency" type="Float32">1</field>
          <field name="fFlickeringAmplitude" type="Float32">0.3</field>
          <field name="fFlickeringNoise" type="Float32">2</field>
          <field name="bEnabled" type="Boolean">True</field>
          <object name="Sounds">
            <field name="sndtpFlickeringSoundType" type="BinHex">0B000000</field>
            <field name="sndFlickeringLoopingStartSound" type="String">0xFFFFFFFF</field>
            <field name="sndFlickeringLoopingStopSound" type="String">0xFFFFFFFF</field>
            <field name="sndFlickeringClickRandomSound" type="String">0xFFFFFFFF</field>
            <field name="sndvarFlickeringSoundIntensityVar" type="BinHex">FFFFFFFF</field>
          </object>
          <object name="CommonAttachmentProperties">
            <field name="text_sBoneName" type="String"></field>
            <field name="sBoneName" type="BinHex">FFFFFFFF</field>
            <field name="vectorPosOffset" type="Vector3">0.4,0,1</field>
            <field name="AngleOffset" type="BinHex">000000000000000000000000</field>
            <object name="curveTimeOfDayCurve">
              <field name="hidNumKnots" type="Int32">10</field>
              <field name="hidAllowedTypes" type="Int32">7</field>
              <object name="Knots">
                <object name="Knot">
                  <field name="Value" type="BinHex">000000000000803F0000003E00000000</field>
                  <field name="Info" type="BinHex">F90FC9400000803F0000000000000000</field>
                  <field name="Type" type="BinHex">00000000</field>
                </object>
                <object name="Knot">
                  <field name="Value" type="BinHex">0000C0400000803F952BD0BF00000000</field>
                  <field name="Info" type="BinHex">F90FC9400000803F0000000000000000</field>
                  <field name="Type" type="BinHex">00000000</field>
                </object>
                <object name="Knot">
                  <field name="Value" type="BinHex">0000C0400000803F47CCCC3D00000000</field>
                  <field name="Info" type="BinHex">F90FC9400000803F0000000000000000</field>
                  <field name="Type" type="BinHex">00000000</field>
                </object>
                <object name="Knot">
                  <field name="Value" type="BinHex">3333C3400000000047CCCCBD00000000</field>
                  <field name="Info" type="BinHex">F90FC9400000803F0000000000000000</field>
                  <field name="Type" type="BinHex">00000000</field>
                </object>
                <object name="Knot">
                  <field name="Value" type="BinHex">3333C340000000009DD76C4000000000</field>
                  <field name="Info" type="BinHex">F90FC9400000803F0000000000000000</field>
                  <field name="Type" type="BinHex">00000000</field>
                </object>
                <object name="Knot">
                  <field name="Value" type="BinHex">0000904100000000C2DD7DC0650038BE</field>
                  <field name="Info" type="BinHex">F90FC9400000803F0000000000000000</field>
                  <field name="Type" type="BinHex">00000000</field>
                </object>
                <object name="Knot">
                  <field name="Value" type="BinHex">0000904100000000F987083D85EAC53A</field>
                  <field name="Info" type="BinHex">F90FC9400000803F0000000000000000</field>
                  <field name="Type" type="BinHex">00000000</field>
                </object>
                <object name="Knot">
                  <field name="Value" type="BinHex">CDCC90410000803F8E8708BD00000000</field>
                  <field name="Info" type="BinHex">F90FC9400000803F0000000000000000</field>
                  <field name="Type" type="BinHex">00000000</field>
                </object>
                <object name="Knot">
                  <field name="Value" type="BinHex">CDCC90410000803F6666A63F00000000</field>
                  <field name="Info" type="BinHex">F90FC9400000803F0000000000000000</field>
                  <field name="Type" type="BinHex">00000000</field>
                </object>
                <object name="Knot">
                  <field name="Value" type="BinHex">0000C0410000803FE8BBFBBD00000000</field>
                  <field name="Info" type="BinHex">F90FC9400000803F0000000000000000</field>
                  <field name="Type" type="BinHex">00000000</field>
                </object>
              </object>
            </object>
          </object>
        </object>
        <object name="LightEffect">
          <field name="selType" type="Enum">0</field>
          <field name="fSizeX" type="Float32">0.6</field>
          <field name="fSizeY" type="Float32">0.6</field>
          <field name="fOffsetToCamera" type="Float32">0</field>
          <field name="fVisibilitySize" type="Float32">0.05</field>
          <field name="fScaleNoise" type="Float32">0</field>
          <field name="fFadeAngle" type="Float32">180</field>
          <field name="clrColor" type="Vector3">0.203922,0.192157,0.101961</field>
          <field name="fileTexture" type="String">graphics\__fc3_graphics\singleplayer\_textures\lighting\lightfxs\blood_lightfx_01a.png</field>
          <field name="fFadeDistance" type="Float32">30</field>
          <field name="fFadeLength" type="Float32">10</field>
          <field name="fCloseFadeDistance" type="Float32">8</field>
          <field name="fCloseFadeLength" type="Float32">5</field>
          <field name="bEnable" type="Boolean">False</field>
          <object name="CommonAttachmentProperties">
            <field name="text_sBoneName" type="String"></field>
            <field name="sBoneName" type="BinHex">FFFFFFFF</field>
            <field name="vectorPosOffset" type="Vector3">0,0,1</field>
            <field name="AngleOffset" type="BinHex">000000000000000000000000</field>
            <object name="curveTimeOfDayCurve">
              <field name="hidNumKnots" type="Int32">0</field>
              <field name="hidAllowedTypes" type="Int32">7</field>
              <object name="Knots" />
            </object>
          </object>
        </object>
        <object name="Particles">
          <field name="text_psPartSys" type="String">newparticles\7839599048040.part</field>
          <field name="psPartSys" type="Hash64">EB39ACDAF11C7F41</field>
          <field name="fLodRatio" type="Float32">1</field>
          <field name="fLifeTimeRatio" type="Float32">1</field>
          <field name="fSizeXRatio" type="Float32">1</field>
          <field name="fSizeYRatio" type="Float32">1</field>
          <field name="fSpeedRatio" type="Float32">1</field>
          <field name="fAlphaRatio" type="Float32">1</field>
          <field name="fGravityRatio" type="Float32">1</field>
          <field name="fScale" type="Float32">1</field>
          <field name="fDistClippingMultiplier" type="Float32">1</field>
          <field name="clrColorMultiplier" type="Vector3">1,1,1</field>
          <field name="fEmitFactor" type="Float32">1</field>
          <field name="fVolumeDim1Ratio" type="Float32">1</field>
          <field name="fVolumeDim2Ratio" type="Float32">1</field>
          <field name="fVolumeDim3Ratio" type="Float32">1</field>
          <field name="bAutoStart" type="Boolean">True</field>
          <field name="bEnabledOutside" type="BinHex">01</field>
          <field name="bEnabledInRoom" type="BinHex">01</field>
          <field name="vecClippingOffset" type="BinHex">000000000000000000000000</field>
          <field name="nPriority" type="BinHex">05000000</field>
          <field name="EditorProperties" type="BinHex">000012010000110000456469746F7250726F70657274696573000000</field>
          <object name="CommonAttachmentProperties">
            <field name="text_sBoneName" type="String"></field>
            <field name="sBoneName" type="BinHex">FFFFFFFF</field>
            <field name="vectorPosOffset" type="Vector3">0.4,0,0</field>
            <field name="AngleOffset" type="BinHex">000000000000000000000000</field>
            <object name="curveTimeOfDayCurve">
              <field name="hidNumKnots" type="Int32">0</field>
              <field name="hidAllowedTypes" type="Int32">7</field>
              <object name="Knots" />
            </object>
          </object>
        </object>
        <object name="OffParticles">
          <field name="text_psPartSys" type="String"></field>
          <field name="psPartSys" type="Hash64">FFFFFFFFFFFFFFFF</field>
          <field name="fLodRatio" type="Float32">1</field>
          <field name="fLifeTimeRatio" type="Float32">1</field>
          <field name="fSizeXRatio" type="Float32">1</field>
          <field name="fSizeYRatio" type="Float32">1</field>
          <field name="fSpeedRatio" type="Float32">1</field>
          <field name="fAlphaRatio" type="Float32">1</field>
          <field name="fGravityRatio" type="Float32">1</field>
          <field name="fScale" type="Float32">1</field>
          <field name="fDistClippingMultiplier" type="Float32">1</field>
          <field name="clrColorMultiplier" type="Vector3">1,1,1</field>
          <field name="fEmitFactor" type="Float32">1</field>
          <field name="fVolumeDim1Ratio" type="Float32">1</field>
          <field name="fVolumeDim2Ratio" type="Float32">1</field>
          <field name="fVolumeDim3Ratio" type="Float32">1</field>
          <field name="bAutoStart" type="Boolean">True</field>
          <field name="bEnabledOutside" type="BinHex">01</field>
          <field name="bEnabledInRoom" type="BinHex">01</field>
          <field name="vecClippingOffset" type="BinHex">000000000000000000000000</field>
          <field name="nPriority" type="BinHex">05000000</field>
          <field name="EditorProperties" type="BinHex">000012010000110000456469746F7250726F70657274696573000000</field>
          <object name="CommonAttachmentProperties">
            <field name="text_sBoneName" type="String"></field>
            <field name="sBoneName" type="BinHex">FFFFFFFF</field>
            <field name="vectorPosOffset" type="Vector3">0,0,0</field>
            <field name="AngleOffset" type="BinHex">000000000000000000000000</field>
            <object name="curveTimeOfDayCurve">
              <field name="hidNumKnots" type="Int32">0</field>
              <field name="hidAllowedTypes" type="Int32">7</field>
              <object name="Knots" />
            </object>
          </object>
        </object>
      </object>
      <object name="CSoundComponent">
        <field name="hidHasAliasName" type="Boolean">False</field>
        <field name="hidInjected" type="Boolean">True</field>
        <field name="sndptSoundPoint" type="Hash64">000000000019343B</field>
        <field name="bStopSoundOnStateChange" type="Boolean">False</field>
        <field name="bAlwaysUpdate" type="Boolean">False</field>
      </object>
      <object name="CStimsEmitterComponent">
        <field name="hidHasAliasName" type="Boolean">False</field>
        <field name="hidInjected" type="Boolean">True</field>
        <field name="bEnable" type="Boolean">True</field>
        <field name="bSingleEmit" type="BinHex">00</field>
        <field name="fRateOfEmission" type="Float32">0.3</field>
        <field name="bUseSpecifiedInstigator" type="BinHex">00</field>
        <field name="entInstigatorId" type="BinHex">FFFFFFFFFFFFFFFF</field>
        <field name="vectorOffsetOrigin" type="BinHex">000000000000000000000000</field>
        <object name="Stims">
          <object name="Stim">
            <field name="hidEventName" type="String">Stims</field>
            <field name="bSupportForDualComponent" type="Boolean">False</field>
            <field name="hidTargetEntityId" type="Hash64">FFFFFFFFFFFFFFFF</field>
            <field name="text_sDetail" type="String"></field>
            <field name="sDetail" type="Hash32">FFFFFFFF</field>
            <field name="selType" type="Enum">7</field>
            <field name="selFilterSubType" type="Enum">6</field>
            <field name="fLevel" type="Float32">15</field>
            <field name="vectorImpactPos" type="Vector3">0,0,1.5</field>
            <field name="fRadius" type="Float32">0.5</field>
            <field name="bFalloff" type="Boolean">False</field>
            <field name="fFalloffMinLevel" type="Float32">1</field>
            <field name="fFalloffInterpolationFactor" type="Float32">0</field>
            <field name="bUseNewFalloffCurve" type="Boolean">False</field>
            <field name="arkFalloffCurve" type="Id64">0</field>
            <field name="hidShowType" type="Boolean">True</field>
            <field name="hidShowRadius" type="Boolean">True</field>
            <field name="fDuration" type="Float32">0</field>
            <object name="FilterFlags">
              <field name="bCommon" type="Boolean">True</field>
              <field name="bSinglePlayer" type="Boolean">True</field>
              <field name="bPvP" type="Boolean">True</field>
              <field name="bCoop" type="Boolean">True</field>
              <field name="bShangriLa" type="Boolean">True</field>
              <field name="bArena" type="Boolean">True</field>
              <field name="bChannel0" type="Boolean">False</field>
              <field name="bChannel1" type="BinHex">00</field>
              <field name="bChannel2" type="BinHex">00</field>
            </object>
          </object>
          <object name="Stim">
            <field name="hidEventName" type="String">Stims</field>
            <field name="bSupportForDualComponent" type="Boolean">False</field>
            <field name="hidTargetEntityId" type="Hash64">FFFFFFFFFFFFFFFF</field>
            <field name="text_sDetail" type="String"></field>
            <field name="sDetail" type="Hash32">FFFFFFFF</field>
            <field name="selType" type="Enum">0</field>
            <field name="fLevel" type="Float32">0</field>
            <field name="vectorImpactPos" type="Vector3">0,0,0</field>
            <field name="fRadius" type="Float32">0</field>
            <field name="bFalloff" type="Boolean">False</field>
            <field name="fFalloffMinLevel" type="Float32">1</field>
            <field name="fFalloffInterpolationFactor" type="Float32">0</field>
            <field name="bUseNewFalloffCurve" type="Boolean">False</field>
            <field name="arkFalloffCurve" type="Id64">0</field>
            <field name="hidShowType" type="Boolean">True</field>
            <field name="hidShowRadius" type="Boolean">True</field>
            <field name="fDuration" type="Float32">0</field>
            <object name="FilterFlags">
              <field name="bCommon" type="Boolean">True</field>
              <field name="bSinglePlayer" type="Boolean">False</field>
              <field name="bPvP" type="Boolean">False</field>
              <field name="bCoop" type="Boolean">False</field>
              <field name="bShangriLa" type="Boolean">False</field>
              <field name="bArena" type="Boolean">False</field>
              <field name="bChannel0" type="Boolean">False</field>
              <field name="bChannel1" type="BinHex">00</field>
              <field name="bChannel2" type="BinHex">00</field>
            </object>
          </object>
        </object>
      </object>
    </object>
  </object>
  <object name="ResPack">
    <field name="Count" type="BinHex">06000000</field>
    <object name="ResList">
      <field name="TypeId" type="Hash32">3AE88EFD</field>
      <field name="ResIds" type="BinHex">01000000B39DB704F2634CD0</field>
    </object>
    <object name="ResList">
      <field name="TypeId" type="Hash32">44601C12</field>
      <field name="ResIds" type="BinHex">01000000417F1CF1DAAC39EB</field>
    </object>
    <object name="ResList">
      <field name="TypeId" type="Hash32">63F450D8</field>
      <field name="ResIds" type="BinHex">02000000261C91BA9C96729B261C21BB9C96729B</field>
    </object>
    <object name="ResList">
      <field name="TypeId" type="Hash32">6BD55AFC</field>
      <field name="ResIds" type="BinHex">01000000B8C04604C1853A6D</field>
    </object>
    <object name="ResList">
      <field name="TypeId" type="Hash32">86E8E8BE</field>
      <field name="ResIds" type="BinHex">01000000B39DB704F248D0C2</field>
    </object>
  </object>
</object>