﻿<?xml version="1.0" encoding="utf-8"?>
<object name="EntityPrototype" def="ark">
  <field name="disLibItemId" type="Id64">13862218063107765001</field>
  <field name="text_hidArchetypeResId" type="String">entityarchetypeslibrary\13862218063107765001.ark.fcb</field>
  <field name="hidArchetypeResId" type="Hash64">B8F27898ABB56E5D</field>
  <field name="Name" type="String">prefabs/FCC_OW_Prefabs/GenericHamlets/VillageShop/BroomTall_2</field>
  <field name="ArchetypeName" type="String">ige_archetypes:prefabs/fcc_ow_prefabs/generichamlets/villageshop/broomtall_2</field>
  <object name="Entity">
    <field name="hidName" type="String">ige_archetypes:prefabs/FCC_OW_Prefabs/GenericHamlets/VillageShop/BroomTall_2</field>
    <field name="text_hidEntityClass" type="String">CEntity</field>
    <field name="hidEntityClass" type="Hash32">50C95067</field>
    <field name="hidResourceCount" type="Int32">3</field>
    <field name="hidConstEntity" type="Boolean">False</field>
    <field name="text_hidArchetypeResId" type="String">entityarchetypeslibrary\13862218063107765001.ark.fcb</field>
    <field name="hidArchetypeResId" type="Hash64">B8F27898ABB56E5D</field>
    <object name="Components">
      <object name="CFileDescriptorComponent">
        <field name="hidHasAliasName" type="Boolean">False</field>
        <field name="text_fileName" type="String">graphics\_singleplayer\props\household\broom_01.xml</field>
        <field name="fileName" type="Hash64">808E4BF8F10A487A</field>
        <field name="hidDescriptor" type="Rml">
          <rml>
            <hidDescriptor>
              <component class="GraphicComponent" version="2" detail="0">
                <object index="0" boneName="Broom_01_LOD0" bboxMin="-0.123427,-0.0328882,-1.22047" bboxMax="0.127973,0.0328882,0.227136" />
                <resource fileName="graphics\_SinglePlayer\Props\Household\Broom_01.xbg" bboxMin="-0.133448,-0.0328882,-1.23909" bboxMax="0.135347,0.0328882,0.227136" />
                <skeleton_reference_list>
                  <skeleton name="Broom_01" index="0" pos="0,0,0" rot="1,-0,-0,-0">
                    <bone name="Broom_01_FX" pos="0,-0,-1.23054" rot="-1.62921e-007,0,0,1" />
                  </skeleton>
                </skeleton_reference_list>
                <material_reference_list>
                  <material name="Sim_HayPile_01" shader_name="Simple" ref_shader_id="nfortin-M-20130715150158" />
                  <material name="Sim_RopeBasic_01" shader_name="Generic_FC3" ref_shader_id="skovalchuk-M-20130617141029" />
                  <material name="Sim_SplitLog_01" shader_name="Simple" ref_shader_id="ipapismado-M-20130719154106" />
                  <material name="Sim_Mosaic_01" shader_name="Simple" ref_shader_id="skovalchuk-M-20130819095708" />
                </material_reference_list>
              </component>
              <component class="InteriorVolumeComponent" version="1" detail="0" />
              <component class="RigidPhysComponent">
                <fx boneIndex="1" />
                <resource fileName="graphics\_SinglePlayer\Props\Household\Broom_01.hkx" />
              </component>
              <component class="ParticleFXComponent">
                <Broom_01_FX psEmitter="" />
              </component>
            </hidDescriptor>
          </rml>
        </field>
      </object>
      <object name="CGraphicComponent">
        <field name="hidHasAliasName" type="Boolean">False</field>
        <field name="bCastShadow" type="Boolean">True</field>
        <field name="bReceiveShadow" type="Boolean">True</field>
        <field name="bCastAmbientShadow" type="Boolean">True</field>
        <field name="olgLightGroup" type="Int32">129</field>
        <field name="bShowInReflection" type="Boolean">False</field>
        <field name="bAlwaysShowInReflection" type="Boolean">False</field>
        <field name="bHighLight" type="Boolean">False</field>
        <field name="bLodDitheringEnable" type="Boolean">True</field>
        <field name="matIntuitionMaterialName" type="String"></field>
        <field name="bShowThroughWithFlashing" type="Boolean">False</field>
        <field name="bBackDrop" type="Boolean">False</field>
        <field name="bDisableMip0ResourceLoading" type="BinHex">00</field>
        <field hash="F41DCC4F" type="BinHex">0000000000000000</field>
        <field name="bAllowCullBySize" type="Boolean">True</field>
        <field name="bMotionBlurExclusion" type="Boolean">False</field>
        <field name="text_currentSkin" type="String"></field>
        <field name="currentSkin" type="Hash32">FFFFFFFF</field>
        <field name="bUseCurrentSkin" type="Boolean">False</field>
        <object name="MaterialLightSwitch">
          <field name="hidSharedDataHandlerHash" type="Hash64">E113C1EA02F25C0F</field>
          <object name="MaterialSlots">
            <object name="Material">
              <field name="text_disSlotPathId" type="String">graphics\_materials\nfortin-m-20130715150158.material.bin</field>
              <field name="disSlotPathId" type="Hash64">28DAC17BF992E902</field>
              <field name="text_matMaterial" type="String"></field>
              <field name="matMaterial" type="Hash64">FFFFFFFFFFFFFFFF</field>
              <field name="disHD" type="BinHex">00</field>
            </object>
            <object name="Material">
              <field name="text_disSlotPathId" type="String">graphics\_materials\ipapismado-m-20130719154106.material.bin</field>
              <field name="disSlotPathId" type="Hash64">63D8E213417C1C79</field>
              <field name="text_matMaterial" type="String"></field>
              <field name="matMaterial" type="Hash64">FFFFFFFFFFFFFFFF</field>
              <field name="disHD" type="BinHex">00</field>
            </object>
            <object name="Material">
              <field name="text_disSlotPathId" type="String">graphics\_materials\skovalchuk-m-20130819095708.material.bin</field>
              <field name="disSlotPathId" type="Hash64">6994398777CD1DD4</field>
              <field name="text_matMaterial" type="String"></field>
              <field name="matMaterial" type="Hash64">FFFFFFFFFFFFFFFF</field>
              <field name="disHD" type="BinHex">00</field>
            </object>
            <object name="Material">
              <field name="text_disSlotPathId" type="String">graphics\_materials\skovalchuk-m-20130617141029.material.bin</field>
              <field name="disSlotPathId" type="Hash64">CEA1956607665AF8</field>
              <field name="text_matMaterial" type="String"></field>
              <field name="matMaterial" type="Hash64">FFFFFFFFFFFFFFFF</field>
              <field name="disHD" type="BinHex">00</field>
            </object>
          </object>
        </object>
        <object name="MaterialOverrides">
          <field name="hidSharedDataHandlerHash" type="Hash64">17A4BE537AED7A17</field>
          <object name="MaterialSlots">
            <object name="Material">
              <field name="text_disSlotPathId" type="String">graphics\_materials\nfortin-m-20130715150158.material.bin</field>
              <field name="disSlotPathId" type="Hash64">28DAC17BF992E902</field>
              <field name="text_matMaterial" type="String"></field>
              <field name="matMaterial" type="Hash64">FFFFFFFFFFFFFFFF</field>
              <field name="disHD" type="BinHex">00</field>
            </object>
            <object name="Material">
              <field name="text_disSlotPathId" type="String">graphics\_materials\ipapismado-m-20130719154106.material.bin</field>
              <field name="disSlotPathId" type="Hash64">63D8E213417C1C79</field>
              <field name="text_matMaterial" type="String"></field>
              <field name="matMaterial" type="Hash64">FFFFFFFFFFFFFFFF</field>
              <field name="disHD" type="BinHex">00</field>
            </object>
            <object name="Material">
              <field name="text_disSlotPathId" type="String">graphics\_materials\skovalchuk-m-20130819095708.material.bin</field>
              <field name="disSlotPathId" type="Hash64">6994398777CD1DD4</field>
              <field name="text_matMaterial" type="String"></field>
              <field name="matMaterial" type="Hash64">FFFFFFFFFFFFFFFF</field>
              <field name="disHD" type="BinHex">00</field>
            </object>
            <object name="Material">
              <field name="text_disSlotPathId" type="String">graphics\_materials\skovalchuk-m-20130617141029.material.bin</field>
              <field name="disSlotPathId" type="Hash64">CEA1956607665AF8</field>
              <field name="text_matMaterial" type="String"></field>
              <field name="matMaterial" type="Hash64">FFFFFFFFFFFFFFFF</field>
              <field name="disHD" type="BinHex">00</field>
            </object>
          </object>
        </object>
        <object name="SkinList">
          <object name="Skin">
            <field name="text_name" type="String"></field>
            <field name="name" type="Hash32">FFFFFFFF</field>
            <field name="locSkinNameId" type="Int32">-1</field>
            <field name="bIsExcludedFromRandomSkin" type="Boolean">False</field>
            <object name="MaterialOverrides">
              <field name="hidSharedDataHandlerHash" type="Hash64">1A9641302CFD8B37</field>
              <object name="MaterialSlots" />
            </object>
          </object>
        </object>
        <object name="object">
          <field name="hidIndex" type="Int32">0</field>
          <field name="text_fileModel" type="String">graphics\_singleplayer\props\household\broom_01.xbg</field>
          <field name="fileModel" type="Hash64">8FD7DBF8F10A487A</field>
          <field name="hidMeshName" type="String"></field>
          <field name="text_hidNodeName" type="String">Broom_01</field>
          <field name="hidNodeName" type="Hash32">B799F672</field>
          <field name="text_hidNodeNameLOD0" type="String">Broom_01_LOD0</field>
          <field name="hidNodeNameLOD0" type="Hash32">1DF07906</field>
          <field name="hidDetailObject" type="Boolean">False</field>
        </object>
        <object name="object">
          <field name="hidIndex" type="Int32">1</field>
          <field name="text_fileModel" type="String"></field>
          <field name="fileModel" type="Hash64">FFFFFFFFFFFFFFFF</field>
          <field name="hidMeshName" type="String"></field>
          <field name="text_hidNodeName" type="String"></field>
          <field name="hidNodeName" type="Hash32">FFFFFFFF</field>
          <field name="text_hidNodeNameLOD0" type="String"></field>
          <field name="hidNodeNameLOD0" type="Hash32">FFFFFFFF</field>
          <field name="hidDetailObject" type="Boolean">False</field>
        </object>
        <object name="hidSharedDescriptors">
          <field name="hidSharedDataHandlerHash" type="Hash64">3593CECAE6F009F9</field>
        </object>
      </object>
      <object name="CStaticPhysComponent">
        <field name="hidHasAliasName" type="Boolean">False</field>
        <field name="text_hidResourceId" type="String">graphics\_singleplayer\props\household\broom_01.hkx</field>
        <field name="hidResourceId" type="Hash64">9D4BF0F8F10A487A</field>
        <field hash="C784A41F" type="BinHex">01</field>
        <field name="bUseMaxTerrainSlope" type="Boolean">False</field>
        <field name="bIgnoreInExplosions" type="Boolean">False</field>
        <field name="selOverrideSlideAngle" type="BinHex">00000000</field>
        <field name="bAnimateable" type="Boolean">False</field>
        <field hash="AAFA0C31" type="BinHex">00</field>
        <field hash="BF1EB181" type="BinHex">00</field>
        <field name="bIgnoreBreakableEventsForEver" type="BinHex">00</field>
        <field name="bIgnoreBreakableEventsTemporarily" type="BinHex">00</field>
        <field name="bImmuneToDamage" type="BinHex">00</field>
        <field name="bNoCollision" type="BinHex">00</field>
        <field name="bLargeEntity" type="Boolean">False</field>
        <field name="hidResourceIndex" type="Int32">0</field>
        <field name="bEncounterTeleportToGroundOnCreate" type="BinHex">00</field>
        <field name="bNoDecals" type="BinHex">00</field>
        <field name="bPatchNavmesh" type="BinHex">00</field>
        <field name="bAffectNavMesh" type="Boolean">True</field>
        <object name="LogicMaterialOverrides" />
        <object name="hidTheSharedMap">
          <field name="hidSharedDataHandlerHash" type="Hash64">86B8C40898DE0042</field>
        </object>
      </object>
      <object name="CUsableComponent">
        <field name="hidHasAliasName" type="Boolean">False</field>
        <field name="sUsageString" type="String"></field>
        <field name="bEnabled" type="Boolean">False</field>
        <field name="vectorBoundingBoxSize" type="Vector3">1,1,1</field>
      </object>
      <object name="CSimpleAnimationComponent">
        <field name="hidHasAliasName" type="Boolean">False</field>
        <field name="text_fileSkeleton" type="String">graphics\characters\_common\singlebone_ref.skeleton</field>
        <field name="fileSkeleton" type="Hash64">9F5AC43FB55D2FD4</field>
        <field name="text_sPackage" type="String"></field>
        <field name="sPackage" type="Hash64">FFFFFFFFFFFFFFFF</field>
        <field name="AutoApplyDisplacement" type="Boolean">False</field>
        <field name="DynamicJointWindMultiplier" type="BinHex">00000000</field>
        <field name="sPartName" type="String"></field>
        <field name="bEnableEvents" type="Boolean">False</field>
        <field name="bRandomStart" type="Boolean">False</field>
        <field name="text_Animation" type="String"></field>
        <field name="Animation" type="Hash64">FFFFFFFFFFFFFFFF</field>
        <field name="bStartOnFinalize" type="BinHex">01</field>
        <object name="AnimPackages">
          <object hash="42B5AFCF">
            <field name="text_sPackage" type="String"></field>
            <field name="sPackage" type="Hash64">FFFFFFFFFFFFFFFF</field>
            <field name="text_hidName" type="String">entityarchetypeslibrary\13862218063107765001.ark.fcb</field>
            <field name="hidName" type="Hash64">B8F27898ABB56E5D</field>
          </object>
        </object>
        <object name="DynamicJoints">
          <object name="Joint">
            <field name="bHD" type="Boolean">True</field>
            <field name="bUseParentAsConstraint" type="BinHex">00</field>
            <field name="text_JointName" type="String"></field>
            <field name="JointName" type="Hash32">FFFFFFFF</field>
            <field name="ZRotation" type="BinHex">00000000</field>
            <field name="YRotation" type="BinHex">00000000</field>
            <field name="AngleOfRestraint" type="Float32">90</field>
            <field name="InverseMass" type="Float32">0.4</field>
            <field name="Damping" type="Float32">0.95</field>
            <field name="Stiffness" type="Float32">-1</field>
            <field name="GravityMultiplier" type="Float32">1</field>
            <field name="selPlaneConstraintAxis" type="BinHex">FFFFFFFF</field>
            <field name="selAlignedAxis" type="BinHex">05000000</field>
          </object>
        </object>
        <object name="EventFilterMask">
          <field name="bSinglePlayer" type="Boolean">True</field>
          <field name="bPvP" type="Boolean">True</field>
          <field name="bCoop" type="Boolean">True</field>
          <field name="bShangriLa" type="Boolean">False</field>
          <field name="bArena" type="Boolean">False</field>
          <field name="bChannel0" type="Boolean">False</field>
          <field name="bChannel1" type="BinHex">00</field>
          <field name="bChannel2" type="BinHex">00</field>
        </object>
      </object>
      <object name="CMinimapComponent">
        <field name="hidHasAliasName" type="Boolean">False</field>
        <field name="minimapobjectinfoObjectInfo" type="BinHex">FFFFFFFF00000000</field>
      </object>
      <object name="CIgnitorComponent">
        <field name="hidHasAliasName" type="Boolean">False</field>
        <field name="hidInjected" type="Boolean">True</field>
        <field name="fireobjObjectProfile_SP" type="Id64">1477429083</field>
        <field name="fireobjObjectProfile_MP" type="Id64">4294967295</field>
        <field name="bIgniteAutoFire" type="BinHex">00</field>
        <field name="bIgniteNoPropagate" type="BinHex">00</field>
        <field name="bUseLargeParticlePool" type="BinHex">00</field>
        <object name="IgnitorStims">
          <field name="bIgniteOnBurn" type="BinHex">01</field>
          <field name="bIgniteOnPierce" type="BinHex">00</field>
          <field name="bIgniteOnCrush" type="BinHex">00</field>
          <field name="bIgniteOnExplosion" type="BinHex">00</field>
          <field name="bIgniteOnMolotovExplosion" type="BinHex">00</field>
          <field name="bIgniteOnPoison" type="BinHex">00</field>
          <field name="bIgniteOnUse" type="BinHex">00</field>
        </object>
      </object>
    </object>
  </object>
  <object name="ResPack">
    <field name="Count" type="BinHex">03000000</field>
    <object name="ResList">
      <field name="TypeId" type="Hash32">3AE88EFD</field>
      <field name="ResIds" type="BinHex">010000007A480AF1F8F04B9D</field>
    </object>
    <object name="ResList">
      <field name="TypeId" type="Hash32">4CDDA42C</field>
      <field name="ResIds" type="BinHex">01000000D42F5DB53FC45A9F</field>
    </object>
    <object name="ResList">
      <field name="TypeId" type="Hash32">86E8E8BE</field>
      <field name="ResIds" type="BinHex">010000007A480AF1F8DBD78F</field>
    </object>
  </object>
</object>