﻿<?xml version="1.0" encoding="utf-8"?>
<object name="EntityPrototype" def="ark">
  <field name="disLibItemId" type="Id64">13997326051928879889</field>
  <field name="text_hidArchetypeResId" type="String">entityarchetypeslibrary\13997326051928879889.ark.fcb</field>
  <field name="hidArchetypeResId" type="Hash64">D44C81230CFE5DE1</field>
  <field name="Name" type="String">prefabs/FCC_OW_Prefabs/GenericHamlets/VillageShop/Shelves_Food_Cans_02_12</field>
  <field name="ArchetypeName" type="String">ige_archetypes:prefabs/fcc_ow_prefabs/generichamlets/villageshop/shelves_food_cans_02_12</field>
  <object name="Entity">
    <field name="hidName" type="String">ige_archetypes:prefabs/FCC_OW_Prefabs/GenericHamlets/VillageShop/Shelves_Food_Cans_02_12</field>
    <field name="text_hidEntityClass" type="String">CEntity</field>
    <field name="hidEntityClass" type="Hash32">50C95067</field>
    <field name="hidResourceCount" type="Int32">2</field>
    <field name="hidConstEntity" type="Boolean">False</field>
    <field name="text_hidArchetypeResId" type="String">entityarchetypeslibrary\13997326051928879889.ark.fcb</field>
    <field name="hidArchetypeResId" type="Hash64">D44C81230CFE5DE1</field>
    <object name="Components">
      <object name="CFileDescriptorComponent">
        <field name="hidHasAliasName" type="Boolean">False</field>
        <field name="text_fileName" type="String">graphics\_singleplayer\props\household\shelves_food_cans_02.xml</field>
        <field name="fileName" type="Hash64">8704A0E04EC74861</field>
        <field name="hidDescriptor" type="Rml">
          <rml>
            <hidDescriptor>
              <component class="GraphicComponent" version="2" detail="0">
                <object index="0" boneName="Shelves_Food_Cans_02_LOD0" bboxMin="-0.175335,-0.158328,-0.000311031" bboxMax="0.0759238,0.151476,0.224576" />
                <resource fileName="graphics\_SinglePlayer\Props\Household\Shelves_Food_Cans_02.xbg" bboxMin="-0.175335,-0.158328,-0.000411253" bboxMax="0.0759238,0.151476,0.224576" />
                <skeleton_reference_list>
                  <skeleton name="Shelves_Food_Cans_02" index="0" pos="0,0,0" rot="1,-0,-0,-0" />
                </skeleton_reference_list>
                <material_reference_list>
                  <material name="Sim_Food_01" shader_name="Simple" ref_shader_id="skovalchuk-M-20130626120346" hd="0" />
                </material_reference_list>
              </component>
              <component class="InteriorVolumeComponent" version="1" detail="0" />
              <component class="StaticPhysComponent">
                <resource fileName="graphics\_SinglePlayer\Props\Household\Shelves_Food_Cans_02.hkx" />
              </component>
            </hidDescriptor>
          </rml>
        </field>
      </object>
      <object name="CObjectIgnitorCreatorComponent">
        <field name="hidHasAliasName" type="Boolean">False</field>
      </object>
      <object name="CGraphicComponent">
        <field name="hidHasAliasName" type="Boolean">True</field>
        <field name="hidComponentClassName" type="String">CStaticGraphicComponent</field>
        <field name="bCastShadow" type="Boolean">True</field>
        <field name="bReceiveShadow" type="Boolean">True</field>
        <field name="bCastAmbientShadow" type="Boolean">True</field>
        <field name="olgLightGroup" type="Int32">129</field>
        <field name="bShowInReflection" type="Boolean">False</field>
        <field name="bAlwaysShowInReflection" type="Boolean">False</field>
        <field name="bHighLight" type="Boolean">False</field>
        <field name="bLodDitheringEnable" type="Boolean">True</field>
        <field name="matIntuitionMaterialName" type="String"></field>
        <field name="bShowThroughWithFlashing" type="Boolean">False</field>
        <field name="bBackDrop" type="Boolean">False</field>
        <field name="bDisableMip0ResourceLoading" type="BinHex">00</field>
        <field hash="F41DCC4F" type="BinHex">0000000000000000</field>
        <field name="hidIndex" type="Int32">0</field>
        <field name="text_fileModel" type="String">graphics\_singleplayer\props\household\shelves_food_cans_02.xbg</field>
        <field name="fileModel" type="Hash64">885D30E04EC74861</field>
        <field name="hidMeshName" type="String"></field>
        <field name="hidScale" type="Vector3">1,1,1</field>
        <object name="MaterialLightSwitch">
          <field name="hidSharedDataHandlerHash" type="Hash64">617F4D484BB57E61</field>
          <object name="MaterialSlots">
            <object name="Material">
              <field name="text_disSlotPathId" type="String">graphics\_materials\skovalchuk-m-20130626120346.material.bin</field>
              <field name="disSlotPathId" type="Hash64">72EE3E47DE773E65</field>
              <field name="text_matMaterial" type="String"></field>
              <field name="matMaterial" type="Hash64">FFFFFFFFFFFFFFFF</field>
              <field name="disHD" type="BinHex">00</field>
            </object>
          </object>
        </object>
        <object name="MaterialOverrides">
          <field name="hidSharedDataHandlerHash" type="Hash64">C6C78AC29B79DF29</field>
          <object name="MaterialSlots">
            <object name="Material">
              <field name="text_disSlotPathId" type="String">graphics\_materials\skovalchuk-m-20130626120346.material.bin</field>
              <field name="disSlotPathId" type="Hash64">72EE3E47DE773E65</field>
              <field name="text_matMaterial" type="String"></field>
              <field name="matMaterial" type="Hash64">FFFFFFFFFFFFFFFF</field>
              <field name="disHD" type="BinHex">00</field>
            </object>
          </object>
        </object>
        <object name="hidModelLODs" />
        <object name="hidModelDistancesLODs" />
      </object>
      <object name="CStaticPhysComponent">
        <field name="hidHasAliasName" type="Boolean">False</field>
        <field name="text_hidResourceId" type="String">graphics\_singleplayer\props\household\shelves_food_cans_02.hkx</field>
        <field name="hidResourceId" type="Hash64">9AC11BE04EC74861</field>
        <field hash="C784A41F" type="BinHex">01</field>
        <field name="bUseMaxTerrainSlope" type="Boolean">False</field>
        <field name="bIgnoreInExplosions" type="Boolean">False</field>
        <field name="selOverrideSlideAngle" type="BinHex">00000000</field>
        <field name="bAnimateable" type="Boolean">False</field>
        <field hash="AAFA0C31" type="BinHex">00</field>
        <field hash="BF1EB181" type="BinHex">01</field>
        <field name="bIgnoreBreakableEventsForEver" type="BinHex">00</field>
        <field name="bIgnoreBreakableEventsTemporarily" type="BinHex">00</field>
        <field name="bImmuneToDamage" type="BinHex">00</field>
        <field name="bNoCollision" type="BinHex">00</field>
        <field name="bLargeEntity" type="Boolean">False</field>
        <field name="hidResourceIndex" type="Int32">0</field>
        <field name="bEncounterTeleportToGroundOnCreate" type="BinHex">00</field>
        <field name="bNoDecals" type="BinHex">00</field>
        <field name="bPatchNavmesh" type="BinHex">00</field>
        <field name="bAffectNavMesh" type="Boolean">True</field>
        <object name="LogicMaterialOverrides">
          <object name="LogicMaterial">
            <field name="logmatLogicMaterial" type="Int32">26</field>
            <field name="text_disSlotName" type="String">SCOL002</field>
            <field name="disSlotName" type="Hash32">3E06FE68</field>
          </object>
          <object name="LogicMaterial">
            <field name="logmatLogicMaterial" type="Int32">26</field>
            <field name="text_disSlotName" type="String">SCOL003</field>
            <field name="disSlotName" type="Hash32">4901CEFE</field>
          </object>
          <object name="LogicMaterial">
            <field name="logmatLogicMaterial" type="Int32">26</field>
            <field name="text_disSlotName" type="String">SCOL001</field>
            <field name="disSlotName" type="Hash32">A70FAFD2</field>
          </object>
        </object>
        <object name="hidTheSharedMap">
          <field name="hidSharedDataHandlerHash" type="Hash64">7AE332BF354E5997</field>
        </object>
      </object>
      <object name="CCoverComponent">
        <field name="hidHasAliasName" type="Boolean">False</field>
        <object name="Covers">
          <object name="Cover">
            <field name="bUseMetadataOnEmptyInstance" type="BinHex">01</field>
            <field name="bIsFPCover" type="BinHex">01</field>
            <field name="hidTransform" type="BinHex">0000803F000000000000000000000000000000000000803F000000000000000000000000000000000000803F00000000000080C400008044000000000000803F</field>
            <field name="selCoverObjectType" type="BinHex">00000000</field>
            <object name="hidCoverInformation">
              <object name="hidState">
                <object name="hidCover">
                  <field name="State" type="BinHex">FFFFFFFF</field>
                  <object name="CoverPoints" />
                  <object name="CoverLinks" />
                  <object name="CoverAnchors" />
                </object>
              </object>
            </object>
          </object>
        </object>
      </object>
      <object hash="0C5A5F7D">
        <field name="hidHasAliasName" type="Boolean">False</field>
        <object hash="D89DA0E2">
          <field name="sndvarMIMUHBRes" type="BinHex">01000000</field>
          <field hash="EB9B8FFE" type="BinHex">00000000</field>
          <field name="MaterialId" type="BinHex">00000000</field>
          <field name="RulesBus" type="BinHex">00000000</field>
        </object>
      </object>
      <object name="CInteriorVolumeComponent">
        <field name="hidHasAliasName" type="Boolean">False</field>
        <field name="text_fileModel" type="String"></field>
        <field name="fileModel" type="Hash64">FFFFFFFFFFFFFFFF</field>
        <field name="intambientInteriorAmbient" type="Id64">4294967295</field>
        <field name="bEnabled" type="Boolean">True</field>
        <field name="Priority" type="UInt32">0</field>
      </object>
      <object name="CMinimapComponent">
        <field name="hidHasAliasName" type="Boolean">False</field>
        <field name="minimapobjectinfoObjectInfo" type="BinHex">FFFFFFFF00000000</field>
      </object>
    </object>
  </object>
  <object name="ResPack">
    <field name="Count" type="BinHex">02000000</field>
    <object name="ResList">
      <field name="TypeId" type="Hash32">3AE88EFD</field>
      <field name="ResIds" type="BinHex">010000006148C74EE01BC19A</field>
    </object>
    <object name="ResList">
      <field name="TypeId" type="Hash32">86E8E8BE</field>
      <field name="ResIds" type="BinHex">010000006148C74EE0305D88</field>
    </object>
  </object>
</object>