﻿<?xml version="1.0" encoding="utf-8"?>
<object name="EntityPrototype" def="ark">
  <field name="disLibItemId" type="Id64">14006333251183620881</field>
  <field name="text_hidArchetypeResId" type="String">entityarchetypeslibrary\14006333251183620881.ark.fcb</field>
  <field name="hidArchetypeResId" type="Hash64">94570FC2A2F5897F</field>
  <field name="Name" type="String">prefabs/FCC_OW_Prefabs/GenericHamlets/VillageShop/StraightSidedJars_02_0</field>
  <field name="ArchetypeName" type="String">ige_archetypes:prefabs/fcc_ow_prefabs/generichamlets/villageshop/straightsidedjars_02_0</field>
  <object name="Entity">
    <field name="hidName" type="String">ige_archetypes:prefabs/FCC_OW_Prefabs/GenericHamlets/VillageShop/StraightSidedJars_02_0</field>
    <field name="text_hidEntityClass" type="String">CEntity</field>
    <field name="hidEntityClass" type="Hash32">50C95067</field>
    <field name="hidResourceCount" type="Int32">3</field>
    <field name="hidConstEntity" type="Boolean">False</field>
    <field name="text_hidArchetypeResId" type="String">entityarchetypeslibrary\14006333251183620881.ark.fcb</field>
    <field name="hidArchetypeResId" type="Hash64">94570FC2A2F5897F</field>
    <object name="Components">
      <object name="CFileDescriptorComponent">
        <field name="hidHasAliasName" type="Boolean">False</field>
        <field name="text_fileName" type="String">graphics\_singleplayer\props\containers\straightsidedjars_02.xml</field>
        <field name="fileName" type="Hash64">7BB80582CC670DEB</field>
        <field name="hidDescriptor" type="Rml">
          <rml>
            <hidDescriptor>
              <component class="GraphicComponent" version="2" detail="0">
                <object index="0" boneName="StraightSidedJars_02_LOD0" bboxMin="-0.122081,-0.122081,-0.0561598" bboxMax="0.122081,0.122081,0.344231" />
                <resource fileName="graphics\_SinglePlayer\Props\Containers\StraightSidedJars_02.xbg" bboxMin="-0.126277,-0.123667,-0.0570674" bboxMax="0.122878,0.123948,0.344231" />
                <skeleton_reference_list>
                  <skeleton name="StraightSidedJars_02" index="0" pos="0,0,0" rot="1,-0,-0,-0" />
                </skeleton_reference_list>
                <material_reference_list>
                  <material name="Bld_GlassClear" shader_name="Blended" ref_shader_id="skovalchuk-M-20130731095416" />
                </material_reference_list>
              </component>
              <component class="InteriorVolumeComponent" version="1" detail="0" />
              <component class="StaticPhysComponent">
                <resource fileName="graphics\_SinglePlayer\Props\Containers\StraightSidedJars_02.hkx" />
              </component>
            </hidDescriptor>
          </rml>
        </field>
      </object>
      <object name="CObjectIgnitorCreatorComponent">
        <field name="hidHasAliasName" type="Boolean">False</field>
      </object>
      <object name="CGraphicComponent">
        <field name="hidHasAliasName" type="Boolean">True</field>
        <field name="hidComponentClassName" type="String">CStaticGraphicComponent</field>
        <field name="bCastShadow" type="Boolean">True</field>
        <field name="bReceiveShadow" type="Boolean">True</field>
        <field name="bCastAmbientShadow" type="Boolean">True</field>
        <field name="olgLightGroup" type="Int32">129</field>
        <field name="bShowInReflection" type="Boolean">False</field>
        <field name="bAlwaysShowInReflection" type="Boolean">False</field>
        <field name="bHighLight" type="Boolean">False</field>
        <field name="bLodDitheringEnable" type="Boolean">True</field>
        <field name="matIntuitionMaterialName" type="String"></field>
        <field name="bShowThroughWithFlashing" type="Boolean">False</field>
        <field name="bBackDrop" type="Boolean">False</field>
        <field name="bDisableMip0ResourceLoading" type="BinHex">00</field>
        <field hash="F41DCC4F" type="BinHex">0000000000000000</field>
        <field name="hidIndex" type="Int32">0</field>
        <field name="text_fileModel" type="String">graphics\_singleplayer\props\containers\straightsidedjars_02.xbg</field>
        <field name="fileModel" type="Hash64">74E19582CC670DEB</field>
        <field name="hidMeshName" type="String"></field>
        <field name="hidScale" type="Vector3">1,1,1</field>
        <object name="MaterialLightSwitch">
          <field name="hidSharedDataHandlerHash" type="Hash64">F527443FB9591BED</field>
          <object name="MaterialSlots">
            <object name="Material">
              <field name="text_disSlotPathId" type="String">graphics\_materials\skovalchuk-m-20130731095416.material.bin</field>
              <field name="disSlotPathId" type="Hash64">D4043989AFFD9142</field>
              <field name="text_matMaterial" type="String"></field>
              <field name="matMaterial" type="Hash64">FFFFFFFFFFFFFFFF</field>
              <field name="disHD" type="BinHex">00</field>
            </object>
          </object>
        </object>
        <object name="MaterialOverrides">
          <field name="hidSharedDataHandlerHash" type="Hash64">529F83B56995BAA5</field>
          <object name="MaterialSlots">
            <object name="Material">
              <field name="text_disSlotPathId" type="String">graphics\_materials\skovalchuk-m-20130731095416.material.bin</field>
              <field name="disSlotPathId" type="Hash64">D4043989AFFD9142</field>
              <field name="text_matMaterial" type="String"></field>
              <field name="matMaterial" type="Hash64">FFFFFFFFFFFFFFFF</field>
              <field name="disHD" type="BinHex">00</field>
            </object>
          </object>
        </object>
        <object name="hidModelLODs" />
        <object name="hidModelDistancesLODs" />
      </object>
      <object name="CStaticPhysComponent">
        <field name="hidHasAliasName" type="Boolean">False</field>
        <field name="text_hidResourceId" type="String">graphics\_singleplayer\props\containers\straightsidedjars_02.hkx</field>
        <field name="hidResourceId" type="Hash64">667DBE82CC670DEB</field>
        <field hash="C784A41F" type="BinHex">01</field>
        <field name="bUseMaxTerrainSlope" type="Boolean">False</field>
        <field name="bIgnoreInExplosions" type="Boolean">False</field>
        <field name="selOverrideSlideAngle" type="BinHex">00000000</field>
        <field name="bAnimateable" type="Boolean">False</field>
        <field hash="AAFA0C31" type="BinHex">01</field>
        <field hash="BF1EB181" type="BinHex">01</field>
        <field name="bIgnoreBreakableEventsForEver" type="BinHex">00</field>
        <field name="bIgnoreBreakableEventsTemporarily" type="BinHex">00</field>
        <field name="bImmuneToDamage" type="BinHex">00</field>
        <field name="bNoCollision" type="BinHex">00</field>
        <field name="bLargeEntity" type="Boolean">False</field>
        <field name="hidResourceIndex" type="Int32">0</field>
        <field name="bEncounterTeleportToGroundOnCreate" type="BinHex">00</field>
        <field name="bNoDecals" type="BinHex">00</field>
        <field name="bPatchNavmesh" type="BinHex">00</field>
        <field name="bAffectNavMesh" type="Boolean">True</field>
        <object name="LogicMaterialOverrides">
          <object name="LogicMaterial">
            <field name="logmatLogicMaterial" type="Int32">24</field>
            <field name="text_disSlotName" type="String">SCOL001</field>
            <field name="disSlotName" type="Hash32">A70FAFD2</field>
          </object>
        </object>
        <object name="hidTheSharedMap">
          <field name="hidSharedDataHandlerHash" type="Hash64">420994BBBD0DDD26</field>
        </object>
      </object>
      <object name="CCoverComponent">
        <field name="hidHasAliasName" type="Boolean">False</field>
        <object name="Covers">
          <object name="Cover">
            <field name="bUseMetadataOnEmptyInstance" type="BinHex">01</field>
            <field name="bIsFPCover" type="BinHex">01</field>
            <field name="hidTransform" type="BinHex">0000803F000000000000000000000000000000000000803F000000000000000000000000000000000000803F000000000000000000000000000000000000803F</field>
            <field name="selCoverObjectType" type="BinHex">00000000</field>
            <object name="hidCoverInformation">
              <object name="hidState">
                <object name="hidCover">
                  <field name="State" type="BinHex">FFFFFFFF</field>
                  <object name="CoverPoints" />
                  <object name="CoverLinks" />
                  <object name="CoverAnchors" />
                </object>
              </object>
            </object>
          </object>
        </object>
      </object>
      <object hash="0C5A5F7D">
        <field name="hidHasAliasName" type="Boolean">False</field>
        <object hash="D89DA0E2">
          <field name="sndvarMIMUHBRes" type="BinHex">01000000</field>
          <field hash="EB9B8FFE" type="BinHex">00000000</field>
          <field name="MaterialId" type="BinHex">00000000</field>
          <field name="RulesBus" type="BinHex">00000000</field>
        </object>
      </object>
      <object name="CInteriorVolumeComponent">
        <field name="hidHasAliasName" type="Boolean">False</field>
        <field name="text_fileModel" type="String"></field>
        <field name="fileModel" type="Hash64">FFFFFFFFFFFFFFFF</field>
        <field name="intambientInteriorAmbient" type="Id64">4294967295</field>
        <field name="bEnabled" type="Boolean">True</field>
        <field name="Priority" type="UInt32">0</field>
      </object>
      <object name="CMinimapComponent">
        <field name="hidHasAliasName" type="Boolean">False</field>
        <field name="minimapobjectinfoObjectInfo" type="BinHex">FFFFFFFF00000000</field>
      </object>
      <object name="CObjectSoundAndFXComponent">
        <field name="hidHasAliasName" type="Boolean">False</field>
        <field name="hidInjected" type="Boolean">True</field>
        <object name="Impact">
          <field name="matimpDropImpact" type="BinHex">7CD4831D00000000</field>
          <field name="fSpeedForMaxDropImpactVolume" type="Float32">0</field>
          <field name="fMinimalCollisionSpeed" type="Float32">3</field>
          <field name="bIsSingleDropImpactObject" type="Boolean">False</field>
          <object name="MovementSound">
            <field name="sndRollingSound" type="String">0xFFFFFFFF</field>
            <field name="sndRollingSoundEnd" type="String">0xFFFFFFFF</field>
            <field name="sndtpRollingSoundType" type="Int32">-1</field>
            <field name="sndSlidingSound" type="String">0xFFFFFFFF</field>
            <field name="sndSlidingSoundEnd" type="String">0xFFFFFFFF</field>
            <field name="sndtpSlidingSoundType" type="Int32">-1</field>
            <field name="sndmlObjectMovementMultilayer" type="BinHex">FFFFFFFF</field>
          </object>
        </object>
        <object name="Falling">
          <field name="bAllowAfterCollision" type="Boolean">False</field>
          <field name="sndFallingSound" type="String">0xFFFFFFFF</field>
          <field name="sndtpFallingType" type="Int32">-1</field>
          <field name="fSpeedToPlayFallingSound" type="Float32">0</field>
          <field name="FallingSoundTimeTrigger" type="BinHex">00000000</field>
        </object>
        <object name="Water">
          <field name="fZMinSpeedToTriggerSplash" type="Float32">1</field>
          <field name="fZMaxSpeedToTriggerSplash" type="Float32">5</field>
          <field name="fZMinSplashScale" type="Float32">1</field>
          <field name="fZMaxSplashScale" type="Float32">1.2</field>
          <field name="fZSpeedForMaxSplashVolume" type="Float32">0</field>
        </object>
        <object name="WaterWave">
          <field name="zSpeedToTriggerWaterWave" type="Float32">1</field>
          <field name="zMaxSpeedToTriggerWaterWave" type="Float32">5</field>
          <field name="minWaterWavePressure" type="Float32">0.2</field>
          <field name="maxWaterWavePressure" type="Float32">1</field>
          <field name="minWaterWaveSpeed" type="Float32">1</field>
          <field name="maxWaterWaveSpeed" type="Float32">1.5</field>
          <field name="minWaterWaveWaveLength" type="Float32">0.2</field>
          <field name="maxWaterWaveWaveLength" type="Float32">0.4</field>
          <field name="minWaterWaveDuration" type="Float32">0.5</field>
          <field name="maxWaterWaveDuration" type="Float32">1.5</field>
          <field name="minWaterWaveStartTime" type="Float32">0</field>
          <field name="maxWaterWaveStartTime" type="Float32">0.2</field>
          <field name="minWaterWaveTimeExponent" type="Float32">1</field>
          <field name="maxWaterWaveTimeExponent" type="Float32">1</field>
        </object>
      </object>
      <object name="CSoundComponent">
        <field name="hidHasAliasName" type="Boolean">False</field>
        <field name="hidInjected" type="Boolean">True</field>
        <field name="sndptSoundPoint" type="Hash64">00000000FFFFFFFF</field>
        <field name="bStopSoundOnStateChange" type="Boolean">False</field>
        <field name="bAlwaysUpdate" type="Boolean">False</field>
      </object>
    </object>
  </object>
  <object name="ResPack">
    <field name="Count" type="BinHex">03000000</field>
    <object name="ResList">
      <field name="TypeId" type="Hash32">3AE88EFD</field>
      <field name="ResIds" type="BinHex">01000000EB0D67CC82BE7D66</field>
    </object>
    <object name="ResList">
      <field name="TypeId" type="Hash32">63F450D8</field>
      <field name="ResIds" type="BinHex">01000000410822CC9CD380D6</field>
    </object>
    <object name="ResList">
      <field name="TypeId" type="Hash32">86E8E8BE</field>
      <field name="ResIds" type="BinHex">01000000EB0D67CC8295E174</field>
    </object>
  </object>
</object>