﻿<?xml version="1.0" encoding="utf-8"?>
<object name="EntityPrototype" def="ark">
  <field name="disLibItemId" type="Id64">1414268725936764487</field>
  <field name="text_hidArchetypeResId" type="String">entityarchetypeslibrary\1414268725936764487.ark.fcb</field>
  <field name="hidArchetypeResId" type="Hash64">2424475D6DD57276</field>
  <field name="Name" type="String">groups/groups/MediumHomeSetup/Tamang_House_A_Addon_03_1</field>
  <field name="ArchetypeName" type="String">ige_archetypes:groups/groups/mediumhomesetup/tamang_house_a_addon_03_1</field>
  <object name="Entity">
    <field name="hidName" type="String">ige_archetypes:groups/groups/MediumHomeSetup/Tamang_House_A_Addon_03_1</field>
    <field name="text_hidEntityClass" type="String">CEntity</field>
    <field name="hidEntityClass" type="Hash32">50C95067</field>
    <field name="hidResourceCount" type="Int32">8</field>
    <field name="hidConstEntity" type="Boolean">False</field>
    <field name="text_hidArchetypeResId" type="String">entityarchetypeslibrary\1414268725936764487.ark.fcb</field>
    <field name="hidArchetypeResId" type="Hash64">2424475D6DD57276</field>
    <object name="Components">
      <object name="CFileDescriptorComponent">
        <field name="hidHasAliasName" type="Boolean">False</field>
        <field name="text_fileName" type="String">graphics\_singleplayer\buildings\tamang\tamang_house_a_addon_03.xml</field>
        <field name="fileName" type="Hash64">C2D704DB0AA27C66</field>
        <field name="hidDescriptor" type="Rml">
          <rml>
            <hidDescriptor>
              <component class="GraphicComponent" version="2" detail="0">
                <object index="0" boneName="Tamang_House_A_Addon_03_LOD0" bboxMin="-8.19619,-3.98627,-0.750206" bboxMax="-4.95673,4.06099,4.77011" />
                <resource fileName="graphics\_SinglePlayer\Buildings\Tamang\Tamang_House_A_Addon_03.xbg" bboxMin="-8.19619,-3.99346,-0.750206" bboxMax="-4.95673,4.06099,4.77011" />
                <skeleton_reference_list>
                  <skeleton name="Tamang_House_A_Addon_03" index="0" pos="0,0,0" rot="1,-0,-0,-0" />
                </skeleton_reference_list>
                <material_reference_list>
                  <material name="FcG_MetalCorrugated_01" shader_name="Generic_FC3" ref_shader_id="nfortin-M-20131024145119" hd="0" />
                  <material name="FcG_WoodRoof_01" shader_name="Generic_FC3" ref_shader_id="skovalchuk-M-20130508142742" hd="0" />
                  <material name="Sim_LogWoodEnd_01" shader_name="Simple" ref_shader_id="skovalchuk-M-20130617171208" hd="0" />
                  <material name="FcG_WoodCracked_Black" shader_name="Generic_FC3" ref_shader_id="skovalchuk-M-20131106140112" hd="0" />
                  <material name="FcG_WoodCracked_02" shader_name="Generic_FC3" ref_shader_id="skovalchuk-M-20131024153050" hd="0" />
                  <material name="Sim_WoodRoof_01" shader_name="Simple" ref_shader_id="nfortin-M-20140410095613" hd="0" />
                  <material name="Grey_Placeholder_DoNotModify" shader_name="Generic_FC3" ref_shader_id="lpcantin-M-20110323153738" hd="0" />
                  <material name="VC_GenericVertexColor" shader_name="VertexColor" ref_shader_id="lliu-M-20140707104816" hd="0" />
                </material_reference_list>
              </component>
              <component class="InteriorVolumeComponent" version="1" detail="0">
                <resource fileName="graphics\_SinglePlayer\Buildings\Tamang\Tamang_House_A_Addon_03_interiorvolume.xbg" bboxMin="-7.68,-3.53,1.25523" bboxMax="-4.85,3.55,4.71669" />
              </component>
              <component class="StaticPhysComponent">
                <resource fileName="graphics\_SinglePlayer\Buildings\Tamang\Tamang_House_A_Addon_03.hkx" />
              </component>
              <component class="VisibilityOcclusionComponent">
                <antiportal killDistance="50.000000">
                  <vertices>
                    <vertex x="-7.680000" y="-3.530001" z="1.255235" />
                    <vertex x="-4.850000" y="-3.530001" z="1.255235" />
                    <vertex x="-7.680000" y="3.549998" z="1.255235" />
                    <vertex x="-4.850000" y="3.549998" z="1.255235" />
                    <vertex x="-7.680000" y="-3.530001" z="4.316289" />
                    <vertex x="-4.850000" y="-3.530001" z="4.716688" />
                    <vertex x="-7.680000" y="3.549998" z="4.316289" />
                    <vertex x="-4.850000" y="3.549998" z="4.716689" />
                  </vertices>
                  <faces>
                    <face>0,2,3,1</face>
                    <face>4,5,7,6</face>
                    <face>0,1,5,4</face>
                    <face>1,3,7,5</face>
                    <face>3,2,6,7</face>
                    <face>2,0,4,6</face>
                  </faces>
                </antiportal>
              </component>
            </hidDescriptor>
          </rml>
        </field>
      </object>
      <object name="CRoomComponent">
        <field name="hidHasAliasName" type="Boolean">False</field>
        <field name="bOverridePortalsVisibility" type="Boolean">True</field>
        <field name="bIsVisibleInside" type="Boolean">True</field>
        <field name="bIsVisibleOutside" type="Boolean">True</field>
        <field name="vectorScale" type="Vector3">1,1,1</field>
        <object name="RoomObjects">
          <object name="RoomObject">
            <field name="hidRoomId" type="BinHex">7D4A62D2E57D401B</field>
            <field name="disName" type="String">vol_0</field>
            <field name="fRoomPriority" type="Float32">35</field>
            <object name="hidConvexVolume">
              <object name="hidVertices">
                <object name="Vertex">
                  <field name="Vertex" type="Vector3">-7.68,-3.530001,1.255235</field>
                </object>
                <object name="Vertex">
                  <field name="Vertex" type="Vector3">-4.85,-3.530001,1.255235</field>
                </object>
                <object name="Vertex">
                  <field name="Vertex" type="Vector3">-7.68,3.549998,1.255235</field>
                </object>
                <object name="Vertex">
                  <field name="Vertex" type="Vector3">-4.85,3.549998,1.255235</field>
                </object>
                <object name="Vertex">
                  <field name="Vertex" type="Vector3">-7.68,-3.530001,4.316289</field>
                </object>
                <object name="Vertex">
                  <field name="Vertex" type="Vector3">-4.85,-3.530001,4.716688</field>
                </object>
                <object name="Vertex">
                  <field name="Vertex" type="Vector3">-7.68,3.549998,4.316289</field>
                </object>
                <object name="Vertex">
                  <field name="Vertex" type="Vector3">-4.85,3.549998,4.716689</field>
                </object>
              </object>
              <object name="hidFacesDefs">
                <object name="FaceDef">
                  <object name="hidVertexIndices">
                    <object name="Vertex">
                      <field name="Vertex" type="Enum">0</field>
                    </object>
                    <object name="Vertex">
                      <field name="Vertex" type="Enum">2</field>
                    </object>
                    <object name="Vertex">
                      <field name="Vertex" type="Enum">3</field>
                    </object>
                    <object name="Vertex">
                      <field name="Vertex" type="Enum">1</field>
                    </object>
                  </object>
                </object>
                <object name="FaceDef">
                  <object name="hidVertexIndices">
                    <object name="Vertex">
                      <field name="Vertex" type="Enum">4</field>
                    </object>
                    <object name="Vertex">
                      <field name="Vertex" type="Enum">5</field>
                    </object>
                    <object name="Vertex">
                      <field name="Vertex" type="Enum">7</field>
                    </object>
                    <object name="Vertex">
                      <field name="Vertex" type="Enum">6</field>
                    </object>
                  </object>
                </object>
                <object name="FaceDef">
                  <object name="hidVertexIndices">
                    <object name="Vertex">
                      <field name="Vertex" type="Enum">0</field>
                    </object>
                    <object name="Vertex">
                      <field name="Vertex" type="Enum">1</field>
                    </object>
                    <object name="Vertex">
                      <field name="Vertex" type="Enum">5</field>
                    </object>
                    <object name="Vertex">
                      <field name="Vertex" type="Enum">4</field>
                    </object>
                  </object>
                </object>
                <object name="FaceDef">
                  <object name="hidVertexIndices">
                    <object name="Vertex">
                      <field name="Vertex" type="Enum">1</field>
                    </object>
                    <object name="Vertex">
                      <field name="Vertex" type="Enum">3</field>
                    </object>
                    <object name="Vertex">
                      <field name="Vertex" type="Enum">7</field>
                    </object>
                    <object name="Vertex">
                      <field name="Vertex" type="Enum">5</field>
                    </object>
                  </object>
                </object>
                <object name="FaceDef">
                  <object name="hidVertexIndices">
                    <object name="Vertex">
                      <field name="Vertex" type="Enum">3</field>
                    </object>
                    <object name="Vertex">
                      <field name="Vertex" type="Enum">2</field>
                    </object>
                    <object name="Vertex">
                      <field name="Vertex" type="Enum">6</field>
                    </object>
                    <object name="Vertex">
                      <field name="Vertex" type="Enum">7</field>
                    </object>
                  </object>
                </object>
                <object name="FaceDef">
                  <object name="hidVertexIndices">
                    <object name="Vertex">
                      <field name="Vertex" type="Enum">2</field>
                    </object>
                    <object name="Vertex">
                      <field name="Vertex" type="Enum">0</field>
                    </object>
                    <object name="Vertex">
                      <field name="Vertex" type="Enum">4</field>
                    </object>
                    <object name="Vertex">
                      <field name="Vertex" type="Enum">6</field>
                    </object>
                  </object>
                </object>
              </object>
              <object name="Faces">
                <object name="Face">
                  <field name="hidNormal" type="Vector3">0,0,1</field>
                  <field name="hidDistance" type="BinHex">8AABA03F</field>
                </object>
                <object name="Face">
                  <field name="hidNormal" type="Vector3">0.1400886,1.333715E-07,-0.9901389</field>
                  <field name="hidDistance" type="BinHex">FC2FABC0</field>
                </object>
                <object name="Face">
                  <field name="hidNormal" type="Vector3">0,1,0</field>
                  <field name="hidDistance" type="BinHex">89EB61C0</field>
                </object>
                <object name="Face">
                  <field name="hidNormal" type="Vector3">-1,0,0</field>
                  <field name="hidDistance" type="BinHex">33339B40</field>
                </object>
                <object name="Face">
                  <field name="hidNormal" type="Vector3">0,-1,0</field>
                  <field name="hidDistance" type="BinHex">2B3363C0</field>
                </object>
                <object name="Face">
                  <field name="hidNormal" type="Vector3">1,0,0</field>
                  <field name="hidDistance" type="BinHex">8FC2F5C0</field>
                </object>
              </object>
              <object name="Edges">
                <object name="Edge">
                  <field name="hidSharedFace0" type="Int32">0</field>
                  <field name="hidSharedFace1" type="Int32">5</field>
                  <field name="hidVertex0" type="Int32">0</field>
                  <field name="hidVertex1" type="Int32">2</field>
                </object>
                <object name="Edge">
                  <field name="hidSharedFace0" type="Int32">0</field>
                  <field name="hidSharedFace1" type="Int32">4</field>
                  <field name="hidVertex0" type="Int32">2</field>
                  <field name="hidVertex1" type="Int32">3</field>
                </object>
                <object name="Edge">
                  <field name="hidSharedFace0" type="Int32">0</field>
                  <field name="hidSharedFace1" type="Int32">3</field>
                  <field name="hidVertex0" type="Int32">3</field>
                  <field name="hidVertex1" type="Int32">1</field>
                </object>
                <object name="Edge">
                  <field name="hidSharedFace0" type="Int32">0</field>
                  <field name="hidSharedFace1" type="Int32">2</field>
                  <field name="hidVertex0" type="Int32">1</field>
                  <field name="hidVertex1" type="Int32">0</field>
                </object>
                <object name="Edge">
                  <field name="hidSharedFace0" type="Int32">1</field>
                  <field name="hidSharedFace1" type="Int32">2</field>
                  <field name="hidVertex0" type="Int32">4</field>
                  <field name="hidVertex1" type="Int32">5</field>
                </object>
                <object name="Edge">
                  <field name="hidSharedFace0" type="Int32">1</field>
                  <field name="hidSharedFace1" type="Int32">3</field>
                  <field name="hidVertex0" type="Int32">5</field>
                  <field name="hidVertex1" type="Int32">7</field>
                </object>
                <object name="Edge">
                  <field name="hidSharedFace0" type="Int32">1</field>
                  <field name="hidSharedFace1" type="Int32">4</field>
                  <field name="hidVertex0" type="Int32">7</field>
                  <field name="hidVertex1" type="Int32">6</field>
                </object>
                <object name="Edge">
                  <field name="hidSharedFace0" type="Int32">1</field>
                  <field name="hidSharedFace1" type="Int32">5</field>
                  <field name="hidVertex0" type="Int32">6</field>
                  <field name="hidVertex1" type="Int32">4</field>
                </object>
                <object name="Edge">
                  <field name="hidSharedFace0" type="Int32">2</field>
                  <field name="hidSharedFace1" type="Int32">3</field>
                  <field name="hidVertex0" type="Int32">1</field>
                  <field name="hidVertex1" type="Int32">5</field>
                </object>
                <object name="Edge">
                  <field name="hidSharedFace0" type="Int32">2</field>
                  <field name="hidSharedFace1" type="Int32">5</field>
                  <field name="hidVertex0" type="Int32">4</field>
                  <field name="hidVertex1" type="Int32">0</field>
                </object>
                <object name="Edge">
                  <field name="hidSharedFace0" type="Int32">3</field>
                  <field name="hidSharedFace1" type="Int32">4</field>
                  <field name="hidVertex0" type="Int32">3</field>
                  <field name="hidVertex1" type="Int32">7</field>
                </object>
                <object name="Edge">
                  <field name="hidSharedFace0" type="Int32">4</field>
                  <field name="hidSharedFace1" type="Int32">5</field>
                  <field name="hidVertex0" type="Int32">2</field>
                  <field name="hidVertex1" type="Int32">6</field>
                </object>
              </object>
            </object>
            <object name="RoomPropertiesList">
              <object name="RoomProperties">
                <field name="selType" type="UInt32">1036206285</field>
                <object name="Obj">
                  <field name="text_hid_DTCTH_ClassName" type="String">CSoundRoomProperties</field>
                  <field name="hid_DTCTH_ClassName" type="Hash32">3DC340CD</field>
                  <field name="bUseRoomSoundRegion" type="BinHex">00</field>
                  <field name="bUseRoomReverb" type="BinHex">01</field>
                  <field name="sndregSoundRegion" type="BinHex">FF</field>
                  <field name="sndReverb" type="String">0x000470F7</field>
                  <field name="sndInSound" type="String">0x002241C2</field>
                  <field name="sndOutSound" type="String">0x002241C3</field>
                  <field name="mixRoomSoundPreset" type="Id64">3750135203</field>
                  <field name="bIsOpenOceanHearable" type="BinHex">01</field>
                  <field name="bUseGunTails" type="Boolean">True</field>
                  <field name="fRoomEnteringRollOffDistance" type="Float32">1</field>
                  <field name="fRoomLeavingRollOffDistance" type="Float32">1</field>
                  <field name="fRoomTransitionRollOffDistance" type="Float32">1</field>
                </object>
              </object>
              <object name="RoomProperties">
                <field name="selType" type="UInt32">3971349444</field>
                <object name="Obj">
                  <field name="text_hid_DTCTH_ClassName" type="String">CGfxRoomProperties</field>
                  <field name="hid_DTCTH_ClassName" type="Hash32">ECB5FBC4</field>
                  <field name="zoneZoneLogic" type="Id64">31</field>
                </object>
              </object>
              <object name="RoomProperties">
                <field name="selType" type="UInt32">1401417754</field>
                <object name="Obj">
                  <field name="text_hid_DTCTH_ClassName" type="String">CBuildingElementProperties</field>
                  <field name="hid_DTCTH_ClassName" type="Hash32">5387F01A</field>
                  <object name="BuildingElementsList">
                    <object name="BuildingElement">
                      <field name="vectorPosition" type="Vector3">-7.70598,-1.37078,2.73767</field>
                      <field name="angvecAngles" type="Vector3">0,0,-90</field>
                      <field name="fWidth" type="Float32">1.25</field>
                      <field name="fHeight" type="Float32">2.2</field>
                      <field name="selRoomPlaneType" type="BinHex">02000000</field>
                    </object>
                  </object>
                </object>
              </object>
              <object name="RoomProperties">
                <field name="selType" type="UInt32">4294967295</field>
              </object>
            </object>
          </object>
        </object>
      </object>
      <object name="CGraphicComponent">
        <field name="hidHasAliasName" type="Boolean">True</field>
        <field name="hidComponentClassName" type="String">CStaticGraphicComponent</field>
        <field name="bCastShadow" type="Boolean">True</field>
        <field name="bReceiveShadow" type="Boolean">True</field>
        <field name="bCastAmbientShadow" type="Boolean">True</field>
        <field name="olgLightGroup" type="Int32">129</field>
        <field name="bShowInReflection" type="Boolean">True</field>
        <field name="bAlwaysShowInReflection" type="Boolean">False</field>
        <field name="bHighLight" type="Boolean">False</field>
        <field name="bLodDitheringEnable" type="Boolean">True</field>
        <field name="matIntuitionMaterialName" type="String"></field>
        <field name="bShowThroughWithFlashing" type="Boolean">False</field>
        <field name="bBackDrop" type="Boolean">False</field>
        <field name="bDisableMip0ResourceLoading" type="BinHex">00</field>
        <field hash="F41DCC4F" type="BinHex">0000000000000000</field>
        <field name="hidIndex" type="Int32">0</field>
        <field name="text_fileModel" type="String">graphics\_singleplayer\buildings\tamang\tamang_house_a_addon_03.xbg</field>
        <field name="fileModel" type="Hash64">CD8E94DB0AA27C66</field>
        <field name="hidMeshName" type="String"></field>
        <field name="hidScale" type="Vector3">1,1,1</field>
        <object name="MaterialLightSwitch">
          <field name="hidSharedDataHandlerHash" type="Hash64">3ABCE05E0E0CBB54</field>
          <object name="MaterialSlots">
            <object name="Material">
              <field name="text_disSlotPathId" type="String">graphics\_materials\skovalchuk-m-20130617171208.material.bin</field>
              <field name="disSlotPathId" type="Hash64">1843F8F607671D70</field>
              <field name="text_matMaterial" type="String"></field>
              <field name="matMaterial" type="Hash64">FFFFFFFFFFFFFFFF</field>
              <field name="disHD" type="BinHex">00</field>
            </object>
            <object name="Material">
              <field name="text_disSlotPathId" type="String">graphics\_materials\lliu-m-20140707104816.material.bin</field>
              <field name="disSlotPathId" type="Hash64">4F0CB223BC8CE67F</field>
              <field name="text_matMaterial" type="String"></field>
              <field name="matMaterial" type="Hash64">FFFFFFFFFFFFFFFF</field>
              <field name="disHD" type="BinHex">00</field>
            </object>
            <object name="Material">
              <field name="text_disSlotPathId" type="String">graphics\_materials\skovalchuk-m-20130508142742.material.bin</field>
              <field name="disSlotPathId" type="Hash64">6C9C056DDD66A7F0</field>
              <field name="text_matMaterial" type="String"></field>
              <field name="matMaterial" type="Hash64">FFFFFFFFFFFFFFFF</field>
              <field name="disHD" type="BinHex">00</field>
            </object>
            <object name="Material">
              <field name="text_disSlotPathId" type="String">graphics\_materials\nfortin-m-20131024145119.material.bin</field>
              <field name="disSlotPathId" type="Hash64">6F6DAA0A208B389D</field>
              <field name="text_matMaterial" type="String"></field>
              <field name="matMaterial" type="Hash64">FFFFFFFFFFFFFFFF</field>
              <field name="disHD" type="BinHex">00</field>
            </object>
            <object name="Material">
              <field name="text_disSlotPathId" type="String">graphics\_materials\lpcantin-m-20110323153738.material.bin</field>
              <field name="disSlotPathId" type="Hash64">7CFD18F55164AA9F</field>
              <field name="text_matMaterial" type="String"></field>
              <field name="matMaterial" type="Hash64">FFFFFFFFFFFFFFFF</field>
              <field name="disHD" type="BinHex">00</field>
            </object>
            <object name="Material">
              <field name="text_disSlotPathId" type="String">graphics\_materials\skovalchuk-m-20131024153050.material.bin</field>
              <field name="disSlotPathId" type="Hash64">8C16AE1468947BD8</field>
              <field name="text_matMaterial" type="String"></field>
              <field name="matMaterial" type="Hash64">FFFFFFFFFFFFFFFF</field>
              <field name="disHD" type="BinHex">00</field>
            </object>
            <object name="Material">
              <field name="text_disSlotPathId" type="String">graphics\_materials\nfortin-m-20140410095613.material.bin</field>
              <field name="disSlotPathId" type="Hash64">8E42C6E63F296685</field>
              <field name="text_matMaterial" type="String"></field>
              <field name="matMaterial" type="Hash64">FFFFFFFFFFFFFFFF</field>
              <field name="disHD" type="BinHex">00</field>
            </object>
            <object name="Material">
              <field name="text_disSlotPathId" type="String">graphics\_materials\skovalchuk-m-20131106140112.material.bin</field>
              <field name="disSlotPathId" type="Hash64">E50AE567DDC1CFBD</field>
              <field name="text_matMaterial" type="String"></field>
              <field name="matMaterial" type="Hash64">FFFFFFFFFFFFFFFF</field>
              <field name="disHD" type="BinHex">00</field>
            </object>
          </object>
        </object>
        <object name="MaterialOverrides">
          <field name="hidSharedDataHandlerHash" type="Hash64">1D0B1AD5DED2DD1D</field>
          <object name="MaterialSlots">
            <object name="Material">
              <field name="text_disSlotPathId" type="String">graphics\_materials\skovalchuk-m-20130617171208.material.bin</field>
              <field name="disSlotPathId" type="Hash64">1843F8F607671D70</field>
              <field name="text_matMaterial" type="String"></field>
              <field name="matMaterial" type="Hash64">FFFFFFFFFFFFFFFF</field>
              <field name="disHD" type="BinHex">00</field>
            </object>
            <object name="Material">
              <field name="text_disSlotPathId" type="String">graphics\_materials\lliu-m-20140707104816.material.bin</field>
              <field name="disSlotPathId" type="Hash64">4F0CB223BC8CE67F</field>
              <field name="text_matMaterial" type="String"></field>
              <field name="matMaterial" type="Hash64">FFFFFFFFFFFFFFFF</field>
              <field name="disHD" type="BinHex">00</field>
            </object>
            <object name="Material">
              <field name="text_disSlotPathId" type="String">graphics\_materials\skovalchuk-m-20130508142742.material.bin</field>
              <field name="disSlotPathId" type="Hash64">6C9C056DDD66A7F0</field>
              <field name="text_matMaterial" type="String"></field>
              <field name="matMaterial" type="Hash64">FFFFFFFFFFFFFFFF</field>
              <field name="disHD" type="BinHex">00</field>
            </object>
            <object name="Material">
              <field name="text_disSlotPathId" type="String">graphics\_materials\nfortin-m-20131024145119.material.bin</field>
              <field name="disSlotPathId" type="Hash64">6F6DAA0A208B389D</field>
              <field name="text_matMaterial" type="String"></field>
              <field name="matMaterial" type="Hash64">FFFFFFFFFFFFFFFF</field>
              <field name="disHD" type="BinHex">00</field>
            </object>
            <object name="Material">
              <field name="text_disSlotPathId" type="String">graphics\_materials\lpcantin-m-20110323153738.material.bin</field>
              <field name="disSlotPathId" type="Hash64">7CFD18F55164AA9F</field>
              <field name="text_matMaterial" type="String"></field>
              <field name="matMaterial" type="Hash64">FFFFFFFFFFFFFFFF</field>
              <field name="disHD" type="BinHex">00</field>
            </object>
            <object name="Material">
              <field name="text_disSlotPathId" type="String">graphics\_materials\skovalchuk-m-20131024153050.material.bin</field>
              <field name="disSlotPathId" type="Hash64">8C16AE1468947BD8</field>
              <field name="text_matMaterial" type="String"></field>
              <field name="matMaterial" type="Hash64">FFFFFFFFFFFFFFFF</field>
              <field name="disHD" type="BinHex">00</field>
            </object>
            <object name="Material">
              <field name="text_disSlotPathId" type="String">graphics\_materials\nfortin-m-20140410095613.material.bin</field>
              <field name="disSlotPathId" type="Hash64">8E42C6E63F296685</field>
              <field name="text_matMaterial" type="String"></field>
              <field name="matMaterial" type="Hash64">FFFFFFFFFFFFFFFF</field>
              <field name="disHD" type="BinHex">00</field>
            </object>
            <object name="Material">
              <field name="text_disSlotPathId" type="String">graphics\_materials\skovalchuk-m-20131106140112.material.bin</field>
              <field name="disSlotPathId" type="Hash64">E50AE567DDC1CFBD</field>
              <field name="text_matMaterial" type="String"></field>
              <field name="matMaterial" type="Hash64">FFFFFFFFFFFFFFFF</field>
              <field name="disHD" type="BinHex">00</field>
            </object>
          </object>
        </object>
        <object name="hidModelLODs" />
        <object name="hidModelDistancesLODs" />
      </object>
      <object name="CStaticPhysComponent">
        <field name="hidHasAliasName" type="Boolean">False</field>
        <field name="text_hidResourceId" type="String">graphics\_singleplayer\buildings\tamang\tamang_house_a_addon_03.hkx</field>
        <field name="hidResourceId" type="Hash64">DF12BFDB0AA27C66</field>
        <field hash="C784A41F" type="BinHex">01</field>
        <field name="bUseMaxTerrainSlope" type="Boolean">False</field>
        <field name="bIgnoreInExplosions" type="Boolean">False</field>
        <field name="selOverrideSlideAngle" type="BinHex">00000000</field>
        <field name="bAnimateable" type="Boolean">False</field>
        <field hash="AAFA0C31" type="BinHex">00</field>
        <field hash="BF1EB181" type="BinHex">00</field>
        <field name="bIgnoreBreakableEventsForEver" type="BinHex">00</field>
        <field name="bIgnoreBreakableEventsTemporarily" type="BinHex">00</field>
        <field name="bImmuneToDamage" type="BinHex">00</field>
        <field name="bNoCollision" type="BinHex">00</field>
        <field name="bLargeEntity" type="Boolean">False</field>
        <field name="hidResourceIndex" type="Int32">0</field>
        <field name="bEncounterTeleportToGroundOnCreate" type="BinHex">00</field>
        <field name="bNoDecals" type="BinHex">00</field>
        <field name="bPatchNavmesh" type="BinHex">00</field>
        <field name="bAffectNavMesh" type="Boolean">True</field>
        <object name="LogicMaterialOverrides">
          <object name="LogicMaterial">
            <field name="logmatLogicMaterial" type="Int32">16</field>
            <field name="text_disSlotName" type="String">CCOL007</field>
            <field name="disSlotName" type="Hash32">29B29629</field>
          </object>
          <object name="LogicMaterial">
            <field name="logmatLogicMaterial" type="Int32">16</field>
            <field name="text_disSlotName" type="String">CCOL003</field>
            <field name="disSlotName" type="Hash32">2EDF5230</field>
          </object>
          <object name="LogicMaterial">
            <field name="logmatLogicMaterial" type="Int32">16</field>
            <field name="text_disSlotName" type="String">SCOL006</field>
            <field name="disSlotName" type="Hash32">396B3A71</field>
          </object>
          <object name="LogicMaterial">
            <field name="logmatLogicMaterial" type="Int32">16</field>
            <field name="text_disSlotName" type="String">SCOL002</field>
            <field name="disSlotName" type="Hash32">3E06FE68</field>
          </object>
          <object name="LogicMaterial">
            <field name="logmatLogicMaterial" type="Int32">16</field>
            <field name="text_disSlotName" type="String">SCOL003</field>
            <field name="disSlotName" type="Hash32">4901CEFE</field>
          </object>
          <object name="LogicMaterial">
            <field name="logmatLogicMaterial" type="Int32">16</field>
            <field name="text_disSlotName" type="String">SCOL007</field>
            <field name="disSlotName" type="Hash32">4E6C0AE7</field>
          </object>
          <object name="LogicMaterial">
            <field name="logmatLogicMaterial" type="Int32">16</field>
            <field name="text_disSlotName" type="String">CCOL002</field>
            <field name="disSlotName" type="Hash32">59D862A6</field>
          </object>
          <object name="LogicMaterial">
            <field name="logmatLogicMaterial" type="Int32">16</field>
            <field name="text_disSlotName" type="String">CCOL006</field>
            <field name="disSlotName" type="Hash32">5EB5A6BF</field>
          </object>
          <object name="LogicMaterial">
            <field name="logmatLogicMaterial" type="Int32">16</field>
            <field name="text_disSlotName" type="String">SCOL005</field>
            <field name="disSlotName" type="Hash32">A0626BCB</field>
          </object>
          <object name="LogicMaterial">
            <field name="logmatLogicMaterial" type="Int32">16</field>
            <field name="text_disSlotName" type="String">SCOL001</field>
            <field name="disSlotName" type="Hash32">A70FAFD2</field>
          </object>
          <object name="LogicMaterial">
            <field name="logmatLogicMaterial" type="Int32">16</field>
            <field name="text_disSlotName" type="String">SCOL009</field>
            <field name="disSlotName" type="Hash32">A9D427E0</field>
          </object>
          <object name="LogicMaterial">
            <field name="logmatLogicMaterial" type="Int32">16</field>
            <field name="text_disSlotName" type="String">CCOL004</field>
            <field name="disSlotName" type="Hash32">B0BBC793</field>
          </object>
          <object name="LogicMaterial">
            <field name="logmatLogicMaterial" type="Int32">16</field>
            <field name="text_disSlotName" type="String">CCOL008</field>
            <field name="disSlotName" type="Hash32">B90D8BB8</field>
          </object>
          <object name="LogicMaterial">
            <field name="logmatLogicMaterial" type="Int32">16</field>
            <field name="text_disSlotName" type="String">CCOL001</field>
            <field name="disSlotName" type="Hash32">C0D1331C</field>
          </object>
          <object name="LogicMaterial">
            <field name="logmatLogicMaterial" type="Int32">16</field>
            <field name="text_disSlotName" type="String">CCOL005</field>
            <field name="disSlotName" type="Hash32">C7BCF705</field>
          </object>
          <object name="LogicMaterial">
            <field name="logmatLogicMaterial" type="Int32">16</field>
            <field name="text_disSlotName" type="String">SCOL010</field>
            <field name="disSlotName" type="Hash32">C913AE05</field>
          </object>
          <object name="LogicMaterial">
            <field name="logmatLogicMaterial" type="Int32">16</field>
            <field name="text_disSlotName" type="String">CCOL009</field>
            <field name="disSlotName" type="Hash32">CE0ABB2E</field>
          </object>
          <object name="LogicMaterial">
            <field name="logmatLogicMaterial" type="Int32">16</field>
            <field name="text_disSlotName" type="String">SCOL004</field>
            <field name="disSlotName" type="Hash32">D7655B5D</field>
          </object>
          <object name="LogicMaterial">
            <field name="logmatLogicMaterial" type="Int32">16</field>
            <field name="text_disSlotName" type="String">SCOL008</field>
            <field name="disSlotName" type="Hash32">DED31776</field>
          </object>
        </object>
        <object name="hidTheSharedMap">
          <field name="hidSharedDataHandlerHash" type="Hash64">C154337932E2F8BE</field>
        </object>
      </object>
      <object name="CMinimapComponent">
        <field name="hidHasAliasName" type="Boolean">False</field>
        <field name="minimapobjectinfoObjectInfo" type="BinHex">E66E3B0300000000</field>
      </object>
      <object name="CInteriorVolumeComponent">
        <field name="hidHasAliasName" type="Boolean">False</field>
        <field name="hidInjected" type="Boolean">True</field>
        <field name="text_fileModel" type="String">graphics\_singleplayer\buildings\tamang\tamang_house_a_addon_03_interiorvolume.xbg</field>
        <field name="fileModel" type="Hash64">B28F3A20460A0347</field>
        <field name="intambientInteriorAmbient" type="Id64">3870101179</field>
        <field name="bEnabled" type="Boolean">True</field>
        <field name="Priority" type="UInt32">0</field>
      </object>
      <object name="CCoverComponent">
        <field name="hidHasAliasName" type="Boolean">False</field>
        <field name="hidInjected" type="Boolean">True</field>
        <object name="Covers">
          <object name="Cover">
            <field name="bUseMetadataOnEmptyInstance" type="BinHex">01</field>
            <field name="bIsFPCover" type="BinHex">01</field>
            <field name="hidTransform" type="BinHex">31BD3BB30000803F0000000000000000000080BF31BD3BB3000000000000000000000000000000000000803F000000004E42A443B2CDEBC311FCC3BF0000803F</field>
            <field name="selCoverObjectType" type="BinHex">00000000</field>
            <object name="hidCoverInformation">
              <object name="hidState">
                <object name="hidCover">
                  <field name="State" type="BinHex">FFFFFFFF</field>
                  <object name="CoverPoints" />
                  <object name="CoverLinks" />
                  <object name="CoverAnchors" />
                </object>
              </object>
            </object>
          </object>
        </object>
      </object>
      <object name="CClimbableComponent">
        <field name="hidHasAliasName" type="Boolean">False</field>
        <field name="hidInjected" type="Boolean">True</field>
        <field name="bCanClimbFromWater" type="BinHex">01</field>
        <field name="bCanClimbFromLand" type="BinHex">01</field>
        <object name="Lines">
          <object name="Lines">
            <field name="disVectorLineStart" type="Vector3">0,0,0</field>
            <field name="disVectorLineEnd" type="Vector3">0,0,0</field>
            <field name="disVectorAnchor" type="Vector3">0,0,0</field>
          </object>
        </object>
      </object>
      <object name="CNavLinkComponent">
        <field name="hidHasAliasName" type="Boolean">False</field>
        <field name="hidInjected" type="Boolean">True</field>
        <field name="bValid" type="BinHex">01</field>
        <field name="bActivated" type="BinHex">01</field>
        <field name="bCanUseFirstEntry" type="BinHex">01</field>
        <field name="bCanUseSecondEntry" type="BinHex">01</field>
        <field name="selNavMeshLayer" type="BinHex">00000000</field>
      </object>
      <object name="CIgnitorComponent">
        <field name="hidHasAliasName" type="Boolean">False</field>
        <field name="hidInjected" type="Boolean">True</field>
        <field name="fireobjObjectProfile_SP" type="Id64">1948321014</field>
        <field name="fireobjObjectProfile_MP" type="Id64">4294967295</field>
        <field name="bIgniteAutoFire" type="BinHex">00</field>
        <field name="bIgniteNoPropagate" type="BinHex">00</field>
        <field name="bUseLargeParticlePool" type="BinHex">00</field>
        <object name="IgnitorStims">
          <field name="bIgniteOnBurn" type="BinHex">01</field>
          <field name="bIgniteOnPierce" type="BinHex">00</field>
          <field name="bIgniteOnCrush" type="BinHex">00</field>
          <field name="bIgniteOnExplosion" type="BinHex">00</field>
          <field name="bIgniteOnMolotovExplosion" type="BinHex">00</field>
          <field name="bIgniteOnPoison" type="BinHex">00</field>
          <field name="bIgniteOnUse" type="BinHex">00</field>
        </object>
      </object>
      <object name="CSoundOcclusionComponent">
        <field name="hidHasAliasName" type="Boolean">False</field>
        <field name="hidInjected" type="Boolean">True</field>
        <object name="SoundZonesList">
          <object name="SoundZone">
            <field name="vectorSize" type="Vector3">2.8,7.5,3.5</field>
            <field name="vectorOffsetPosition" type="Vector3">-6.4,0,3</field>
            <field name="vectorOffsetAngles" type="Vector3">0,0,0</field>
            <field name="disZoneId" type="BinHex">DA79BA52E37D0000</field>
            <field name="occzonParams" type="BinHex">B566572000000000</field>
            <object name="EntrancesList">
              <object name="Entrance">
                <field name="vectorSize" type="Vector3">0.5,1.3,2.3</field>
                <field name="vectorOffsetPosition" type="Vector3">-1.5,-1.4,-0.2</field>
                <field name="vectorOffsetAngles" type="Vector3">0,0,0</field>
                <field name="bIsADoor" type="BinHex">00</field>
                <field name="occholParams" type="BinHex">B9D2A8DB00000000</field>
              </object>
              <object name="Entrance">
                <field name="vectorSize" type="Vector3">0.5,1.3,2.3</field>
                <field name="vectorOffsetPosition" type="Vector3">1.3,-1.4,-0.2</field>
                <field name="vectorOffsetAngles" type="Vector3">0,0,0</field>
                <field name="bIsADoor" type="BinHex">00</field>
                <field name="occholParams" type="BinHex">B9D2A8DB00000000</field>
              </object>
              <object name="Entrance">
                <field name="vectorSize" type="Vector3">0,0,0</field>
                <field name="vectorOffsetPosition" type="Vector3">0,0,0</field>
                <field name="vectorOffsetAngles" type="Vector3">0,0,0</field>
                <field name="bIsADoor" type="BinHex">00</field>
                <field name="occholParams" type="BinHex">FFFFFFFF00000000</field>
              </object>
            </object>
            <object name="ConnectionsList">
              <object name="Connection">
                <field name="ConnectedZoneId" type="BinHex">0000000000000000</field>
              </object>
            </object>
          </object>
          <object name="SoundZone">
            <field name="vectorSize" type="Vector3">0,0,0</field>
            <field name="vectorOffsetPosition" type="Vector3">0,0,0</field>
            <field name="vectorOffsetAngles" type="Vector3">0,0,0</field>
            <field name="disZoneId" type="BinHex">0000000000000000</field>
            <field name="occzonParams" type="BinHex">FFFFFFFF00000000</field>
            <object name="EntrancesList">
              <object name="Entrance">
                <field name="vectorSize" type="Vector3">0,0,0</field>
                <field name="vectorOffsetPosition" type="Vector3">0,0,0</field>
                <field name="vectorOffsetAngles" type="Vector3">0,0,0</field>
                <field name="bIsADoor" type="BinHex">00</field>
                <field name="occholParams" type="BinHex">FFFFFFFF00000000</field>
              </object>
            </object>
            <object name="ConnectionsList">
              <object name="Connection">
                <field name="ConnectedZoneId" type="BinHex">0000000000000000</field>
              </object>
            </object>
          </object>
        </object>
      </object>
    </object>
  </object>
  <object name="ResPack">
    <field name="Count" type="BinHex">08000000</field>
    <object name="ResList">
      <field name="TypeId" type="Hash32">3AE88EFD</field>
      <field name="ResIds" type="BinHex">01000000667CA20ADBBF12DF</field>
    </object>
    <object name="ResList">
      <field name="TypeId" type="Hash32">63F450D8</field>
      <field name="ResIds" type="BinHex">05000000E06A21CB9CD30A21521B56CC9C599689521BE6CD9C59968956CBF3C99C5996D356CBE3CD9C5996D3</field>
    </object>
    <object name="ResList">
      <field name="TypeId" type="Hash32">86E8E8BE</field>
      <field name="ResIds" type="BinHex">0200000047030A46203A8FB2667CA20ADB948ECD</field>
    </object>
  </object>
</object>