﻿<?xml version="1.0" encoding="utf-8"?>
<object name="EntityPrototype" def="ark">
  <field name="disLibItemId" type="Id64">14186477236278440731</field>
  <field name="text_hidArchetypeResId" type="String">entityarchetypeslibrary\14186477236278440731.ark.fcb</field>
  <field name="hidArchetypeResId" type="Hash64">7267E8AB8203A254</field>
  <field name="Name" type="String">prefabs/FCC_OW_Prefabs/GenericHamlets/VillageShop/Hanging_Charms_01_13</field>
  <field name="ArchetypeName" type="String">ige_archetypes:prefabs/fcc_ow_prefabs/generichamlets/villageshop/hanging_charms_01_13</field>
  <object name="Entity">
    <field name="hidName" type="String">ige_archetypes:prefabs/FCC_OW_Prefabs/GenericHamlets/VillageShop/Hanging_Charms_01_13</field>
    <field name="text_hidEntityClass" type="String">CEntity</field>
    <field name="hidEntityClass" type="Hash32">50C95067</field>
    <field name="hidResourceCount" type="Int32">7</field>
    <field name="hidConstEntity" type="Boolean">False</field>
    <field name="text_hidArchetypeResId" type="String">entityarchetypeslibrary\14186477236278440731.ark.fcb</field>
    <field name="hidArchetypeResId" type="Hash64">7267E8AB8203A254</field>
    <object name="Components">
      <object name="CFileDescriptorComponent">
        <field name="hidHasAliasName" type="Boolean">False</field>
        <field name="text_fileName" type="String">graphics\_singleplayer\props\ornaments\hanging_charms_01.xml</field>
        <field name="fileName" type="Hash64">A3DC56DFD3AAD0BD</field>
        <field name="hidDescriptor" type="Rml">
          <rml>
            <hidDescriptor>
              <component class="GraphicComponent" version="2" detail="0">
                <object index="0" boneName="Hanging_Charms_01_LOD0" bboxMin="-0.21601,-0.206723,1.40126" bboxMax="0.267194,0.122641,3.51358" />
                <resource fileName="graphics\_SinglePlayer\Props\Ornaments\Hanging_Charms_01.xbg" bboxMin="-0.21601,-0.206723,1.40126" bboxMax="0.267194,0.122641,3.51358" />
                <skeleton_reference_list>
                  <skeleton name="Hanging_Charms_01" index="0" pos="0,0,0" rot="1,-0,-0,-0">
                    <bone name="ROOT" pos="0,0,4.44275" rot="1,0,0,0">
                      <bone name="STATE01__MASTER" pos="0.034169,0,-0.251311" rot="1,0,0,0">
                        <bone name="CHARM_01_DANGLING_01" pos="-0.126115,0.015714,-0.612294" rot="1,0,0,0" />
                        <bone name="CHARM_01_DANGLING_02" pos="-0.000648,-0.098475,-0.620368" rot="1,0,0,0" />
                        <bone name="CHARM_01_DANGLING_03" pos="0.156566,-0.085818,-0.628698" rot="1,0,0,0" />
                      </bone>
                    </bone>
                  </skeleton>
                </skeleton_reference_list>
                <material_reference_list>
                  <material name="Sim_Mosaic_01" shader_name="Simple" ref_shader_id="skovalchuk-M-20130819095708" hd="0" />
                  <material name="Met_TrimDetailsBronze_01" shader_name="Metal" ref_shader_id="arodrigue2-M-20130724141320" hd="0" />
                </material_reference_list>
              </component>
              <component class="InteriorVolumeComponent" version="1" detail="0" />
              <component class="StaticPhysComponent">
                <resource fileName="graphics\_SinglePlayer\Props\Ornaments\Hanging_Charms_01.hkx" />
              </component>
            </hidDescriptor>
          </rml>
        </field>
      </object>
      <object name="CGraphicComponent">
        <field name="hidHasAliasName" type="Boolean">False</field>
        <field name="bCastShadow" type="Boolean">True</field>
        <field name="bReceiveShadow" type="Boolean">True</field>
        <field name="bCastAmbientShadow" type="Boolean">True</field>
        <field name="olgLightGroup" type="Int32">129</field>
        <field name="bShowInReflection" type="Boolean">False</field>
        <field name="bAlwaysShowInReflection" type="Boolean">False</field>
        <field name="bHighLight" type="Boolean">False</field>
        <field name="bLodDitheringEnable" type="Boolean">True</field>
        <field name="matIntuitionMaterialName" type="String"></field>
        <field name="bShowThroughWithFlashing" type="Boolean">False</field>
        <field name="bBackDrop" type="Boolean">False</field>
        <field name="bDisableMip0ResourceLoading" type="BinHex">00</field>
        <field hash="F41DCC4F" type="BinHex">0000000000000000</field>
        <field name="bAllowCullBySize" type="Boolean">True</field>
        <field name="bMotionBlurExclusion" type="Boolean">False</field>
        <field name="text_currentSkin" type="String"></field>
        <field name="currentSkin" type="Hash32">FFFFFFFF</field>
        <field name="bUseCurrentSkin" type="Boolean">False</field>
        <object name="MaterialLightSwitch">
          <field name="hidSharedDataHandlerHash" type="Hash64">1E574459D58D7F2B</field>
          <object name="MaterialSlots">
            <object name="Material">
              <field name="text_disSlotPathId" type="String">graphics\_materials\arodrigue2-m-20130724141320.material.bin</field>
              <field name="disSlotPathId" type="Hash64">00744AE18D827834</field>
              <field name="text_matMaterial" type="String"></field>
              <field name="matMaterial" type="Hash64">FFFFFFFFFFFFFFFF</field>
              <field name="disHD" type="BinHex">00</field>
            </object>
            <object name="Material">
              <field name="text_disSlotPathId" type="String">graphics\_materials\skovalchuk-m-20130819095708.material.bin</field>
              <field name="disSlotPathId" type="Hash64">6994398777CD1DD4</field>
              <field name="text_matMaterial" type="String"></field>
              <field name="matMaterial" type="Hash64">FFFFFFFFFFFFFFFF</field>
              <field name="disHD" type="BinHex">00</field>
            </object>
          </object>
        </object>
        <object name="MaterialOverrides">
          <field name="hidSharedDataHandlerHash" type="Hash64">6EE29B2D887A1BB0</field>
          <object name="MaterialSlots">
            <object name="Material">
              <field name="text_disSlotPathId" type="String">graphics\_materials\arodrigue2-m-20130724141320.material.bin</field>
              <field name="disSlotPathId" type="Hash64">00744AE18D827834</field>
              <field name="text_matMaterial" type="String">graphics\_materials\ihenley-m-20140911103850.material.bin</field>
              <field name="matMaterial" type="Hash64">8761925E9269B2C1</field>
              <field name="disHD" type="BinHex">00</field>
            </object>
            <object name="Material">
              <field name="text_disSlotPathId" type="String">graphics\_materials\skovalchuk-m-20130819095708.material.bin</field>
              <field name="disSlotPathId" type="Hash64">6994398777CD1DD4</field>
              <field name="text_matMaterial" type="String"></field>
              <field name="matMaterial" type="Hash64">FFFFFFFFFFFFFFFF</field>
              <field name="disHD" type="BinHex">00</field>
            </object>
          </object>
        </object>
        <object name="SkinList">
          <object name="Skin">
            <field name="text_name" type="String"></field>
            <field name="name" type="Hash32">FFFFFFFF</field>
            <field name="locSkinNameId" type="Int32">-1</field>
            <field name="bIsExcludedFromRandomSkin" type="Boolean">False</field>
            <object name="MaterialOverrides">
              <field name="hidSharedDataHandlerHash" type="Hash64">1A9641302CFD8B37</field>
              <object name="MaterialSlots" />
            </object>
          </object>
        </object>
        <object name="object">
          <field name="hidIndex" type="Int32">0</field>
          <field name="text_fileModel" type="String">graphics\_singleplayer\props\ornaments\hanging_charms_01.xbg</field>
          <field name="fileModel" type="Hash64">AC85C6DFD3AAD0BD</field>
          <field name="hidMeshName" type="String"></field>
          <field name="text_hidNodeName" type="String">Hanging_Charms_01</field>
          <field name="hidNodeName" type="Hash32">A45202FD</field>
          <field name="text_hidNodeNameLOD0" type="String">Hanging_Charms_01_LOD0</field>
          <field name="hidNodeNameLOD0" type="Hash32">DB57E786</field>
          <field name="hidDetailObject" type="Boolean">False</field>
        </object>
        <object name="object">
          <field name="hidIndex" type="Int32">1</field>
          <field name="text_fileModel" type="String"></field>
          <field name="fileModel" type="Hash64">FFFFFFFFFFFFFFFF</field>
          <field name="hidMeshName" type="String"></field>
          <field name="text_hidNodeName" type="String"></field>
          <field name="hidNodeName" type="Hash32">FFFFFFFF</field>
          <field name="text_hidNodeNameLOD0" type="String"></field>
          <field name="hidNodeNameLOD0" type="Hash32">FFFFFFFF</field>
          <field name="hidDetailObject" type="Boolean">False</field>
        </object>
        <object name="hidSharedDescriptors">
          <field name="hidSharedDataHandlerHash" type="Hash64">35C9237D43FFDBD6</field>
        </object>
      </object>
      <object name="CStaticPhysComponent">
        <field name="hidHasAliasName" type="Boolean">False</field>
        <field name="text_hidResourceId" type="String">graphics\_singleplayer\props\ornaments\hanging_charms_01.hkx</field>
        <field name="hidResourceId" type="Hash64">BE19EDDFD3AAD0BD</field>
        <field hash="C784A41F" type="BinHex">01</field>
        <field name="bUseMaxTerrainSlope" type="Boolean">False</field>
        <field name="bIgnoreInExplosions" type="Boolean">False</field>
        <field name="selOverrideSlideAngle" type="BinHex">00000000</field>
        <field name="bAnimateable" type="Boolean">False</field>
        <field hash="AAFA0C31" type="BinHex">00</field>
        <field hash="BF1EB181" type="BinHex">00</field>
        <field name="bIgnoreBreakableEventsForEver" type="BinHex">00</field>
        <field name="bIgnoreBreakableEventsTemporarily" type="BinHex">00</field>
        <field name="bImmuneToDamage" type="BinHex">00</field>
        <field name="bNoCollision" type="BinHex">00</field>
        <field name="bLargeEntity" type="Boolean">False</field>
        <field name="hidResourceIndex" type="Int32">0</field>
        <field name="bEncounterTeleportToGroundOnCreate" type="BinHex">00</field>
        <field name="bNoDecals" type="BinHex">00</field>
        <field name="bPatchNavmesh" type="BinHex">00</field>
        <field name="bAffectNavMesh" type="Boolean">True</field>
        <object name="LogicMaterialOverrides" />
        <object name="hidTheSharedMap">
          <field name="hidSharedDataHandlerHash" type="Hash64">86B8C40898DE0042</field>
        </object>
      </object>
      <object name="CSimpleAnimationComponent">
        <field name="hidHasAliasName" type="Boolean">False</field>
        <field name="text_fileSkeleton" type="String">graphics\_singleplayer\props\ornaments\hanging_charms_01_ref.skeleton</field>
        <field name="fileSkeleton" type="Hash64">48880B8FE9D5155C</field>
        <field name="text_sPackage" type="String"></field>
        <field name="sPackage" type="Hash64">FFFFFFFFFFFFFFFF</field>
        <field name="AutoApplyDisplacement" type="Boolean">False</field>
        <field name="DynamicJointWindMultiplier" type="BinHex">0AD7233C</field>
        <field name="sPartName" type="String"></field>
        <field name="bEnableEvents" type="Boolean">False</field>
        <field name="bRandomStart" type="Boolean">False</field>
        <field name="text_Animation" type="String">graphics\characters\_common\animations\interaction\dingling\hanging_prop_wind_medium.mab</field>
        <field name="Animation" type="Hash64">DA01DF803602EC0B</field>
        <field name="bStartOnFinalize" type="BinHex">01</field>
        <object name="AnimPackages">
          <object hash="AE81960E">
            <field name="text_sPackage" type="String"></field>
            <field name="sPackage" type="Hash64">FFFFFFFFFFFFFFFF</field>
            <field name="text_hidName" type="String">entityarchetypeslibrary\14186477236278440731.ark.fcb</field>
            <field name="hidName" type="Hash64">7267E8AB8203A254</field>
          </object>
        </object>
        <object name="DynamicJoints">
          <object name="Joint">
            <field name="bHD" type="Boolean">False</field>
            <field name="bUseParentAsConstraint" type="BinHex">00</field>
            <field name="text_JointName" type="String">CHARM_01_DANGLING_01</field>
            <field name="JointName" type="Hash32">594F838F</field>
            <field name="ZRotation" type="BinHex">00000000</field>
            <field name="YRotation" type="BinHex">0000B442</field>
            <field name="AngleOfRestraint" type="Float32">90</field>
            <field name="InverseMass" type="Float32">0.8</field>
            <field name="Damping" type="Float32">1</field>
            <field name="Stiffness" type="Float32">-1</field>
            <field name="GravityMultiplier" type="Float32">0.0183</field>
            <field name="selPlaneConstraintAxis" type="BinHex">FFFFFFFF</field>
            <field name="selAlignedAxis" type="BinHex">05000000</field>
          </object>
          <object name="Joint">
            <field name="bHD" type="Boolean">False</field>
            <field name="bUseParentAsConstraint" type="BinHex">00</field>
            <field name="text_JointName" type="String">CHARM_01_DANGLING_02</field>
            <field name="JointName" type="Hash32">C046D235</field>
            <field name="ZRotation" type="BinHex">00000000</field>
            <field name="YRotation" type="BinHex">0000B442</field>
            <field name="AngleOfRestraint" type="Float32">90</field>
            <field name="InverseMass" type="Float32">0.4</field>
            <field name="Damping" type="Float32">3</field>
            <field name="Stiffness" type="Float32">-1</field>
            <field name="GravityMultiplier" type="Float32">0.0189</field>
            <field name="selPlaneConstraintAxis" type="BinHex">FFFFFFFF</field>
            <field name="selAlignedAxis" type="BinHex">05000000</field>
          </object>
          <object name="Joint">
            <field name="bHD" type="Boolean">False</field>
            <field name="bUseParentAsConstraint" type="BinHex">00</field>
            <field name="text_JointName" type="String">CHARM_01_DANGLING_03</field>
            <field name="JointName" type="Hash32">B741E2A3</field>
            <field name="ZRotation" type="BinHex">00000000</field>
            <field name="YRotation" type="BinHex">0000B442</field>
            <field name="AngleOfRestraint" type="Float32">90</field>
            <field name="InverseMass" type="Float32">0.6</field>
            <field name="Damping" type="Float32">2</field>
            <field name="Stiffness" type="Float32">-1</field>
            <field name="GravityMultiplier" type="Float32">0.0186</field>
            <field name="selPlaneConstraintAxis" type="BinHex">FFFFFFFF</field>
            <field name="selAlignedAxis" type="BinHex">05000000</field>
          </object>
          <object name="Joint">
            <field name="bHD" type="Boolean">True</field>
            <field name="bUseParentAsConstraint" type="BinHex">00</field>
            <field name="text_JointName" type="String"></field>
            <field name="JointName" type="Hash32">FFFFFFFF</field>
            <field name="ZRotation" type="BinHex">00000000</field>
            <field name="YRotation" type="BinHex">00000000</field>
            <field name="AngleOfRestraint" type="Float32">90</field>
            <field name="InverseMass" type="Float32">0.4</field>
            <field name="Damping" type="Float32">0.95</field>
            <field name="Stiffness" type="Float32">-1</field>
            <field name="GravityMultiplier" type="Float32">1</field>
            <field name="selPlaneConstraintAxis" type="BinHex">FFFFFFFF</field>
            <field name="selAlignedAxis" type="BinHex">05000000</field>
          </object>
        </object>
        <object name="EventFilterMask">
          <field name="bSinglePlayer" type="Boolean">True</field>
          <field name="bPvP" type="Boolean">True</field>
          <field name="bCoop" type="Boolean">True</field>
          <field name="bShangriLa" type="Boolean">False</field>
          <field name="bArena" type="Boolean">False</field>
          <field name="bChannel0" type="Boolean">False</field>
          <field name="bChannel1" type="BinHex">00</field>
          <field name="bChannel2" type="BinHex">00</field>
        </object>
      </object>
      <object name="CMinimapComponent">
        <field name="hidHasAliasName" type="Boolean">False</field>
        <field name="minimapobjectinfoObjectInfo" type="BinHex">FFFFFFFF00000000</field>
      </object>
      <object name="CSoundComponent">
        <field name="hidHasAliasName" type="Boolean">False</field>
        <field name="hidInjected" type="Boolean">True</field>
        <field name="sndptSoundPoint" type="Hash64">0000000000234930</field>
        <field name="bStopSoundOnStateChange" type="Boolean">False</field>
        <field name="bAlwaysUpdate" type="Boolean">False</field>
      </object>
    </object>
  </object>
  <object name="ResPack">
    <field name="Count" type="BinHex">07000000</field>
    <object name="ResList">
      <field name="TypeId" type="Hash32">3AE88EFD</field>
      <field name="ResIds" type="BinHex">01000000BDD0AAD3DFED19BE</field>
    </object>
    <object name="ResList">
      <field name="TypeId" type="Hash32">4CDDA42C</field>
      <field name="ResIds" type="BinHex">010000005C15D5E98F0B8848</field>
    </object>
    <object name="ResList">
      <field name="TypeId" type="Hash32">63F450D8</field>
      <field name="ResIds" type="BinHex">02000000D21621CC9C59D388D21641CF9C59D388</field>
    </object>
    <object name="ResList">
      <field name="TypeId" type="Hash32">86E8E8BE</field>
      <field name="ResIds" type="BinHex">01000000BDD0AAD3DFC685AC</field>
    </object>
    <object name="ResList">
      <field name="TypeId" type="Hash32">B0604725</field>
      <field name="ResIds" type="BinHex">010000000BEC023680DF01DA</field>
    </object>
    <object name="ResList">
      <field name="TypeId" type="Hash32">BC825377</field>
      <field name="ResIds" type="BinHex">01000000C1B269925E926187</field>
    </object>
  </object>
</object>