﻿<?xml version="1.0" encoding="utf-8"?>
<object name="EntityPrototype" def="ark">
  <field name="disLibItemId" type="Id64">14348606822863778595</field>
  <field name="text_hidArchetypeResId" type="String">entityarchetypeslibrary\14348606822863778595.ark.fcb</field>
  <field name="hidArchetypeResId" type="Hash64">9F4DA81FB571175E</field>
  <field name="Name" type="String">prefabs/FCC_OW_Prefabs/GenericHamlets/VillageShop/Crate_WoodenOpen_26</field>
  <field name="ArchetypeName" type="String">ige_archetypes:prefabs/fcc_ow_prefabs/generichamlets/villageshop/crate_woodenopen_26</field>
  <object name="Entity">
    <field name="hidName" type="String">ige_archetypes:prefabs/FCC_OW_Prefabs/GenericHamlets/VillageShop/Crate_WoodenOpen_26</field>
    <field name="text_hidEntityClass" type="String">CEntity</field>
    <field name="hidEntityClass" type="Hash32">50C95067</field>
    <field name="hidResourceCount" type="Int32">3</field>
    <field name="hidConstEntity" type="Boolean">False</field>
    <field name="text_hidArchetypeResId" type="String">entityarchetypeslibrary\14348606822863778595.ark.fcb</field>
    <field name="hidArchetypeResId" type="Hash64">9F4DA81FB571175E</field>
    <object name="Components">
      <object name="CFileDescriptorComponent">
        <field name="hidHasAliasName" type="Boolean">False</field>
        <field name="text_fileName" type="String">graphics\_singleplayer\props\containers\crate_woodenopen.xml</field>
        <field name="fileName" type="Hash64">F082EAB2336988F6</field>
        <field name="hidDescriptor" type="Rml">
          <rml>
            <hidDescriptor>
              <component class="GraphicComponent" version="2" detail="0">
                <object index="0" boneName="Crate_WoodenOpen_LOD0" bboxMin="-0.273916,-0.2886,0" bboxMax="0.273917,0.283116,0.439124" />
                <resource fileName="graphics\_SinglePlayer\Props\Containers\Crate_WoodenOpen.xbg" bboxMin="-0.273916,-0.2886,-0.000568807" bboxMax="0.273917,0.283116,0.439124" />
                <skeleton_reference_list>
                  <skeleton name="Crate_WoodenOpen" index="0" pos="0,0,0" rot="1,-0,-0,-0" />
                </skeleton_reference_list>
                <material_reference_list>
                  <material name="Sim_Mosaic_01" shader_name="Simple" ref_shader_id="skovalchuk-M-20130819095708" />
                  <material name="Sim_WoodCracked_01" shader_name="Simple" ref_shader_id="Sbeaulieu-M-20130430131709" />
                </material_reference_list>
              </component>
              <component class="InteriorVolumeComponent" version="1" detail="0" />
              <component class="StaticPhysComponent">
                <resource fileName="graphics\_SinglePlayer\Props\Containers\Crate_WoodenOpen.hkx" />
              </component>
            </hidDescriptor>
          </rml>
        </field>
      </object>
      <object name="CObjectIgnitorCreatorComponent">
        <field name="hidHasAliasName" type="Boolean">False</field>
      </object>
      <object name="CGraphicComponent">
        <field name="hidHasAliasName" type="Boolean">True</field>
        <field name="hidComponentClassName" type="String">CStaticGraphicComponent</field>
        <field name="bCastShadow" type="Boolean">True</field>
        <field name="bReceiveShadow" type="Boolean">True</field>
        <field name="bCastAmbientShadow" type="Boolean">True</field>
        <field name="olgLightGroup" type="Int32">129</field>
        <field name="bShowInReflection" type="Boolean">False</field>
        <field name="bAlwaysShowInReflection" type="Boolean">False</field>
        <field name="bHighLight" type="Boolean">False</field>
        <field name="bLodDitheringEnable" type="Boolean">True</field>
        <field name="matIntuitionMaterialName" type="String"></field>
        <field name="bShowThroughWithFlashing" type="Boolean">False</field>
        <field name="bBackDrop" type="Boolean">False</field>
        <field name="bDisableMip0ResourceLoading" type="BinHex">00</field>
        <field hash="F41DCC4F" type="BinHex">0000000000000000</field>
        <field name="hidIndex" type="Int32">0</field>
        <field name="text_fileModel" type="String">graphics\_singleplayer\props\containers\crate_woodenopen.xbg</field>
        <field name="fileModel" type="Hash64">FFDB7AB2336988F6</field>
        <field name="hidMeshName" type="String"></field>
        <field name="hidScale" type="Vector3">1,1,1</field>
        <object name="MaterialLightSwitch">
          <field name="hidSharedDataHandlerHash" type="Hash64">88EA89170A68732A</field>
          <object name="MaterialSlots">
            <object name="Material">
              <field name="text_disSlotPathId" type="String">graphics\_materials\sbeaulieu-m-20130430131709.material.bin</field>
              <field name="disSlotPathId" type="Hash64">58817E08ECCE7314</field>
              <field name="text_matMaterial" type="String"></field>
              <field name="matMaterial" type="Hash64">FFFFFFFFFFFFFFFF</field>
              <field name="disHD" type="BinHex">00</field>
            </object>
            <object name="Material">
              <field name="text_disSlotPathId" type="String">graphics\_materials\skovalchuk-m-20130819095708.material.bin</field>
              <field name="disSlotPathId" type="Hash64">6994398777CD1DD4</field>
              <field name="text_matMaterial" type="String"></field>
              <field name="matMaterial" type="Hash64">FFFFFFFFFFFFFFFF</field>
              <field name="disHD" type="BinHex">00</field>
            </object>
          </object>
        </object>
        <object name="MaterialOverrides">
          <field name="hidSharedDataHandlerHash" type="Hash64">AD5A43DD3CA08D93</field>
          <object name="MaterialSlots">
            <object name="Material">
              <field name="text_disSlotPathId" type="String">graphics\_materials\sbeaulieu-m-20130430131709.material.bin</field>
              <field name="disSlotPathId" type="Hash64">58817E08ECCE7314</field>
              <field name="text_matMaterial" type="String"></field>
              <field name="matMaterial" type="Hash64">FFFFFFFFFFFFFFFF</field>
              <field name="disHD" type="BinHex">00</field>
            </object>
            <object name="Material">
              <field name="text_disSlotPathId" type="String">graphics\_materials\skovalchuk-m-20130819095708.material.bin</field>
              <field name="disSlotPathId" type="Hash64">6994398777CD1DD4</field>
              <field name="text_matMaterial" type="String"></field>
              <field name="matMaterial" type="Hash64">FFFFFFFFFFFFFFFF</field>
              <field name="disHD" type="BinHex">00</field>
            </object>
          </object>
        </object>
        <object name="hidModelLODs" />
        <object name="hidModelDistancesLODs" />
      </object>
      <object name="CStaticPhysComponent">
        <field name="hidHasAliasName" type="Boolean">False</field>
        <field name="text_hidResourceId" type="String">graphics\_singleplayer\props\containers\crate_woodenopen.hkx</field>
        <field name="hidResourceId" type="Hash64">ED4751B2336988F6</field>
        <field hash="C784A41F" type="BinHex">01</field>
        <field name="bUseMaxTerrainSlope" type="Boolean">False</field>
        <field name="bIgnoreInExplosions" type="Boolean">False</field>
        <field name="selOverrideSlideAngle" type="BinHex">00000000</field>
        <field name="bAnimateable" type="Boolean">False</field>
        <field hash="AAFA0C31" type="BinHex">01</field>
        <field hash="BF1EB181" type="BinHex">00</field>
        <field name="bIgnoreBreakableEventsForEver" type="BinHex">00</field>
        <field name="bIgnoreBreakableEventsTemporarily" type="BinHex">00</field>
        <field name="bImmuneToDamage" type="BinHex">00</field>
        <field name="bNoCollision" type="BinHex">00</field>
        <field name="bLargeEntity" type="Boolean">False</field>
        <field name="hidResourceIndex" type="Int32">0</field>
        <field name="bEncounterTeleportToGroundOnCreate" type="BinHex">00</field>
        <field name="bNoDecals" type="BinHex">00</field>
        <field name="bPatchNavmesh" type="BinHex">00</field>
        <field name="bAffectNavMesh" type="Boolean">True</field>
        <object name="LogicMaterialOverrides">
          <object name="LogicMaterial">
            <field name="logmatLogicMaterial" type="Int32">16</field>
            <field name="text_disSlotName" type="String">CCOL003</field>
            <field name="disSlotName" type="Hash32">2EDF5230</field>
          </object>
          <object name="LogicMaterial">
            <field name="logmatLogicMaterial" type="Int32">16</field>
            <field name="text_disSlotName" type="String">CCOL002</field>
            <field name="disSlotName" type="Hash32">59D862A6</field>
          </object>
          <object name="LogicMaterial">
            <field name="logmatLogicMaterial" type="Int32">16</field>
            <field name="text_disSlotName" type="String">SCOL001</field>
            <field name="disSlotName" type="Hash32">A70FAFD2</field>
          </object>
          <object name="LogicMaterial">
            <field name="logmatLogicMaterial" type="Int32">16</field>
            <field name="text_disSlotName" type="String">CCOL004</field>
            <field name="disSlotName" type="Hash32">B0BBC793</field>
          </object>
          <object name="LogicMaterial">
            <field name="logmatLogicMaterial" type="Int32">16</field>
            <field name="text_disSlotName" type="String">CCOL001</field>
            <field name="disSlotName" type="Hash32">C0D1331C</field>
          </object>
          <object name="LogicMaterial">
            <field name="logmatLogicMaterial" type="Int32">16</field>
            <field name="text_disSlotName" type="String">CCOL005</field>
            <field name="disSlotName" type="Hash32">C7BCF705</field>
          </object>
        </object>
        <object name="hidTheSharedMap">
          <field name="hidSharedDataHandlerHash" type="Hash64">4C08B2B04DE702D8</field>
        </object>
      </object>
      <object name="CCoverComponent">
        <field name="hidHasAliasName" type="Boolean">False</field>
        <object name="Covers">
          <object name="Cover">
            <field name="bUseMetadataOnEmptyInstance" type="BinHex">01</field>
            <field name="bIsFPCover" type="BinHex">01</field>
            <field name="hidTransform" type="BinHex">0000803F000000000000000000000000000000000000803F000000000000000000000000000000000000803F000000000000000000000000000000000000803F</field>
            <field name="selCoverObjectType" type="BinHex">00000000</field>
            <object name="hidCoverInformation">
              <object name="hidState">
                <object name="hidCover">
                  <field name="State" type="BinHex">FFFFFFFF</field>
                  <object name="CoverPoints" />
                  <object name="CoverLinks" />
                  <object name="CoverAnchors" />
                </object>
              </object>
            </object>
          </object>
        </object>
      </object>
      <object hash="0C5A5F7D">
        <field name="hidHasAliasName" type="Boolean">False</field>
        <object hash="D89DA0E2">
          <field name="sndvarMIMUHBRes" type="BinHex">01000000</field>
          <field hash="EB9B8FFE" type="BinHex">00000000</field>
          <field name="MaterialId" type="BinHex">00000000</field>
          <field name="RulesBus" type="BinHex">00000000</field>
        </object>
      </object>
      <object name="CInteriorVolumeComponent">
        <field name="hidHasAliasName" type="Boolean">False</field>
        <field name="text_fileModel" type="String"></field>
        <field name="fileModel" type="Hash64">FFFFFFFFFFFFFFFF</field>
        <field name="intambientInteriorAmbient" type="Id64">4294967295</field>
        <field name="bEnabled" type="Boolean">True</field>
        <field name="Priority" type="UInt32">0</field>
      </object>
      <object name="CMinimapComponent">
        <field name="hidHasAliasName" type="Boolean">False</field>
        <field name="minimapobjectinfoObjectInfo" type="BinHex">FFFFFFFF00000000</field>
      </object>
      <object name="CIgnitorComponent">
        <field name="hidHasAliasName" type="Boolean">False</field>
        <field name="hidInjected" type="Boolean">True</field>
        <field name="fireobjObjectProfile_SP" type="Id64">1477429083</field>
        <field name="fireobjObjectProfile_MP" type="Id64">4294967295</field>
        <field name="bIgniteAutoFire" type="BinHex">00</field>
        <field name="bIgniteNoPropagate" type="BinHex">00</field>
        <field name="bUseLargeParticlePool" type="BinHex">00</field>
        <object name="IgnitorStims">
          <field name="bIgniteOnBurn" type="BinHex">01</field>
          <field name="bIgniteOnPierce" type="BinHex">00</field>
          <field name="bIgniteOnCrush" type="BinHex">00</field>
          <field name="bIgniteOnExplosion" type="BinHex">00</field>
          <field name="bIgniteOnMolotovExplosion" type="BinHex">00</field>
          <field name="bIgniteOnPoison" type="BinHex">00</field>
          <field name="bIgniteOnUse" type="BinHex">00</field>
        </object>
      </object>
      <object name="CObjectSoundAndFXComponent">
        <field name="hidHasAliasName" type="Boolean">False</field>
        <field name="hidInjected" type="Boolean">True</field>
        <object name="Impact">
          <field name="matimpDropImpact" type="BinHex">78CF0EF800000000</field>
          <field name="fSpeedForMaxDropImpactVolume" type="Float32">0</field>
          <field name="fMinimalCollisionSpeed" type="Float32">3</field>
          <field name="bIsSingleDropImpactObject" type="Boolean">False</field>
          <object name="MovementSound">
            <field name="sndRollingSound" type="String">0xFFFFFFFF</field>
            <field name="sndRollingSoundEnd" type="String">0xFFFFFFFF</field>
            <field name="sndtpRollingSoundType" type="Int32">-1</field>
            <field name="sndSlidingSound" type="String">0xFFFFFFFF</field>
            <field name="sndSlidingSoundEnd" type="String">0xFFFFFFFF</field>
            <field name="sndtpSlidingSoundType" type="Int32">-1</field>
            <field name="sndmlObjectMovementMultilayer" type="BinHex">FFFFFFFF</field>
          </object>
        </object>
        <object name="Falling">
          <field name="bAllowAfterCollision" type="Boolean">False</field>
          <field name="sndFallingSound" type="String">0xFFFFFFFF</field>
          <field name="sndtpFallingType" type="Int32">-1</field>
          <field name="fSpeedToPlayFallingSound" type="Float32">0</field>
          <field name="FallingSoundTimeTrigger" type="BinHex">00000000</field>
        </object>
        <object name="Water">
          <field name="fZMinSpeedToTriggerSplash" type="Float32">1</field>
          <field name="fZMaxSpeedToTriggerSplash" type="Float32">5</field>
          <field name="fZMinSplashScale" type="Float32">1</field>
          <field name="fZMaxSplashScale" type="Float32">1.2</field>
          <field name="fZSpeedForMaxSplashVolume" type="Float32">0</field>
        </object>
        <object name="WaterWave">
          <field name="zSpeedToTriggerWaterWave" type="Float32">1</field>
          <field name="zMaxSpeedToTriggerWaterWave" type="Float32">5</field>
          <field name="minWaterWavePressure" type="Float32">0.2</field>
          <field name="maxWaterWavePressure" type="Float32">1</field>
          <field name="minWaterWaveSpeed" type="Float32">1</field>
          <field name="maxWaterWaveSpeed" type="Float32">1.5</field>
          <field name="minWaterWaveWaveLength" type="Float32">0.2</field>
          <field name="maxWaterWaveWaveLength" type="Float32">0.4</field>
          <field name="minWaterWaveDuration" type="Float32">0.5</field>
          <field name="maxWaterWaveDuration" type="Float32">1.5</field>
          <field name="minWaterWaveStartTime" type="Float32">0</field>
          <field name="maxWaterWaveStartTime" type="Float32">0.2</field>
          <field name="minWaterWaveTimeExponent" type="Float32">1</field>
          <field name="maxWaterWaveTimeExponent" type="Float32">1</field>
        </object>
      </object>
      <object name="CSoundComponent">
        <field name="hidHasAliasName" type="Boolean">False</field>
        <field name="hidInjected" type="Boolean">True</field>
        <field name="sndptSoundPoint" type="Hash64">00000000FFFFFFFF</field>
        <field name="bStopSoundOnStateChange" type="Boolean">False</field>
        <field name="bAlwaysUpdate" type="Boolean">False</field>
      </object>
    </object>
  </object>
  <object name="ResPack">
    <field name="Count" type="BinHex">03000000</field>
    <object name="ResList">
      <field name="TypeId" type="Hash32">3AE88EFD</field>
      <field name="ResIds" type="BinHex">01000000F6886933B25147ED</field>
    </object>
    <object name="ResList">
      <field name="TypeId" type="Hash32">63F450D8</field>
      <field name="ResIds" type="BinHex">0100000044D8F7BE9C1C583E</field>
    </object>
    <object name="ResList">
      <field name="TypeId" type="Hash32">86E8E8BE</field>
      <field name="ResIds" type="BinHex">01000000F6886933B27ADBFF</field>
    </object>
  </object>
</object>