﻿<?xml version="1.0" encoding="utf-8"?>
<object name="EntityPrototype" def="ark">
  <field name="disLibItemId" type="Id64">144253631018284467</field>
  <field name="text_hidArchetypeResId" type="String">entityarchetypeslibrary\144253631018284467.ark.fcb</field>
  <field name="hidArchetypeResId" type="Hash64">6F601C73F2BE6ABA</field>
  <field name="Name" type="String">groups/groups/Dolpo_MediumTemple/Dolpo_MediumTemple_A_01_AddOn_01_0</field>
  <field name="ArchetypeName" type="String">ige_archetypes:groups/groups/dolpo_mediumtemple/dolpo_mediumtemple_a_01_addon_01_0</field>
  <object name="Entity">
    <field name="hidName" type="String">ige_archetypes:groups/groups/Dolpo_MediumTemple/Dolpo_MediumTemple_A_01_AddOn_01_0</field>
    <field name="text_hidEntityClass" type="String">CEntity</field>
    <field name="hidEntityClass" type="Hash32">50C95067</field>
    <field name="hidResourceCount" type="Int32">2</field>
    <field name="hidConstEntity" type="Boolean">False</field>
    <field name="text_hidArchetypeResId" type="String">entityarchetypeslibrary\144253631018284467.ark.fcb</field>
    <field name="hidArchetypeResId" type="Hash64">6F601C73F2BE6ABA</field>
    <object name="Components">
      <object name="CFileDescriptorComponent">
        <field name="hidHasAliasName" type="Boolean">False</field>
        <field name="text_fileName" type="String">graphics\_singleplayer\buildings\dolpo\dolpo_mediumtemple_a_01_addon_01.xml</field>
        <field name="fileName" type="Hash64">990339A47EAA16FD</field>
        <field name="hidDescriptor" type="Rml">
          <rml>
            <hidDescriptor>
              <component class="GraphicComponent" version="2" detail="0">
                <object index="0" boneName="Dolpo_MediumTemple_A_01_AddOn_01_LOD0" bboxMin="-2.84267,-2.7906,4.82537" bboxMax="2.81248,2.76057,9.52805" />
                <resource fileName="graphics\_SinglePlayer\Buildings\Dolpo\Dolpo_MediumTemple_A_01_AddOn_01.xbg" bboxMin="-2.84267,-2.7906,4.82537" bboxMax="2.81248,2.76057,9.52836" />
                <skeleton_reference_list>
                  <skeleton name="Dolpo_MediumTemple_A_01_AddOn_01" index="0" pos="0,0,0" rot="1,-0,-0,-0" />
                </skeleton_reference_list>
                <material_reference_list>
                  <material name="FcG_PaintTrim_01" shader_name="Generic_FC3" ref_shader_id="skovalchuk-M-20130514143216" hd="0" />
                  <material name="FcG_WoodPainted_Dark" shader_name="Generic_FC3" ref_shader_id="sdesjardins-M-20130514133833" hd="0" />
                  <material name="Sim_PaintDecoration_01" shader_name="Decal" ref_shader_id="nfortin-M-20130529152728" hd="0" />
                  <material name="FcG_WoodPainted_Burgandy" shader_name="Generic_FC3" ref_shader_id="ipapismado-M-20130620144833" hd="0" />
                  <material name="FcG_EarthDry_01" shader_name="Generic_FC3" ref_shader_id="skovalchuk-M-20130521105145" hd="0" />
                  <material name="FcG_MessyBrick_02" shader_name="Generic_FC3" ref_shader_id="yallaire-M-20130508110743" hd="0" />
                  <material name="Sim_MessyBrick_02" shader_name="Simple" ref_shader_id="skovalchuk-M-20140812144833" hd="0" />
                  <material name="Sim_ConcreteBroken_Dark" shader_name="Simple" ref_shader_id="arodrigue2-M-20130822154352" hd="0" />
                </material_reference_list>
              </component>
              <component class="InteriorVolumeComponent" version="1" detail="0" />
              <component class="StaticPhysComponent">
                <resource fileName="graphics\_SinglePlayer\Buildings\Dolpo\Dolpo_MediumTemple_A_01_AddOn_01.hkx" />
              </component>
            </hidDescriptor>
          </rml>
        </field>
      </object>
      <object name="CObjectIgnitorCreatorComponent">
        <field name="hidHasAliasName" type="Boolean">False</field>
      </object>
      <object name="CGraphicComponent">
        <field name="hidHasAliasName" type="Boolean">True</field>
        <field name="hidComponentClassName" type="String">CStaticGraphicComponent</field>
        <field name="bCastShadow" type="Boolean">True</field>
        <field name="bReceiveShadow" type="Boolean">True</field>
        <field name="bCastAmbientShadow" type="Boolean">True</field>
        <field name="olgLightGroup" type="Int32">129</field>
        <field name="bShowInReflection" type="Boolean">True</field>
        <field name="bAlwaysShowInReflection" type="Boolean">False</field>
        <field name="bHighLight" type="Boolean">False</field>
        <field name="bLodDitheringEnable" type="Boolean">True</field>
        <field name="matIntuitionMaterialName" type="String"></field>
        <field name="bShowThroughWithFlashing" type="Boolean">False</field>
        <field name="bBackDrop" type="Boolean">False</field>
        <field name="bDisableMip0ResourceLoading" type="BinHex">00</field>
        <field hash="F41DCC4F" type="BinHex">0000000000000000</field>
        <field name="hidIndex" type="Int32">0</field>
        <field name="text_fileModel" type="String">graphics\_singleplayer\buildings\dolpo\dolpo_mediumtemple_a_01_addon_01.xbg</field>
        <field name="fileModel" type="Hash64">965AA9A47EAA16FD</field>
        <field name="hidMeshName" type="String"></field>
        <field name="hidScale" type="Vector3">1,1,1</field>
        <object name="MaterialLightSwitch">
          <field name="hidSharedDataHandlerHash" type="Hash64">9E41A93EE17DD851</field>
          <object name="MaterialSlots">
            <object name="Material">
              <field name="text_disSlotPathId" type="String">graphics\_materials\arodrigue2-m-20130822154352.material.bin</field>
              <field name="disSlotPathId" type="Hash64">06C3219556AB2F3F</field>
              <field name="text_matMaterial" type="String"></field>
              <field name="matMaterial" type="Hash64">FFFFFFFFFFFFFFFF</field>
              <field name="disHD" type="BinHex">00</field>
            </object>
            <object name="Material">
              <field name="text_disSlotPathId" type="String">graphics\_materials\skovalchuk-m-20130514143216.material.bin</field>
              <field name="disSlotPathId" type="Hash64">1BF775646AF8C7A5</field>
              <field name="text_matMaterial" type="String"></field>
              <field name="matMaterial" type="Hash64">FFFFFFFFFFFFFFFF</field>
              <field name="disHD" type="BinHex">00</field>
            </object>
            <object name="Material">
              <field name="text_disSlotPathId" type="String">graphics\_materials\ipapismado-m-20130620144833.material.bin</field>
              <field name="disSlotPathId" type="Hash64">3329396C43E405CD</field>
              <field name="text_matMaterial" type="String"></field>
              <field name="matMaterial" type="Hash64">FFFFFFFFFFFFFFFF</field>
              <field name="disHD" type="BinHex">00</field>
            </object>
            <object name="Material">
              <field name="text_disSlotPathId" type="String">graphics\_materials\sdesjardins-m-20130514133833.material.bin</field>
              <field name="disSlotPathId" type="Hash64">7C87E33C138CEFFA</field>
              <field name="text_matMaterial" type="String"></field>
              <field name="matMaterial" type="Hash64">FFFFFFFFFFFFFFFF</field>
              <field name="disHD" type="BinHex">00</field>
            </object>
            <object name="Material">
              <field name="text_disSlotPathId" type="String">graphics\_materials\skovalchuk-m-20130521105145.material.bin</field>
              <field name="disSlotPathId" type="Hash64">A2BB38A2DE269CF7</field>
              <field name="text_matMaterial" type="String"></field>
              <field name="matMaterial" type="Hash64">FFFFFFFFFFFFFFFF</field>
              <field name="disHD" type="BinHex">00</field>
            </object>
            <object name="Material">
              <field name="text_disSlotPathId" type="String">graphics\_materials\yallaire-m-20130508110743.material.bin</field>
              <field name="disSlotPathId" type="Hash64">D153B80FC3A8ECA6</field>
              <field name="text_matMaterial" type="String"></field>
              <field name="matMaterial" type="Hash64">FFFFFFFFFFFFFFFF</field>
              <field name="disHD" type="BinHex">00</field>
            </object>
            <object name="Material">
              <field name="text_disSlotPathId" type="String">graphics\_materials\nfortin-m-20130529152728.material.bin</field>
              <field name="disSlotPathId" type="Hash64">E04C21724DBCC93E</field>
              <field name="text_matMaterial" type="String"></field>
              <field name="matMaterial" type="Hash64">FFFFFFFFFFFFFFFF</field>
              <field name="disHD" type="BinHex">00</field>
            </object>
            <object name="Material">
              <field name="text_disSlotPathId" type="String">graphics\_materials\skovalchuk-m-20140812144833.material.bin</field>
              <field name="disSlotPathId" type="Hash64">F3E02560B1D4F912</field>
              <field name="text_matMaterial" type="String"></field>
              <field name="matMaterial" type="Hash64">FFFFFFFFFFFFFFFF</field>
              <field name="disHD" type="BinHex">00</field>
            </object>
          </object>
        </object>
        <object name="MaterialOverrides">
          <field name="hidSharedDataHandlerHash" type="Hash64">D665B6DF664A27F6</field>
          <object name="MaterialSlots">
            <object name="Material">
              <field name="text_disSlotPathId" type="String">graphics\_materials\arodrigue2-m-20130822154352.material.bin</field>
              <field name="disSlotPathId" type="Hash64">06C3219556AB2F3F</field>
              <field name="text_matMaterial" type="String"></field>
              <field name="matMaterial" type="Hash64">FFFFFFFFFFFFFFFF</field>
              <field name="disHD" type="BinHex">00</field>
            </object>
            <object name="Material">
              <field name="text_disSlotPathId" type="String">graphics\_materials\skovalchuk-m-20130514143216.material.bin</field>
              <field name="disSlotPathId" type="Hash64">1BF775646AF8C7A5</field>
              <field name="text_matMaterial" type="String"></field>
              <field name="matMaterial" type="Hash64">FFFFFFFFFFFFFFFF</field>
              <field name="disHD" type="BinHex">00</field>
            </object>
            <object name="Material">
              <field name="text_disSlotPathId" type="String">graphics\_materials\ipapismado-m-20130620144833.material.bin</field>
              <field name="disSlotPathId" type="Hash64">3329396C43E405CD</field>
              <field name="text_matMaterial" type="String"></field>
              <field name="matMaterial" type="Hash64">FFFFFFFFFFFFFFFF</field>
              <field name="disHD" type="BinHex">00</field>
            </object>
            <object name="Material">
              <field name="text_disSlotPathId" type="String">graphics\_materials\sdesjardins-m-20130514133833.material.bin</field>
              <field name="disSlotPathId" type="Hash64">7C87E33C138CEFFA</field>
              <field name="text_matMaterial" type="String"></field>
              <field name="matMaterial" type="Hash64">FFFFFFFFFFFFFFFF</field>
              <field name="disHD" type="BinHex">00</field>
            </object>
            <object name="Material">
              <field name="text_disSlotPathId" type="String">graphics\_materials\skovalchuk-m-20130521105145.material.bin</field>
              <field name="disSlotPathId" type="Hash64">A2BB38A2DE269CF7</field>
              <field name="text_matMaterial" type="String"></field>
              <field name="matMaterial" type="Hash64">FFFFFFFFFFFFFFFF</field>
              <field name="disHD" type="BinHex">00</field>
            </object>
            <object name="Material">
              <field name="text_disSlotPathId" type="String">graphics\_materials\yallaire-m-20130508110743.material.bin</field>
              <field name="disSlotPathId" type="Hash64">D153B80FC3A8ECA6</field>
              <field name="text_matMaterial" type="String"></field>
              <field name="matMaterial" type="Hash64">FFFFFFFFFFFFFFFF</field>
              <field name="disHD" type="BinHex">00</field>
            </object>
            <object name="Material">
              <field name="text_disSlotPathId" type="String">graphics\_materials\nfortin-m-20130529152728.material.bin</field>
              <field name="disSlotPathId" type="Hash64">E04C21724DBCC93E</field>
              <field name="text_matMaterial" type="String"></field>
              <field name="matMaterial" type="Hash64">FFFFFFFFFFFFFFFF</field>
              <field name="disHD" type="BinHex">00</field>
            </object>
            <object name="Material">
              <field name="text_disSlotPathId" type="String">graphics\_materials\skovalchuk-m-20140812144833.material.bin</field>
              <field name="disSlotPathId" type="Hash64">F3E02560B1D4F912</field>
              <field name="text_matMaterial" type="String"></field>
              <field name="matMaterial" type="Hash64">FFFFFFFFFFFFFFFF</field>
              <field name="disHD" type="BinHex">00</field>
            </object>
          </object>
        </object>
        <object name="hidModelLODs" />
        <object name="hidModelDistancesLODs" />
      </object>
      <object name="CStaticPhysComponent">
        <field name="hidHasAliasName" type="Boolean">False</field>
        <field name="text_hidResourceId" type="String">graphics\_singleplayer\buildings\dolpo\dolpo_mediumtemple_a_01_addon_01.hkx</field>
        <field name="hidResourceId" type="Hash64">84C682A47EAA16FD</field>
        <field hash="C784A41F" type="BinHex">01</field>
        <field name="bUseMaxTerrainSlope" type="Boolean">False</field>
        <field name="bIgnoreInExplosions" type="Boolean">False</field>
        <field name="selOverrideSlideAngle" type="BinHex">00000000</field>
        <field name="bAnimateable" type="Boolean">False</field>
        <field hash="AAFA0C31" type="BinHex">00</field>
        <field hash="BF1EB181" type="BinHex">00</field>
        <field name="bIgnoreBreakableEventsForEver" type="BinHex">00</field>
        <field name="bIgnoreBreakableEventsTemporarily" type="BinHex">00</field>
        <field name="bImmuneToDamage" type="BinHex">00</field>
        <field name="bNoCollision" type="BinHex">00</field>
        <field name="bLargeEntity" type="Boolean">False</field>
        <field name="hidResourceIndex" type="Int32">0</field>
        <field name="bEncounterTeleportToGroundOnCreate" type="BinHex">00</field>
        <field name="bNoDecals" type="BinHex">00</field>
        <field name="bPatchNavmesh" type="BinHex">00</field>
        <field name="bAffectNavMesh" type="Boolean">True</field>
        <object name="LogicMaterialOverrides">
          <object name="LogicMaterial">
            <field name="logmatLogicMaterial" type="Int32">16</field>
            <field name="text_disSlotName" type="String">CCOL007</field>
            <field name="disSlotName" type="Hash32">29B29629</field>
          </object>
          <object name="LogicMaterial">
            <field name="logmatLogicMaterial" type="Int32">2</field>
            <field name="text_disSlotName" type="String">CCOL003</field>
            <field name="disSlotName" type="Hash32">2EDF5230</field>
          </object>
          <object name="LogicMaterial">
            <field name="logmatLogicMaterial" type="Int32">2</field>
            <field name="text_disSlotName" type="String">SCOL002</field>
            <field name="disSlotName" type="Hash32">3E06FE68</field>
          </object>
          <object name="LogicMaterial">
            <field name="logmatLogicMaterial" type="Int32">16</field>
            <field name="text_disSlotName" type="String">SCOL003</field>
            <field name="disSlotName" type="Hash32">4901CEFE</field>
          </object>
          <object name="LogicMaterial">
            <field name="logmatLogicMaterial" type="Int32">2</field>
            <field name="text_disSlotName" type="String">CCOL002</field>
            <field name="disSlotName" type="Hash32">59D862A6</field>
          </object>
          <object name="LogicMaterial">
            <field name="logmatLogicMaterial" type="Int32">2</field>
            <field name="text_disSlotName" type="String">CCOL006</field>
            <field name="disSlotName" type="Hash32">5EB5A6BF</field>
          </object>
          <object name="LogicMaterial">
            <field name="logmatLogicMaterial" type="Int32">2</field>
            <field name="text_disSlotName" type="String">SCOL001</field>
            <field name="disSlotName" type="Hash32">A70FAFD2</field>
          </object>
          <object name="LogicMaterial">
            <field name="logmatLogicMaterial" type="Int32">16</field>
            <field name="text_disSlotName" type="String">CCOL010</field>
            <field name="disSlotName" type="Hash32">AECD32CB</field>
          </object>
          <object name="LogicMaterial">
            <field name="logmatLogicMaterial" type="Int32">2</field>
            <field name="text_disSlotName" type="String">CCOL004</field>
            <field name="disSlotName" type="Hash32">B0BBC793</field>
          </object>
          <object name="LogicMaterial">
            <field name="logmatLogicMaterial" type="Int32">16</field>
            <field name="text_disSlotName" type="String">CCOL008</field>
            <field name="disSlotName" type="Hash32">B90D8BB8</field>
          </object>
          <object name="LogicMaterial">
            <field name="logmatLogicMaterial" type="Int32">2</field>
            <field name="text_disSlotName" type="String">CCOL001</field>
            <field name="disSlotName" type="Hash32">C0D1331C</field>
          </object>
          <object name="LogicMaterial">
            <field name="logmatLogicMaterial" type="Int32">2</field>
            <field name="text_disSlotName" type="String">CCOL005</field>
            <field name="disSlotName" type="Hash32">C7BCF705</field>
          </object>
          <object name="LogicMaterial">
            <field name="logmatLogicMaterial" type="Int32">16</field>
            <field name="text_disSlotName" type="String">CCOL009</field>
            <field name="disSlotName" type="Hash32">CE0ABB2E</field>
          </object>
        </object>
        <object name="hidTheSharedMap">
          <field name="hidSharedDataHandlerHash" type="Hash64">2A0AD8C51AE508F1</field>
        </object>
      </object>
      <object name="CCoverComponent">
        <field name="hidHasAliasName" type="Boolean">False</field>
        <object name="Covers">
          <object name="Cover">
            <field name="bUseMetadataOnEmptyInstance" type="BinHex">01</field>
            <field name="bIsFPCover" type="BinHex">01</field>
            <field name="hidTransform" type="BinHex">0000803F000000000000000000000000000000000000803F000000000000000000000000000000000000803F00000000AE478BC32D42E9C3000000000000803F</field>
            <field name="selCoverObjectType" type="BinHex">00000000</field>
            <object name="hidCoverInformation">
              <object name="hidState">
                <object name="hidCover">
                  <field name="State" type="BinHex">FFFFFFFF</field>
                  <object name="CoverPoints" />
                  <object name="CoverLinks" />
                  <object name="CoverAnchors" />
                </object>
              </object>
            </object>
          </object>
        </object>
      </object>
      <object hash="0C5A5F7D">
        <field name="hidHasAliasName" type="Boolean">False</field>
        <object hash="D89DA0E2">
          <field name="sndvarMIMUHBRes" type="BinHex">01000000</field>
          <field hash="EB9B8FFE" type="BinHex">00000000</field>
          <field name="MaterialId" type="BinHex">00000000</field>
          <field name="RulesBus" type="BinHex">00000000</field>
        </object>
      </object>
      <object name="CInteriorVolumeComponent">
        <field name="hidHasAliasName" type="Boolean">False</field>
        <field name="text_fileModel" type="String"></field>
        <field name="fileModel" type="Hash64">FFFFFFFFFFFFFFFF</field>
        <field name="intambientInteriorAmbient" type="Id64">4294967295</field>
        <field name="bEnabled" type="Boolean">True</field>
        <field name="Priority" type="UInt32">0</field>
      </object>
      <object name="CMinimapComponent">
        <field name="hidHasAliasName" type="Boolean">False</field>
        <field name="minimapobjectinfoObjectInfo" type="BinHex">FFFFFFFF00000000</field>
      </object>
      <object name="CClimbableComponent">
        <field name="hidHasAliasName" type="Boolean">False</field>
        <field name="hidInjected" type="Boolean">True</field>
        <field name="bCanClimbFromWater" type="BinHex">01</field>
        <field name="bCanClimbFromLand" type="BinHex">01</field>
        <object name="Lines">
          <object name="Lines">
            <field name="disVectorLineStart" type="Vector3">0,0,0</field>
            <field name="disVectorLineEnd" type="Vector3">0,0,0</field>
            <field name="disVectorAnchor" type="Vector3">0,0,0</field>
          </object>
        </object>
      </object>
      <object name="CNavLinkComponent">
        <field name="hidHasAliasName" type="Boolean">False</field>
        <field name="hidInjected" type="Boolean">True</field>
        <field name="bValid" type="BinHex">01</field>
        <field name="bActivated" type="BinHex">01</field>
        <field name="bCanUseFirstEntry" type="BinHex">01</field>
        <field name="bCanUseSecondEntry" type="BinHex">01</field>
        <field name="selNavMeshLayer" type="BinHex">00000000</field>
      </object>
    </object>
  </object>
  <object name="ResPack">
    <field name="Count" type="BinHex">02000000</field>
    <object name="ResList">
      <field name="TypeId" type="Hash32">3AE88EFD</field>
      <field name="ResIds" type="BinHex">01000000FD16AA7EA482C684</field>
    </object>
    <object name="ResList">
      <field name="TypeId" type="Hash32">86E8E8BE</field>
      <field name="ResIds" type="BinHex">01000000FD16AA7EA4A95A96</field>
    </object>
  </object>
</object>