﻿<?xml version="1.0" encoding="utf-8"?>
<object name="EntityPrototype" def="ark">
  <field name="disLibItemId" type="Id64">14789959586346087243</field>
  <field name="text_hidArchetypeResId" type="String">entityarchetypeslibrary\14789959586346087243.ark.fcb</field>
  <field name="hidArchetypeResId" type="Hash64">41592B294C69A567</field>
  <field name="Name" type="String">prefabs/FCC_OW_Prefabs/GenericHamlets/DrugUserHouse/Dzong_StoneStepsSmall_01_1</field>
  <field name="ArchetypeName" type="String">ige_archetypes:prefabs/fcc_ow_prefabs/generichamlets/druguserhouse/dzong_stonestepssmall_01_1</field>
  <object name="Entity">
    <field name="hidName" type="String">ige_archetypes:prefabs/FCC_OW_Prefabs/GenericHamlets/DrugUserHouse/Dzong_StoneStepsSmall_01_1</field>
    <field name="text_hidEntityClass" type="String">CEntity</field>
    <field name="hidEntityClass" type="Hash32">50C95067</field>
    <field name="hidResourceCount" type="Int32">2</field>
    <field name="hidConstEntity" type="Boolean">False</field>
    <field name="text_hidArchetypeResId" type="String">entityarchetypeslibrary\14789959586346087243.ark.fcb</field>
    <field name="hidArchetypeResId" type="Hash64">41592B294C69A567</field>
    <object name="Components">
      <object name="CFileDescriptorComponent">
        <field name="hidHasAliasName" type="Boolean">False</field>
        <field name="text_fileName" type="String">graphics\_singleplayer\buildings\dzong\dzong_stonestepssmall_01.xml</field>
        <field name="fileName" type="Hash64">D682B5B0E6DBA48F</field>
        <field name="hidDescriptor" type="Rml">
          <rml>
            <hidDescriptor>
              <component class="GraphicComponent" version="2" detail="0">
                <object index="0" boneName="dzong_stonestepssmall_01_LOD0" bboxMin="-1.28701,-0.959469,-0.0648733" bboxMax="1.25415,0.595526,0.705157" />
                <resource fileName="graphics\_SinglePlayer\Buildings\Dzong\dzong_stonestepssmall_01.xbg" bboxMin="-1.29058,-0.959469,-0.0648733" bboxMax="1.25415,0.595526,0.705157" />
                <skeleton_reference_list>
                  <skeleton name="dzong_stonestepssmall_01" index="0" pos="0,0,0" rot="1,-0,-0,-0" />
                </skeleton_reference_list>
                <material_reference_list>
                  <material name="Sim_Stone_Stairs" shader_name="Simple" ref_shader_id="arodrigue2-M-20140403145122" hd="0" />
                  <material name="FcG_Stone_Stairs_01" shader_name="Generic_FC3" ref_shader_id="mroy2-M-20140808112631" hd="0" />
                </material_reference_list>
              </component>
              <component class="InteriorVolumeComponent" version="1" detail="0" />
              <component class="StaticPhysComponent">
                <resource fileName="graphics\_SinglePlayer\Buildings\Dzong\dzong_stonestepssmall_01.hkx" />
              </component>
            </hidDescriptor>
          </rml>
        </field>
      </object>
      <object name="CObjectIgnitorCreatorComponent">
        <field name="hidHasAliasName" type="Boolean">False</field>
      </object>
      <object name="CGraphicComponent">
        <field name="hidHasAliasName" type="Boolean">True</field>
        <field name="hidComponentClassName" type="String">CStaticGraphicComponent</field>
        <field name="bCastShadow" type="Boolean">True</field>
        <field name="bReceiveShadow" type="Boolean">True</field>
        <field name="bCastAmbientShadow" type="Boolean">True</field>
        <field name="olgLightGroup" type="Int32">129</field>
        <field name="bShowInReflection" type="Boolean">True</field>
        <field name="bAlwaysShowInReflection" type="Boolean">False</field>
        <field name="bHighLight" type="Boolean">False</field>
        <field name="bLodDitheringEnable" type="Boolean">True</field>
        <field name="matIntuitionMaterialName" type="String"></field>
        <field name="bShowThroughWithFlashing" type="Boolean">False</field>
        <field name="bBackDrop" type="Boolean">False</field>
        <field name="bDisableMip0ResourceLoading" type="BinHex">00</field>
        <field hash="F41DCC4F" type="BinHex">0000000000000000</field>
        <field name="hidIndex" type="Int32">0</field>
        <field name="text_fileModel" type="String">graphics\_singleplayer\buildings\dzong\dzong_stonestepssmall_01.xbg</field>
        <field name="fileModel" type="Hash64">D9DB25B0E6DBA48F</field>
        <field name="hidMeshName" type="String"></field>
        <field name="hidScale" type="Vector3">1,1,1</field>
        <object name="MaterialLightSwitch">
          <field name="hidSharedDataHandlerHash" type="Hash64">970C151960C0FE05</field>
          <object name="MaterialSlots">
            <object name="Material">
              <field name="text_disSlotPathId" type="String">graphics\_materials\mroy2-m-20140808112631.material.bin</field>
              <field name="disSlotPathId" type="Hash64">CA8C8BEABAA0021F</field>
              <field name="text_matMaterial" type="String"></field>
              <field name="matMaterial" type="Hash64">FFFFFFFFFFFFFFFF</field>
              <field name="disHD" type="BinHex">00</field>
            </object>
            <object name="Material">
              <field name="text_disSlotPathId" type="String">graphics\_materials\arodrigue2-m-20140403145122.material.bin</field>
              <field name="disSlotPathId" type="Hash64">D18E8AE48E647FA3</field>
              <field name="text_matMaterial" type="String"></field>
              <field name="matMaterial" type="Hash64">FFFFFFFFFFFFFFFF</field>
              <field name="disHD" type="BinHex">00</field>
            </object>
          </object>
        </object>
        <object name="MaterialOverrides">
          <field name="hidSharedDataHandlerHash" type="Hash64">31C4EBA05E3F9E9A</field>
          <object name="MaterialSlots">
            <object name="Material">
              <field name="text_disSlotPathId" type="String">graphics\_materials\mroy2-m-20140808112631.material.bin</field>
              <field name="disSlotPathId" type="Hash64">CA8C8BEABAA0021F</field>
              <field name="text_matMaterial" type="String"></field>
              <field name="matMaterial" type="Hash64">FFFFFFFFFFFFFFFF</field>
              <field name="disHD" type="BinHex">00</field>
            </object>
            <object name="Material">
              <field name="text_disSlotPathId" type="String">graphics\_materials\arodrigue2-m-20140403145122.material.bin</field>
              <field name="disSlotPathId" type="Hash64">D18E8AE48E647FA3</field>
              <field name="text_matMaterial" type="String"></field>
              <field name="matMaterial" type="Hash64">FFFFFFFFFFFFFFFF</field>
              <field name="disHD" type="BinHex">00</field>
            </object>
          </object>
        </object>
        <object name="hidModelLODs" />
        <object name="hidModelDistancesLODs" />
      </object>
      <object name="CStaticPhysComponent">
        <field name="hidHasAliasName" type="Boolean">False</field>
        <field name="text_hidResourceId" type="String">graphics\_singleplayer\buildings\dzong\dzong_stonestepssmall_01.hkx</field>
        <field name="hidResourceId" type="Hash64">CB470EB0E6DBA48F</field>
        <field hash="C784A41F" type="BinHex">01</field>
        <field name="bUseMaxTerrainSlope" type="Boolean">False</field>
        <field name="bIgnoreInExplosions" type="Boolean">False</field>
        <field name="selOverrideSlideAngle" type="BinHex">00000000</field>
        <field name="bAnimateable" type="Boolean">False</field>
        <field hash="AAFA0C31" type="BinHex">00</field>
        <field hash="BF1EB181" type="BinHex">00</field>
        <field name="bIgnoreBreakableEventsForEver" type="BinHex">00</field>
        <field name="bIgnoreBreakableEventsTemporarily" type="BinHex">00</field>
        <field name="bImmuneToDamage" type="BinHex">00</field>
        <field name="bNoCollision" type="BinHex">00</field>
        <field name="bLargeEntity" type="Boolean">False</field>
        <field name="hidResourceIndex" type="Int32">0</field>
        <field name="bEncounterTeleportToGroundOnCreate" type="BinHex">00</field>
        <field name="bNoDecals" type="BinHex">00</field>
        <field name="bPatchNavmesh" type="BinHex">00</field>
        <field name="bAffectNavMesh" type="Boolean">True</field>
        <object name="LogicMaterialOverrides" />
        <object name="hidTheSharedMap">
          <field name="hidSharedDataHandlerHash" type="Hash64">86B8C40898DE0042</field>
        </object>
      </object>
      <object name="CCoverComponent">
        <field name="hidHasAliasName" type="Boolean">False</field>
        <object name="Covers">
          <object name="Cover">
            <field name="bUseMetadataOnEmptyInstance" type="BinHex">01</field>
            <field name="bIsFPCover" type="BinHex">01</field>
            <field name="hidTransform" type="BinHex">0000803F000000000000000000000000000000000000803F000000000000000000000000000000000000803F000000000000000000000000000000000000803F</field>
            <field name="selCoverObjectType" type="BinHex">00000000</field>
            <object name="hidCoverInformation">
              <object name="hidState">
                <object name="hidCover">
                  <field name="State" type="BinHex">FFFFFFFF</field>
                  <object name="CoverPoints" />
                  <object name="CoverLinks" />
                  <object name="CoverAnchors" />
                </object>
              </object>
            </object>
          </object>
        </object>
      </object>
      <object hash="0C5A5F7D">
        <field name="hidHasAliasName" type="Boolean">False</field>
        <object hash="D89DA0E2">
          <field name="sndvarMIMUHBRes" type="BinHex">01000000</field>
          <field hash="EB9B8FFE" type="BinHex">00000000</field>
          <field name="MaterialId" type="BinHex">00000000</field>
          <field name="RulesBus" type="BinHex">00000000</field>
        </object>
      </object>
      <object name="CInteriorVolumeComponent">
        <field name="hidHasAliasName" type="Boolean">False</field>
        <field name="text_fileModel" type="String"></field>
        <field name="fileModel" type="Hash64">FFFFFFFFFFFFFFFF</field>
        <field name="intambientInteriorAmbient" type="Id64">4294967295</field>
        <field name="bEnabled" type="Boolean">True</field>
        <field name="Priority" type="UInt32">0</field>
      </object>
      <object name="CMinimapComponent">
        <field name="hidHasAliasName" type="Boolean">False</field>
        <field name="minimapobjectinfoObjectInfo" type="BinHex">FFFFFFFF00000000</field>
      </object>
    </object>
  </object>
  <object name="ResPack">
    <field name="Count" type="BinHex">02000000</field>
    <object name="ResList">
      <field name="TypeId" type="Hash32">3AE88EFD</field>
      <field name="ResIds" type="BinHex">010000008FA4DBE6B00E47CB</field>
    </object>
    <object name="ResList">
      <field name="TypeId" type="Hash32">86E8E8BE</field>
      <field name="ResIds" type="BinHex">010000008FA4DBE6B025DBD9</field>
    </object>
  </object>
</object>