﻿<?xml version="1.0" encoding="utf-8"?>
<object name="EntityPrototype" def="ark">
  <field name="disLibItemId" type="Id64">14871024379638756176</field>
  <field name="text_hidArchetypeResId" type="String">entityarchetypeslibrary\14871024379638756176.ark.fcb</field>
  <field name="hidArchetypeResId" type="Hash64">D5918817045E4C89</field>
  <field name="Name" type="String">prefabs/FCC_OW_Prefabs/GenericHamlets/DrugUserHouse/Candle_01_56</field>
  <field name="ArchetypeName" type="String">ige_archetypes:prefabs/fcc_ow_prefabs/generichamlets/druguserhouse/candle_01_56</field>
  <object name="Entity">
    <field name="hidName" type="String">ige_archetypes:prefabs/FCC_OW_Prefabs/GenericHamlets/DrugUserHouse/Candle_01_56</field>
    <field name="text_hidEntityClass" type="String">CEntity</field>
    <field name="hidEntityClass" type="Hash32">50C95067</field>
    <field name="hidResourceCount" type="Int32">3</field>
    <field name="hidConstEntity" type="Boolean">False</field>
    <field name="text_hidArchetypeResId" type="String">entityarchetypeslibrary\14871024379638756176.ark.fcb</field>
    <field name="hidArchetypeResId" type="Hash64">D5918817045E4C89</field>
    <object name="Components">
      <object name="CFileDescriptorComponent">
        <field name="hidHasAliasName" type="Boolean">False</field>
        <field name="text_fileName" type="String">graphics\_singleplayer\props\lightsources\candles_01.xml</field>
        <field name="fileName" type="Hash64">D735368EAA7EFE77</field>
        <field name="hidDescriptor" type="Rml">
          <rml>
            <hidDescriptor>
              <component class="GraphicComponent" version="2" detail="0">
                <object index="0" boneName="Candles_01_LOD0" bboxMin="-0.0967917,-0.126725,-0.0101178" bboxMax="0.160847,0.0983417,0.13417" />
                <resource fileName="graphics\_SinglePlayer\Props\LightSources\Candles_01.xbg" bboxMin="-0.101343,-0.126725,-0.0101178" bboxMax="0.160847,0.106559,0.13417" />
                <skeleton_reference_list>
                  <skeleton name="Candles_01" index="0" pos="0,0,0" rot="1,-0,-0,-0" />
                </skeleton_reference_list>
                <material_reference_list>
                  <material name="Sim_Candle_01" shader_name="Simple" ref_shader_id="rlaudico-M-20140402102200" hd="0" />
                </material_reference_list>
              </component>
              <component class="InteriorVolumeComponent" version="1" detail="0" />
            </hidDescriptor>
          </rml>
        </field>
      </object>
      <object name="CGraphicComponent">
        <field name="hidHasAliasName" type="Boolean">True</field>
        <field name="hidComponentClassName" type="String">CStaticGraphicComponent</field>
        <field name="bCastShadow" type="Boolean">True</field>
        <field name="bReceiveShadow" type="Boolean">True</field>
        <field name="bCastAmbientShadow" type="Boolean">True</field>
        <field name="olgLightGroup" type="Int32">129</field>
        <field name="bShowInReflection" type="Boolean">False</field>
        <field name="bAlwaysShowInReflection" type="Boolean">False</field>
        <field name="bHighLight" type="Boolean">False</field>
        <field name="bLodDitheringEnable" type="Boolean">True</field>
        <field name="matIntuitionMaterialName" type="String"></field>
        <field name="bShowThroughWithFlashing" type="Boolean">False</field>
        <field name="bBackDrop" type="Boolean">False</field>
        <field name="bDisableMip0ResourceLoading" type="BinHex">00</field>
        <field hash="F41DCC4F" type="BinHex">0000000000000000</field>
        <field name="hidIndex" type="Int32">0</field>
        <field name="text_fileModel" type="String">graphics\_singleplayer\props\lightsources\candles_01.xbg</field>
        <field name="fileModel" type="Hash64">D86CA68EAA7EFE77</field>
        <field name="hidMeshName" type="String"></field>
        <field name="hidScale" type="Vector3">1,1,1</field>
        <object name="MaterialLightSwitch">
          <field name="hidSharedDataHandlerHash" type="Hash64">C5BDE43CC66D20D5</field>
          <object name="MaterialSlots">
            <object name="Material">
              <field name="text_disSlotPathId" type="String">graphics\_materials\rlaudico-m-20140402102200.material.bin</field>
              <field name="disSlotPathId" type="Hash64">2975224AEF0F0779</field>
              <field name="text_matMaterial" type="String"></field>
              <field name="matMaterial" type="Hash64">FFFFFFFFFFFFFFFF</field>
              <field name="disHD" type="BinHex">00</field>
            </object>
          </object>
        </object>
        <object name="MaterialOverrides">
          <field name="hidSharedDataHandlerHash" type="Hash64">B23734F06725FE24</field>
          <object name="MaterialSlots">
            <object name="Material">
              <field name="text_disSlotPathId" type="String">graphics\_materials\rlaudico-m-20140402102200.material.bin</field>
              <field name="disSlotPathId" type="Hash64">2975224AEF0F0779</field>
              <field name="text_matMaterial" type="String"></field>
              <field name="matMaterial" type="Hash64">FFFFFFFFFFFFFFFF</field>
              <field name="disHD" type="BinHex">00</field>
            </object>
          </object>
        </object>
        <object name="hidModelLODs" />
        <object name="hidModelDistancesLODs" />
      </object>
      <object name="CMinimapComponent">
        <field name="hidHasAliasName" type="Boolean">False</field>
        <field name="minimapobjectinfoObjectInfo" type="BinHex">FFFFFFFF00000000</field>
      </object>
      <object name="CLightAndFXComponent">
        <field name="hidHasAliasName" type="Boolean">False</field>
        <field name="hidInjected" type="Boolean">True</field>
        <field name="bIsImportantToUpdate" type="Boolean">True</field>
        <object name="curveGlobalTimeOfDayCurve">
          <field name="hidNumKnots" type="Int32">0</field>
          <field name="hidAllowedTypes" type="Int32">7</field>
          <object name="Knots" />
        </object>
        <object name="Light">
          <field name="selType" type="Enum">1</field>
          <field name="fRadius" type="Float32">0.4</field>
          <field name="fInnerRadius" type="Float32">0.15</field>
          <field name="fOcclusionAttThreshold" type="Float32">0.07</field>
          <field name="fileProjectedTexture" type="String"></field>
          <field name="clrColor" type="Vector3">0.909804,0.603922,0.454902</field>
          <field name="fIntensity" type="Float32">1</field>
          <field name="bLightParticlesOnly" type="BinHex">00</field>
          <field name="fTurnOffFallOff" type="Float32">2</field>
          <field name="fTurnOffDistance" type="Float32">3</field>
          <field name="fFlickeringFrequency" type="Float32">2</field>
          <field name="fFlickeringAmplitude" type="Float32">0.2</field>
          <field name="fFlickeringNoise" type="Float32">2</field>
          <field name="bEnabled" type="Boolean">False</field>
          <object name="Sounds">
            <field name="sndtpFlickeringSoundType" type="BinHex">FFFFFFFF</field>
            <field name="sndFlickeringLoopingStartSound" type="String">0xFFFFFFFF</field>
            <field name="sndFlickeringLoopingStopSound" type="String">0xFFFFFFFF</field>
            <field name="sndFlickeringClickRandomSound" type="String">0xFFFFFFFF</field>
            <field name="sndvarFlickeringSoundIntensityVar" type="BinHex">FFFFFFFF</field>
          </object>
          <object name="CommonAttachmentProperties">
            <field name="text_sBoneName" type="String"></field>
            <field name="sBoneName" type="BinHex">FFFFFFFF</field>
            <field name="vectorPosOffset" type="Vector3">-0.005,-0.002,0.15</field>
            <field name="AngleOffset" type="BinHex">000000000000000000000000</field>
            <object name="curveTimeOfDayCurve">
              <field name="hidNumKnots" type="Int32">0</field>
              <field name="hidAllowedTypes" type="Int32">7</field>
              <object name="Knots" />
            </object>
          </object>
        </object>
        <object name="LightEffect">
          <field name="selType" type="Enum">0</field>
          <field name="fSizeX" type="Float32">0.3</field>
          <field name="fSizeY" type="Float32">0.3</field>
          <field name="fOffsetToCamera" type="Float32">0</field>
          <field name="fVisibilitySize" type="Float32">0.1</field>
          <field name="fScaleNoise" type="Float32">0</field>
          <field name="fFadeAngle" type="Float32">180</field>
          <field name="clrColor" type="Vector3">0.4,0.364706,0.207843</field>
          <field name="fileTexture" type="String">graphics\__fc3_graphics\singleplayer\_textures\lighting\lightfxs\blood_lightfx_01a.png</field>
          <field name="fFadeDistance" type="Float32">4</field>
          <field name="fFadeLength" type="Float32">3</field>
          <field name="fCloseFadeDistance" type="Float32">1</field>
          <field name="fCloseFadeLength" type="Float32">0.6</field>
          <field name="bEnable" type="Boolean">True</field>
          <object name="CommonAttachmentProperties">
            <field name="text_sBoneName" type="String"></field>
            <field name="sBoneName" type="BinHex">FFFFFFFF</field>
            <field name="vectorPosOffset" type="Vector3">-0.005,-0.002,0.17</field>
            <field name="AngleOffset" type="BinHex">000000000000000000000000</field>
            <object name="curveTimeOfDayCurve">
              <field name="hidNumKnots" type="Int32">0</field>
              <field name="hidAllowedTypes" type="Int32">7</field>
              <object name="Knots" />
            </object>
          </object>
        </object>
        <object name="Particles">
          <field name="text_psPartSys" type="String">newparticles\9015044756539550.part</field>
          <field name="psPartSys" type="Hash64">606E1C49035974E2</field>
          <field name="fLodRatio" type="Float32">1</field>
          <field name="fLifeTimeRatio" type="Float32">1</field>
          <field name="fSizeXRatio" type="Float32">1</field>
          <field name="fSizeYRatio" type="Float32">1</field>
          <field name="fSpeedRatio" type="Float32">1</field>
          <field name="fAlphaRatio" type="Float32">1</field>
          <field name="fGravityRatio" type="Float32">1</field>
          <field name="fScale" type="Float32">1</field>
          <field name="fDistClippingMultiplier" type="Float32">1</field>
          <field name="clrColorMultiplier" type="Vector3">1,1,1</field>
          <field name="fEmitFactor" type="Float32">1</field>
          <field name="fVolumeDim1Ratio" type="Float32">1</field>
          <field name="fVolumeDim2Ratio" type="Float32">1</field>
          <field name="fVolumeDim3Ratio" type="Float32">1</field>
          <field name="bAutoStart" type="Boolean">True</field>
          <field name="bEnabledOutside" type="BinHex">01</field>
          <field name="bEnabledInRoom" type="BinHex">01</field>
          <field name="vecClippingOffset" type="BinHex">000000000000000000000000</field>
          <field name="nPriority" type="BinHex">05000000</field>
          <field name="EditorProperties" type="BinHex">000012010000110000456469746F7250726F70657274696573000000</field>
          <object name="CommonAttachmentProperties">
            <field name="text_sBoneName" type="String"></field>
            <field name="sBoneName" type="BinHex">FFFFFFFF</field>
            <field name="vectorPosOffset" type="Vector3">-0.005,-0.002,0.12</field>
            <field name="AngleOffset" type="BinHex">000000000000000000000000</field>
            <object name="curveTimeOfDayCurve">
              <field name="hidNumKnots" type="Int32">0</field>
              <field name="hidAllowedTypes" type="Int32">7</field>
              <object name="Knots" />
            </object>
          </object>
        </object>
        <object name="OffParticles">
          <field name="text_psPartSys" type="String"></field>
          <field name="psPartSys" type="Hash64">FFFFFFFFFFFFFFFF</field>
          <field name="fLodRatio" type="Float32">1</field>
          <field name="fLifeTimeRatio" type="Float32">1</field>
          <field name="fSizeXRatio" type="Float32">1</field>
          <field name="fSizeYRatio" type="Float32">1</field>
          <field name="fSpeedRatio" type="Float32">1</field>
          <field name="fAlphaRatio" type="Float32">1</field>
          <field name="fGravityRatio" type="Float32">1</field>
          <field name="fScale" type="Float32">1</field>
          <field name="fDistClippingMultiplier" type="Float32">1</field>
          <field name="clrColorMultiplier" type="Vector3">1,1,1</field>
          <field name="fEmitFactor" type="Float32">1</field>
          <field name="fVolumeDim1Ratio" type="Float32">1</field>
          <field name="fVolumeDim2Ratio" type="Float32">1</field>
          <field name="fVolumeDim3Ratio" type="Float32">1</field>
          <field name="bAutoStart" type="Boolean">True</field>
          <field name="bEnabledOutside" type="BinHex">01</field>
          <field name="bEnabledInRoom" type="BinHex">01</field>
          <field name="vecClippingOffset" type="BinHex">000000000000000000000000</field>
          <field name="nPriority" type="BinHex">05000000</field>
          <field name="EditorProperties" type="BinHex">000012010000110000456469746F7250726F70657274696573000000</field>
          <object name="CommonAttachmentProperties">
            <field name="text_sBoneName" type="String"></field>
            <field name="sBoneName" type="BinHex">FFFFFFFF</field>
            <field name="vectorPosOffset" type="Vector3">0,0,0</field>
            <field name="AngleOffset" type="BinHex">000000000000000000000000</field>
            <object name="curveTimeOfDayCurve">
              <field name="hidNumKnots" type="Int32">0</field>
              <field name="hidAllowedTypes" type="Int32">7</field>
              <object name="Knots" />
            </object>
          </object>
        </object>
      </object>
    </object>
  </object>
  <object name="ResPack">
    <field name="Count" type="BinHex">03000000</field>
    <object name="ResList">
      <field name="TypeId" type="Hash32">44601C12</field>
      <field name="ResIds" type="BinHex">01000000E2745903491C6E60</field>
    </object>
    <object name="ResList">
      <field name="TypeId" type="Hash32">6BD55AFC</field>
      <field name="ResIds" type="BinHex">01000000B8C04604C1853A6D</field>
    </object>
    <object name="ResList">
      <field name="TypeId" type="Hash32">86E8E8BE</field>
      <field name="ResIds" type="BinHex">0100000077FE7EAA8EA66CD8</field>
    </object>
  </object>
</object>