﻿<?xml version="1.0" encoding="utf-8"?>
<object name="EntityPrototype" def="ark">
  <field name="disLibItemId" type="Id64">14898045977402979153</field>
  <field name="text_hidArchetypeResId" type="String">entityarchetypeslibrary\14898045977402979153.ark.fcb</field>
  <field name="hidArchetypeResId" type="Hash64">61970CB699665907</field>
  <field name="Name" type="String">prefabs/FCC_OW_Prefabs/GenericHamlets/DrugUserHouse/LightLantern_01_0</field>
  <field name="ArchetypeName" type="String">ige_archetypes:prefabs/fcc_ow_prefabs/generichamlets/druguserhouse/lightlantern_01_0</field>
  <object name="Entity">
    <field name="hidName" type="String">ige_archetypes:prefabs/FCC_OW_Prefabs/GenericHamlets/DrugUserHouse/LightLantern_01_0</field>
    <field name="text_hidEntityClass" type="String">CEntity</field>
    <field name="hidEntityClass" type="Hash32">50C95067</field>
    <field name="hidResourceCount" type="Int32">4</field>
    <field name="hidConstEntity" type="Boolean">False</field>
    <field name="text_hidArchetypeResId" type="String">entityarchetypeslibrary\14898045977402979153.ark.fcb</field>
    <field name="hidArchetypeResId" type="Hash64">61970CB699665907</field>
    <object name="Components">
      <object name="CFileDescriptorComponent">
        <field name="hidHasAliasName" type="Boolean">False</field>
        <field name="text_fileName" type="String">graphics\_singleplayer\props\lightsources\lightlantern_01.xml</field>
        <field name="fileName" type="Hash64">0CF2653D1ADA283F</field>
        <field name="hidDescriptor" type="Rml">
          <rml>
            <hidDescriptor>
              <component class="GraphicComponent" version="2" detail="0">
                <object index="0" boneName="LightLantern_01_LOD0" bboxMin="-0.136566,-0.108436,0" bboxMax="0.139884,0.104401,0.388069" />
                <resource fileName="graphics\_SinglePlayer\Props\LightSources\LightLantern_01.xbg" bboxMin="-0.136566,-0.108436,0" bboxMax="0.139884,0.104401,0.388069" />
                <skeleton_reference_list>
                  <skeleton name="LightLantern_01" index="0" pos="0,0,0" rot="1,-0,-0,-0" />
                </skeleton_reference_list>
                <material_reference_list>
                  <material name="LightBulbDirty" shader_name="Generic_FC3" ref_shader_id="MM_Generic_Glass_DirtyLightBulb" />
                  <material name="MetalPaintRustedLeaking" shader_name="Generic_FC3" ref_shader_id="MM_Generic_Metal_PaintRusted" />
                </material_reference_list>
              </component>
              <component class="InteriorVolumeComponent" version="1" detail="0" />
              <component class="StaticPhysComponent">
                <resource fileName="graphics\_SinglePlayer\Props\LightSources\LightLantern_01.hkx" />
              </component>
            </hidDescriptor>
          </rml>
        </field>
      </object>
      <object name="CObjectIgnitorCreatorComponent">
        <field name="hidHasAliasName" type="Boolean">False</field>
      </object>
      <object name="CGraphicComponent">
        <field name="hidHasAliasName" type="Boolean">True</field>
        <field name="hidComponentClassName" type="String">CStaticGraphicComponent</field>
        <field name="bCastShadow" type="Boolean">False</field>
        <field name="bReceiveShadow" type="Boolean">True</field>
        <field name="bCastAmbientShadow" type="Boolean">False</field>
        <field name="olgLightGroup" type="Int32">129</field>
        <field name="bShowInReflection" type="Boolean">False</field>
        <field name="bAlwaysShowInReflection" type="Boolean">False</field>
        <field name="bHighLight" type="Boolean">False</field>
        <field name="bLodDitheringEnable" type="Boolean">True</field>
        <field name="matIntuitionMaterialName" type="String"></field>
        <field name="bShowThroughWithFlashing" type="Boolean">False</field>
        <field name="bBackDrop" type="Boolean">False</field>
        <field name="bDisableMip0ResourceLoading" type="BinHex">00</field>
        <field hash="F41DCC4F" type="BinHex">B761B13C16070000</field>
        <field name="hidIndex" type="Int32">0</field>
        <field name="text_fileModel" type="String">graphics\_singleplayer\props\lightsources\lightlantern_01.xbg</field>
        <field name="fileModel" type="Hash64">03ABF53D1ADA283F</field>
        <field name="hidMeshName" type="String"></field>
        <field name="hidScale" type="Vector3">1,1,1</field>
        <object name="MaterialLightSwitch">
          <field name="hidSharedDataHandlerHash" type="Hash64">D4E24B776014D150</field>
          <object name="MaterialSlots">
            <object name="Material">
              <field name="text_disSlotPathId" type="String">graphics\_materials\mm_generic_glass_dirtylightbulb.material.bin</field>
              <field name="disSlotPathId" type="Hash64">17A79F469F85E632</field>
              <field name="text_matMaterial" type="String"></field>
              <field name="matMaterial" type="Hash64">FFFFFFFFFFFFFFFF</field>
              <field name="disHD" type="BinHex">00</field>
            </object>
            <object name="Material">
              <field name="text_disSlotPathId" type="String">graphics\_materials\mm_generic_metal_paintrusted.material.bin</field>
              <field name="disSlotPathId" type="Hash64">9D3972B58F859FA0</field>
              <field name="text_matMaterial" type="String"></field>
              <field name="matMaterial" type="Hash64">FFFFFFFFFFFFFFFF</field>
              <field name="disHD" type="BinHex">00</field>
            </object>
          </object>
        </object>
        <object name="MaterialOverrides">
          <field name="hidSharedDataHandlerHash" type="Hash64">7431E21A00CDC749</field>
          <object name="MaterialSlots">
            <object name="Material">
              <field name="text_disSlotPathId" type="String">graphics\_materials\mm_generic_glass_dirtylightbulb.material.bin</field>
              <field name="disSlotPathId" type="Hash64">17A79F469F85E632</field>
              <field name="text_matMaterial" type="String">graphics\_materials\ma_generic_glass_clearglass.material.bin</field>
              <field name="matMaterial" type="Hash64">B13AA3C414C46F05</field>
              <field name="disHD" type="BinHex">00</field>
            </object>
          </object>
        </object>
        <object name="hidModelLODs" />
        <object name="hidModelDistancesLODs" />
      </object>
      <object name="CStaticPhysComponent">
        <field name="hidHasAliasName" type="Boolean">False</field>
        <field name="text_hidResourceId" type="String">graphics\_singleplayer\props\lightsources\lightlantern_01.hkx</field>
        <field name="hidResourceId" type="Hash64">1137DE3D1ADA283F</field>
        <field hash="C784A41F" type="BinHex">01</field>
        <field name="bUseMaxTerrainSlope" type="Boolean">False</field>
        <field name="bIgnoreInExplosions" type="Boolean">False</field>
        <field name="selOverrideSlideAngle" type="BinHex">00000000</field>
        <field name="bAnimateable" type="Boolean">False</field>
        <field hash="AAFA0C31" type="BinHex">00</field>
        <field hash="BF1EB181" type="BinHex">00</field>
        <field name="bIgnoreBreakableEventsForEver" type="BinHex">00</field>
        <field name="bIgnoreBreakableEventsTemporarily" type="BinHex">00</field>
        <field name="bImmuneToDamage" type="BinHex">00</field>
        <field name="bNoCollision" type="BinHex">00</field>
        <field name="bLargeEntity" type="Boolean">False</field>
        <field name="hidResourceIndex" type="Int32">0</field>
        <field name="bEncounterTeleportToGroundOnCreate" type="BinHex">00</field>
        <field name="bNoDecals" type="BinHex">00</field>
        <field name="bPatchNavmesh" type="BinHex">00</field>
        <field name="bAffectNavMesh" type="Boolean">True</field>
        <object name="LogicMaterialOverrides">
          <object name="LogicMaterial">
            <field name="logmatLogicMaterial" type="Int32">24</field>
            <field name="text_disSlotName" type="String">LightBulb_Glass</field>
            <field name="disSlotName" type="Hash32">309522CD</field>
          </object>
          <object name="LogicMaterial">
            <field name="logmatLogicMaterial" type="Int32">12</field>
            <field name="text_disSlotName" type="String">MM_Generic_Metal_PaintRusted</field>
            <field name="disSlotName" type="Hash32">54DCAF75</field>
          </object>
          <object name="LogicMaterial">
            <field name="logmatLogicMaterial" type="Int32">12</field>
            <field name="text_disSlotName" type="String">SCOL001</field>
            <field name="disSlotName" type="Hash32">A70FAFD2</field>
          </object>
          <object name="LogicMaterial">
            <field name="logmatLogicMaterial" type="Int32">24</field>
            <field name="text_disSlotName" type="String">LightLantern_01_LOD1</field>
            <field name="disSlotName" type="Hash32">F047AE88</field>
          </object>
        </object>
        <object name="hidTheSharedMap">
          <field name="hidSharedDataHandlerHash" type="Hash64">26EACC973E656D0C</field>
        </object>
      </object>
      <object name="CCoverComponent">
        <field name="hidHasAliasName" type="Boolean">False</field>
        <object name="Covers">
          <object name="Cover">
            <field name="bUseMetadataOnEmptyInstance" type="BinHex">01</field>
            <field name="bIsFPCover" type="BinHex">01</field>
            <field name="hidTransform" type="BinHex">0000803F000000000000000000000000000000000000803F000000000000000000000000000000000000803F000000000000000000000000000000000000803F</field>
            <field name="selCoverObjectType" type="BinHex">00000000</field>
            <object name="hidCoverInformation">
              <object name="hidState">
                <object name="hidCover">
                  <field name="State" type="BinHex">FFFFFFFF</field>
                  <object name="CoverPoints" />
                  <object name="CoverLinks" />
                  <object name="CoverAnchors" />
                </object>
              </object>
            </object>
          </object>
        </object>
      </object>
      <object hash="0C5A5F7D">
        <field name="hidHasAliasName" type="Boolean">False</field>
        <object hash="D89DA0E2">
          <field name="sndvarMIMUHBRes" type="BinHex">01000000</field>
          <field hash="EB9B8FFE" type="BinHex">00000000</field>
          <field name="MaterialId" type="BinHex">00000000</field>
          <field name="RulesBus" type="BinHex">00000000</field>
        </object>
      </object>
      <object name="CInteriorVolumeComponent">
        <field name="hidHasAliasName" type="Boolean">False</field>
        <field name="text_fileModel" type="String"></field>
        <field name="fileModel" type="Hash64">FFFFFFFFFFFFFFFF</field>
        <field name="intambientInteriorAmbient" type="Id64">4294967295</field>
        <field name="bEnabled" type="Boolean">True</field>
        <field name="Priority" type="UInt32">0</field>
      </object>
      <object name="CMinimapComponent">
        <field name="hidHasAliasName" type="Boolean">False</field>
        <field name="minimapobjectinfoObjectInfo" type="BinHex">FFFFFFFF00000000</field>
      </object>
    </object>
  </object>
  <object name="ResPack">
    <field name="Count" type="BinHex">04000000</field>
    <object name="ResList">
      <field name="TypeId" type="Hash32">3AE88EFD</field>
      <field name="ResIds" type="BinHex">010000003F28DA1A3DDE3711</field>
    </object>
    <object name="ResList">
      <field name="TypeId" type="Hash32">86E8E8BE</field>
      <field name="ResIds" type="BinHex">010000003F28DA1A3DF5AB03</field>
    </object>
    <object name="ResList">
      <field name="TypeId" type="Hash32">BC825377</field>
      <field name="ResIds" type="BinHex">020000002E3AD82BD2BDD5A4056FC414C4A33AB1</field>
    </object>
  </object>
</object>