﻿<?xml version="1.0" encoding="utf-8"?>
<object name="EntityPrototype" def="ark">
  <field name="disLibItemId" type="Id64">14925067575167202131</field>
  <field name="text_hidArchetypeResId" type="String">entityarchetypeslibrary\14925067575167202131.ark.fcb</field>
  <field name="hidArchetypeResId" type="Hash64">F5E33F47CD41ECB9</field>
  <field name="Name" type="String">prefabs/FCC_OW_Prefabs/GenericHamlets/DrugUserHouse/RedPuddle_01_4</field>
  <field name="ArchetypeName" type="String">ige_archetypes:prefabs/fcc_ow_prefabs/generichamlets/druguserhouse/redpuddle_01_4</field>
  <object name="Entity">
    <field name="hidName" type="String">ige_archetypes:prefabs/FCC_OW_Prefabs/GenericHamlets/DrugUserHouse/RedPuddle_01_4</field>
    <field name="text_hidEntityClass" type="String">CEntity</field>
    <field name="hidEntityClass" type="Hash32">50C95067</field>
    <field name="hidResourceCount" type="Int32">1</field>
    <field name="hidConstEntity" type="Boolean">False</field>
    <field name="text_hidArchetypeResId" type="String">entityarchetypeslibrary\14925067575167202131.ark.fcb</field>
    <field name="hidArchetypeResId" type="Hash64">F5E33F47CD41ECB9</field>
    <object name="Components">
      <object name="CStaticDecalComponent">
        <field name="hidHasAliasName" type="Boolean">False</field>
        <field name="matMaterialName" type="String">graphics\_materials\yotsu-m-20130827170412.material.bin</field>
        <field name="fWidth" type="Float32">1</field>
        <field name="fHeight" type="Float32">1</field>
        <field name="fRotation" type="Float32">0</field>
        <field name="fDistanceMax" type="Float32">999</field>
        <field name="iSortingLayer" type="BinHex">00000000</field>
        <field name="logmatLogicMaterial" type="Int32">-1</field>
        <field name="hidSectorIdsList" type="BinHex">010000004D000000</field>
        <object name="Positions">
          <object name="Pos">
            <field name="Pos" type="Vector3">360.231,-205.105,0</field>
          </object>
          <object name="Pos">
            <field name="Pos" type="Vector3">0,0,0</field>
          </object>
          <object name="Pos">
            <field name="Pos" type="Vector3">0,0,0</field>
          </object>
          <object name="Pos">
            <field name="Pos" type="Vector3">0,0,0</field>
          </object>
          <object name="Pos">
            <field name="Pos" type="Vector3">0,0,0</field>
          </object>
          <object name="Pos">
            <field name="Pos" type="Vector3">0,0,0</field>
          </object>
          <object name="Pos">
            <field name="Pos" type="Vector3">0,0,0</field>
          </object>
          <object name="Pos">
            <field name="Pos" type="Vector3">0,0,0</field>
          </object>
          <object name="Pos">
            <field name="Pos" type="Vector3">0,0,0</field>
          </object>
        </object>
      </object>
    </object>
  </object>
  <object name="ResPack">
    <field name="Count" type="BinHex">01000000</field>
    <object name="ResList">
      <field name="TypeId" type="Hash32">BC825377</field>
      <field name="ResIds" type="BinHex">01000000EC6C055382F35DCD</field>
    </object>
  </object>
</object>