﻿<?xml version="1.0" encoding="utf-8"?>
<object name="EntityPrototype" def="ark">
  <field name="disLibItemId" type="Id64">14952089172931425108</field>
  <field name="text_hidArchetypeResId" type="String">entityarchetypeslibrary\14952089172931425108.ark.fcb</field>
  <field name="hidArchetypeResId" type="Hash64">81E407167306D586</field>
  <field name="Name" type="String">prefabs/FCC_OW_Prefabs/GenericHamlets/DrugUserHouse/LT_T_Candles_5</field>
  <field name="ArchetypeName" type="String">ige_archetypes:prefabs/fcc_ow_prefabs/generichamlets/druguserhouse/lt_t_candles_5</field>
  <object name="Entity">
    <field name="hidName" type="String">ige_archetypes:prefabs/FCC_OW_Prefabs/GenericHamlets/DrugUserHouse/LT_T_Candles_5</field>
    <field name="text_hidEntityClass" type="String">CEntity</field>
    <field name="hidEntityClass" type="Hash32">50C95067</field>
    <field name="hidResourceCount" type="Int32">0</field>
    <field name="hidConstEntity" type="Boolean">False</field>
    <field name="text_hidArchetypeResId" type="String">entityarchetypeslibrary\14952089172931425108.ark.fcb</field>
    <field name="hidArchetypeResId" type="Hash64">81E407167306D586</field>
    <object name="Components">
      <object name="CTimeOfDayTriggerComponent">
        <field name="hidHasAliasName" type="Boolean">False</field>
        <field name="bEnabled" type="Boolean">True</field>
        <field name="iStartHour" type="BinHex">06000000</field>
        <field name="iStartMinute" type="BinHex">00000000</field>
        <field name="iEndHour" type="BinHex">12000000</field>
        <field name="iEndMinute" type="BinHex">00000000</field>
      </object>
    </object>
  </object>
  <object name="ResPack" />
</object>