﻿<?xml version="1.0" encoding="utf-8"?>
<object name="EntityPrototype" def="ark">
  <field name="disLibItemId" type="Id64">14988117969950389077</field>
  <field name="text_hidArchetypeResId" type="String">entityarchetypeslibrary\14988117969950389077.ark.fcb</field>
  <field name="hidArchetypeResId" type="Hash64">5A47B799E62DAEE2</field>
  <field name="Name" type="String">prefabs/FCC_OW_Prefabs/GenericHamlets/DrugUserHouse/NewParticlesEffect_3027</field>
  <field name="ArchetypeName" type="String">ige_archetypes:prefabs/fcc_ow_prefabs/generichamlets/druguserhouse/newparticleseffect_3027</field>
  <object name="Entity">
    <field name="hidName" type="String">ige_archetypes:prefabs/FCC_OW_Prefabs/GenericHamlets/DrugUserHouse/NewParticlesEffect_3027</field>
    <field name="text_hidEntityClass" type="String">CEntity</field>
    <field name="hidEntityClass" type="Hash32">50C95067</field>
    <field name="hidResourceCount" type="Int32">1</field>
    <field name="hidConstEntity" type="Boolean">False</field>
    <field name="text_hidArchetypeResId" type="String">entityarchetypeslibrary\14988117969950389077.ark.fcb</field>
    <field name="hidArchetypeResId" type="Hash64">5A47B799E62DAEE2</field>
    <object name="Components">
      <object name="CNewParticlesComponent">
        <field name="hidHasAliasName" type="Boolean">False</field>
        <field name="text_psPartSys" type="String">newparticles\7712477884075.part</field>
        <field name="psPartSys" type="Hash64">39314AFF4AAC4174</field>
        <field name="fLodRatio" type="Float32">1</field>
        <field name="fLifeTimeRatio" type="Float32">1</field>
        <field name="fSizeXRatio" type="Float32">1</field>
        <field name="fSizeYRatio" type="Float32">1</field>
        <field name="fSpeedRatio" type="Float32">1</field>
        <field name="fAlphaRatio" type="Float32">1</field>
        <field name="fGravityRatio" type="Float32">1</field>
        <field name="fScale" type="Float32">1</field>
        <field name="fDistClippingMultiplier" type="Float32">1</field>
        <field name="clrColorMultiplier" type="Vector3">1,1,1</field>
        <field name="fEmitFactor" type="Float32">1</field>
        <field name="fVolumeDim1Ratio" type="Float32">1</field>
        <field name="fVolumeDim2Ratio" type="Float32">1</field>
        <field name="fVolumeDim3Ratio" type="Float32">1</field>
        <field name="bAutoStart" type="Boolean">True</field>
        <field name="bEnabledOutside" type="BinHex">01</field>
        <field name="bEnabledInRoom" type="BinHex">01</field>
        <field name="vecClippingOffset" type="BinHex">000000000000000000000000</field>
        <field name="nPriority" type="BinHex">05000000</field>
        <field name="EditorProperties" type="BinHex">00002101010011010000121F456469746F7250726F7065727469657300006253686F7748656C7065727300300000</field>
      </object>
    </object>
  </object>
  <object name="ResPack">
    <field name="Count" type="BinHex">01000000</field>
    <object name="ResList">
      <field name="TypeId" type="Hash32">44601C12</field>
      <field name="ResIds" type="BinHex">010000007441AC4AFF4A3139</field>
    </object>
  </object>
</object>