﻿<?xml version="1.0" encoding="utf-8"?>
<object name="EntityPrototype" def="ark">
  <field name="disLibItemId" type="Id64">15069182763243058010</field>
  <field name="text_hidArchetypeResId" type="String">entityarchetypeslibrary\15069182763243058010.ark.fcb</field>
  <field name="hidArchetypeResId" type="Hash64">95A82B7BBA4ED2DD</field>
  <field name="Name" type="String">prefabs/FCC_OW_Prefabs/GenericHamlets/DrugUserHouse/LT_Candles_4</field>
  <field name="ArchetypeName" type="String">ige_archetypes:prefabs/fcc_ow_prefabs/generichamlets/druguserhouse/lt_candles_4</field>
  <object name="Entity">
    <field name="hidName" type="String">ige_archetypes:prefabs/FCC_OW_Prefabs/GenericHamlets/DrugUserHouse/LT_Candles_4</field>
    <field name="text_hidEntityClass" type="String">CEntity</field>
    <field name="hidEntityClass" type="Hash32">50C95067</field>
    <field name="hidResourceCount" type="Int32">0</field>
    <field name="hidConstEntity" type="Boolean">False</field>
    <field name="text_hidArchetypeResId" type="String">entityarchetypeslibrary\15069182763243058010.ark.fcb</field>
    <field name="hidArchetypeResId" type="Hash64">95A82B7BBA4ED2DD</field>
    <object name="Components">
      <object name="CDynamicLightComponent">
        <field name="hidHasAliasName" type="Boolean">False</field>
        <field name="hidType" type="Int32">1</field>
        <field name="fRadius" type="Float32">2.5</field>
        <field name="fInnerRadius" type="Float32">1</field>
        <field name="fOcclusionAttThreshold" type="Float32">0.04</field>
        <field name="clrColor" type="Vector3">0.756863,0.509804,0.356863</field>
        <field name="fIntensity" type="Float32">1.5</field>
        <field name="selUnits" type="BinHex">00000000</field>
        <field name="fFadeInTime" type="Float32">0</field>
        <field name="fFadeOutTime" type="Float32">0</field>
        <field name="bLightParticlesOnly" type="BinHex">00</field>
        <field name="fTurnOffFallOff" type="Float32">5</field>
        <field name="fTurnOffDistance" type="Float32">25</field>
        <field name="fFlickeringFrequency" type="Float32">2</field>
        <field name="fFlickeringAmplitude" type="Float32">0.2</field>
        <field name="fFlickeringNoise" type="Float32">1</field>
        <field name="bEnabled" type="Boolean">True</field>
        <field name="hidDrivenType" type="BinHex">02000000</field>
        <field name="bUseTimeOfDay" type="Boolean">True</field>
        <field name="sndtpFlickeringSoundType" type="BinHex">FFFFFFFF</field>
        <field name="sndFlickeringLoopingStartSound" type="String">0xFFFFFFFF</field>
        <field name="sndFlickeringLoopingStopSound" type="String">0xFFFFFFFF</field>
        <field name="sndFlickeringClickRandomSound" type="String">0xFFFFFFFF</field>
        <field name="sndvarFlickeringSoundIntensityVar" type="BinHex">FFFFFFFF</field>
        <object name="TimeOfDayProperties">
          <object name="curveIntensityCurve">
            <field name="hidNumKnots" type="Int32">10</field>
            <field name="hidAllowedTypes" type="Int32">7</field>
            <object name="Knots">
              <object name="Knot">
                <field name="Value" type="BinHex">0000C0FF000000000000003F00000000</field>
                <field name="Info" type="BinHex">F90FC9400000803F0000000000000000</field>
                <field name="Type" type="BinHex">00000000</field>
              </object>
              <object name="Knot">
                <field name="Value" type="BinHex">0000C0FF000000000000003F00000000</field>
                <field name="Info" type="BinHex">F90FC9400000803F0000000000000000</field>
                <field name="Type" type="BinHex">00000000</field>
              </object>
              <object name="Knot">
                <field name="Value" type="BinHex">0000C0FF000000000000003F00000000</field>
                <field name="Info" type="BinHex">F90FC9400000803F0000000000000000</field>
                <field name="Type" type="BinHex">00000000</field>
              </object>
              <object name="Knot">
                <field name="Value" type="BinHex">0000C0FF000000000000003F00000000</field>
                <field name="Info" type="BinHex">F90FC9400000803F0000000000000000</field>
                <field name="Type" type="BinHex">00000000</field>
              </object>
              <object name="Knot">
                <field name="Value" type="BinHex">0000C0FF000000000000003F00000000</field>
                <field name="Info" type="BinHex">F90FC9400000803F0000000000000000</field>
                <field name="Type" type="BinHex">00000000</field>
              </object>
              <object name="Knot">
                <field name="Value" type="BinHex">0000C0FF000000000000003F00000000</field>
                <field name="Info" type="BinHex">F90FC9400000803F0000000000000000</field>
                <field name="Type" type="BinHex">00000000</field>
              </object>
              <object name="Knot">
                <field name="Value" type="BinHex">0000C0FF000000000000003F00000000</field>
                <field name="Info" type="BinHex">F90FC9400000803F0000000000000000</field>
                <field name="Type" type="BinHex">00000000</field>
              </object>
              <object name="Knot">
                <field name="Value" type="BinHex">0000C0FF000000000000003F00000000</field>
                <field name="Info" type="BinHex">F90FC9400000803F0000000000000000</field>
                <field name="Type" type="BinHex">00000000</field>
              </object>
              <object name="Knot">
                <field name="Value" type="BinHex">0000C0FF000000000000003F00000000</field>
                <field name="Info" type="BinHex">F90FC9400000803F0000000000000000</field>
                <field name="Type" type="BinHex">00000000</field>
              </object>
              <object name="Knot">
                <field name="Value" type="BinHex">0000C0FF000000000000003F00000000</field>
                <field name="Info" type="BinHex">F90FC9400000803F0000000000000000</field>
                <field name="Type" type="BinHex">00000000</field>
              </object>
            </object>
          </object>
        </object>
        <object name="hidCLightClippingPlanes">
          <field name="fClippingPlaneFade" type="Float32">0.25</field>
          <object name="hidLightPlaneContainer">
            <object name="Plane">
              <field name="value" type="BinHex">0000000000000000000000000000803F</field>
            </object>
            <object name="Plane">
              <field name="value" type="BinHex">0000000000000000000000000000803F</field>
            </object>
            <object name="Plane">
              <field name="value" type="BinHex">0000000000000000000000000000803F</field>
            </object>
          </object>
          <object hash="0D05E14C">
            <object name="CEditorLightPlane">
              <field name="bEnable" type="Boolean">False</field>
              <field name="vectorPosition" type="BinHex">000000000000000000000000</field>
              <field name="vectorOrientation" type="BinHex">0000000000000000</field>
              <field name="fSizeFactor" type="BinHex">0000803F</field>
            </object>
            <object name="CEditorLightPlane">
              <field name="bEnable" type="Boolean">False</field>
              <field name="vectorPosition" type="BinHex">000000000000000000000000</field>
              <field name="vectorOrientation" type="BinHex">0000000000000000</field>
              <field name="fSizeFactor" type="BinHex">0000803F</field>
            </object>
            <object name="CEditorLightPlane">
              <field name="bEnable" type="Boolean">False</field>
              <field name="vectorPosition" type="BinHex">000000000000000000000000</field>
              <field name="vectorOrientation" type="BinHex">0000000000000000</field>
              <field name="fSizeFactor" type="BinHex">0000803F</field>
            </object>
          </object>
        </object>
      </object>
      <object name="CLightEffectComponent">
        <field name="hidHasAliasName" type="Boolean">False</field>
        <field name="hidType" type="Int32">0</field>
        <field name="selType" type="Enum">2</field>
        <field name="fSizeX" type="Float32">1</field>
        <field name="fSizeY" type="Float32">1</field>
        <field name="fOffsetToCamera" type="Float32">0</field>
        <field name="fScaleNoise" type="Float32">0</field>
        <field name="clrColor" type="Vector3">1.00196,1.00196,1.00196</field>
        <field name="fileTexture" type="String"></field>
        <field name="fFadeDistance" type="Float32">100</field>
        <field name="fFadeLength" type="Float32">0</field>
        <field name="fCloseFadeDistance" type="Float32">0</field>
        <field name="fCloseFadeLength" type="Float32">0</field>
        <field name="bSoft" type="BinHex">00</field>
        <field name="fSoftRange" type="Float32">0.25</field>
        <field name="fFarSoftRange" type="Float32">1</field>
        <field name="fFarSoftDistance" type="Float32">-1</field>
        <field name="bEnable" type="Boolean">False</field>
      </object>
      <object name="CEditableEventComponent">
        <field name="hidHasAliasName" type="Boolean">False</field>
      </object>
    </object>
  </object>
  <object name="ResPack" />
</object>