﻿<?xml version="1.0" encoding="utf-8"?>
<object name="EntityPrototype" def="ark">
  <field name="disLibItemId" type="Id64">15258333947592618855</field>
  <field name="text_hidArchetypeResId" type="String">entityarchetypeslibrary\15258333947592618855.ark.fcb</field>
  <field name="hidArchetypeResId" type="Hash64">F8E8180D5E2A8831</field>
  <field name="Name" type="String">prefabs/FCC_OW_Prefabs/GenericHamlets/GamblingHouseB/FlagPrayerLine_04.SideQuest_3</field>
  <field name="ArchetypeName" type="String">ige_archetypes:prefabs/fcc_ow_prefabs/generichamlets/gamblinghouseb/flagprayerline_04.sidequest_3</field>
  <object name="Entity">
    <field name="hidName" type="String">ige_archetypes:prefabs/FCC_OW_Prefabs/GenericHamlets/GamblingHouseB/FlagPrayerLine_04.SideQuest_3</field>
    <field name="text_hidEntityClass" type="String">CEntity</field>
    <field name="hidEntityClass" type="Hash32">50C95067</field>
    <field name="hidResourceCount" type="Int32">0</field>
    <field name="hidConstEntity" type="Boolean">False</field>
    <field name="text_hidArchetypeResId" type="String">entityarchetypeslibrary\15258333947592618855.ark.fcb</field>
    <field name="hidArchetypeResId" type="Hash64">F8E8180D5E2A8831</field>
    <object name="Components">
      <object name="CSoundComponent">
        <field name="hidHasAliasName" type="Boolean">False</field>
        <field name="hidInjected" type="Boolean">True</field>
        <field name="sndptSoundPoint" type="Hash64">00000000FFFFFFFF</field>
        <field name="bStopSoundOnStateChange" type="Boolean">False</field>
        <field name="bAlwaysUpdate" type="Boolean">False</field>
      </object>
    </object>
  </object>
  <object name="ResPack" />
</object>