﻿<?xml version="1.0" encoding="utf-8"?>
<object name="EntityPrototype" def="ark">
  <field name="disLibItemId" type="Id64">153129970685308575</field>
  <field name="text_hidArchetypeResId" type="String">entityarchetypeslibrary\153129970685308575.ark.fcb</field>
  <field name="hidArchetypeResId" type="Hash64">FBA6B52FD22F43F0</field>
  <field name="Name" type="String">Ladder12steps</field>
  <field name="ArchetypeName" type="String">fcc_interactive:ladders:ladder12steps</field>
  <object name="Entity">
    <field name="hidName" type="String">FCC_Interactive:Ladders:Ladder12steps</field>
    <field name="text_hidEntityClass" type="String">CEntity</field>
    <field name="hidEntityClass" type="Hash32">50C95067</field>
    <field name="hidResourceCount" type="Int32">3</field>
    <field name="hidConstEntity" type="Boolean">False</field>
    <field name="text_hidArchetypeResId" type="String">entityarchetypeslibrary\153129970685308575.ark.fcb</field>
    <field name="hidArchetypeResId" type="Hash64">FBA6B52FD22F43F0</field>
    <object name="Components">
      <object name="CFileDescriptorComponent">
        <field name="hidHasAliasName" type="Boolean">False</field>
        <field name="text_fileName" type="String">graphics\_singleplayer\infrastructures\ladder_climbing\ladder12steps.xml</field>
        <field name="fileName" type="Hash64">F4F43C8ED11083BF</field>
        <field name="hidDescriptor" type="Rml">
          <rml>
            <hidDescriptor>
              <component class="GraphicComponent" version="2" detail="0">
                <object index="0" boneName="Ladder12steps_LOD0" bboxMin="-0.311185,-0.0488121,0.00511742" bboxMax="0.310573,0.0378961,3.7474" />
                <resource fileName="graphics\_SinglePlayer\Infrastructures\Ladder_Climbing\Ladder12steps.xbg" bboxMin="-0.311185,-0.0610999,-0.00137459" bboxMax="0.310573,0.0378961,3.75216" />
                <skeleton_reference_list>
                  <skeleton name="Ladder12steps" index="0" pos="0,0,0" rot="1,-0,-0,-0" />
                </skeleton_reference_list>
                <material_reference_list>
                  <material name="Sim_Mosaic_01" shader_name="Simple" ref_shader_id="skovalchuk-M-20130819095708" hd="0" />
                  <material name="FcG_WoodCracked_Black" shader_name="Generic_FC3" ref_shader_id="ipapismado-M-20130509151002" hd="0" />
                </material_reference_list>
              </component>
              <component class="InteriorVolumeComponent" version="1" detail="0" />
              <component class="StaticPhysComponent">
                <resource fileName="graphics\_SinglePlayer\Infrastructures\Ladder_Climbing\Ladder12steps.hkx" />
              </component>
            </hidDescriptor>
          </rml>
        </field>
      </object>
      <object name="CGraphicComponent">
        <field name="hidHasAliasName" type="Boolean">False</field>
        <field name="bCastShadow" type="Boolean">True</field>
        <field name="bReceiveShadow" type="Boolean">True</field>
        <field name="bCastAmbientShadow" type="Boolean">True</field>
        <field name="olgLightGroup" type="Int32">1</field>
        <field name="bShowInReflection" type="Boolean">True</field>
        <field name="bAlwaysShowInReflection" type="Boolean">False</field>
        <field name="bHighLight" type="Boolean">False</field>
        <field name="bLodDitheringEnable" type="Boolean">True</field>
        <field name="matIntuitionMaterialName" type="String"></field>
        <field name="bShowThroughWithFlashing" type="Boolean">False</field>
        <field name="bBackDrop" type="Boolean">False</field>
        <field name="bDisableMip0ResourceLoading" type="BinHex">00</field>
        <field hash="F41DCC4F" type="BinHex">0000000000000000</field>
        <field name="bAllowCullBySize" type="Boolean">True</field>
        <field name="bMotionBlurExclusion" type="Boolean">False</field>
        <field name="text_currentSkin" type="String"></field>
        <field name="currentSkin" type="Hash32">FFFFFFFF</field>
        <field name="bUseCurrentSkin" type="Boolean">False</field>
        <object name="MaterialLightSwitch">
          <field name="hidSharedDataHandlerHash" type="Hash64">FB9C23CFA88B34B2</field>
          <object name="MaterialSlots">
            <object name="Material">
              <field name="text_disSlotPathId" type="String">graphics\_materials\ipapismado-m-20130509151002.material.bin</field>
              <field name="disSlotPathId" type="Hash64">0E1E521340A1CE98</field>
              <field name="text_matMaterial" type="String"></field>
              <field name="matMaterial" type="Hash64">FFFFFFFFFFFFFFFF</field>
              <field name="disHD" type="BinHex">00</field>
            </object>
            <object name="Material">
              <field name="text_disSlotPathId" type="String">graphics\_materials\skovalchuk-m-20130819095708.material.bin</field>
              <field name="disSlotPathId" type="Hash64">6994398777CD1DD4</field>
              <field name="text_matMaterial" type="String"></field>
              <field name="matMaterial" type="Hash64">FFFFFFFFFFFFFFFF</field>
              <field name="disHD" type="BinHex">00</field>
            </object>
          </object>
        </object>
        <object name="MaterialOverrides">
          <field name="hidSharedDataHandlerHash" type="Hash64">0289930562BDFC4C</field>
          <object name="MaterialSlots">
            <object name="Material">
              <field name="text_disSlotPathId" type="String">graphics\_materials\ipapismado-m-20130509151002.material.bin</field>
              <field name="disSlotPathId" type="Hash64">0E1E521340A1CE98</field>
              <field name="text_matMaterial" type="String"></field>
              <field name="matMaterial" type="Hash64">FFFFFFFFFFFFFFFF</field>
              <field name="disHD" type="BinHex">00</field>
            </object>
            <object name="Material">
              <field name="text_disSlotPathId" type="String">graphics\_materials\skovalchuk-m-20130819095708.material.bin</field>
              <field name="disSlotPathId" type="Hash64">6994398777CD1DD4</field>
              <field name="text_matMaterial" type="String"></field>
              <field name="matMaterial" type="Hash64">FFFFFFFFFFFFFFFF</field>
              <field name="disHD" type="BinHex">00</field>
            </object>
          </object>
        </object>
        <object name="SkinList">
          <object name="Skin">
            <field name="text_name" type="String"></field>
            <field name="name" type="Hash32">FFFFFFFF</field>
            <field name="locSkinNameId" type="Int32">-1</field>
            <field name="bIsExcludedFromRandomSkin" type="Boolean">False</field>
            <object name="MaterialOverrides">
              <field name="hidSharedDataHandlerHash" type="Hash64">1A9641302CFD8B37</field>
              <object name="MaterialSlots" />
            </object>
          </object>
        </object>
        <object name="object">
          <field name="hidIndex" type="Int32">0</field>
          <field name="text_fileModel" type="String">graphics\_singleplayer\infrastructures\ladder_climbing\ladder12steps.xbg</field>
          <field name="fileModel" type="Hash64">FBADAC8ED11083BF</field>
          <field name="hidMeshName" type="String"></field>
          <field name="text_hidNodeName" type="String">Ladder12steps</field>
          <field name="hidNodeName" type="Hash32">EE92A82C</field>
          <field name="text_hidNodeNameLOD0" type="String">Ladder12steps_LOD0</field>
          <field name="hidNodeNameLOD0" type="Hash32">D62D79C1</field>
          <field name="hidDetailObject" type="Boolean">False</field>
        </object>
        <object name="object">
          <field name="hidIndex" type="Int32">1</field>
          <field name="text_fileModel" type="String"></field>
          <field name="fileModel" type="Hash64">FFFFFFFFFFFFFFFF</field>
          <field name="hidMeshName" type="String"></field>
          <field name="text_hidNodeName" type="String"></field>
          <field name="hidNodeName" type="Hash32">FFFFFFFF</field>
          <field name="text_hidNodeNameLOD0" type="String"></field>
          <field name="hidNodeNameLOD0" type="Hash32">FFFFFFFF</field>
          <field name="hidDetailObject" type="Boolean">False</field>
        </object>
        <object name="hidSharedDescriptors">
          <field name="hidSharedDataHandlerHash" type="Hash64">892772EDDEE4E732</field>
        </object>
      </object>
      <object name="CStaticPhysComponent">
        <field name="hidHasAliasName" type="Boolean">False</field>
        <field name="text_hidResourceId" type="String">graphics\_singleplayer\infrastructures\ladder_climbing\ladder12steps.hkx</field>
        <field name="hidResourceId" type="Hash64">E931878ED11083BF</field>
        <field hash="C784A41F" type="BinHex">01</field>
        <field name="bUseMaxTerrainSlope" type="Boolean">False</field>
        <field name="bIgnoreInExplosions" type="Boolean">False</field>
        <field name="selOverrideSlideAngle" type="BinHex">00000000</field>
        <field name="bAnimateable" type="Boolean">False</field>
        <field hash="AAFA0C31" type="BinHex">00</field>
        <field hash="BF1EB181" type="BinHex">00</field>
        <field name="bIgnoreBreakableEventsForEver" type="BinHex">00</field>
        <field name="bIgnoreBreakableEventsTemporarily" type="BinHex">00</field>
        <field name="bImmuneToDamage" type="BinHex">00</field>
        <field name="bNoCollision" type="BinHex">00</field>
        <field name="bLargeEntity" type="Boolean">False</field>
        <field name="hidResourceIndex" type="Int32">0</field>
        <field name="bEncounterTeleportToGroundOnCreate" type="BinHex">00</field>
        <field name="bNoDecals" type="BinHex">00</field>
        <field name="bPatchNavmesh" type="BinHex">00</field>
        <field name="bAffectNavMesh" type="Boolean">True</field>
        <object name="LogicMaterialOverrides" />
        <object name="hidTheSharedMap">
          <field name="hidSharedDataHandlerHash" type="Hash64">86B8C40898DE0042</field>
        </object>
      </object>
      <object name="CTaggableComponent">
        <field name="hidHasAliasName" type="Boolean">False</field>
        <field name="fIdentificationRadiusModifier" type="Float32">1</field>
        <field name="bEnable" type="Boolean">True</field>
        <field name="bDisableTaggingByCameraAndIronsight" type="Boolean">False</field>
        <field name="fTagExpireTime" type="Float32">7</field>
        <field name="fHighlightFadeOutTime" type="Float32">2</field>
        <field name="selTagType" type="Enum">0</field>
        <object name="TagIndicator">
          <field name="bDisplayTagIndicator" type="BinHex">01</field>
          <field name="bSizeDependsOnDistance" type="Boolean">False</field>
          <field name="text_sTexturePath" type="String"></field>
          <field name="sTexturePath" type="Hash64">FFFFFFFFFFFFFFFF</field>
          <field name="text_sAggressiveTexturePath" type="String"></field>
          <field name="sAggressiveTexturePath" type="Hash64">FFFFFFFFFFFFFFFF</field>
          <field name="text_sCharmedTexturePath" type="String"></field>
          <field name="sCharmedTexturePath" type="Hash64">FFFFFFFFFFFFFFFF</field>
          <field name="text_sInsaneTexturePath" type="String"></field>
          <field name="sInsaneTexturePath" type="Hash64">FFFFFFFFFFFFFFFF</field>
          <field name="text_sCompanionTexturePath" type="String"></field>
          <field name="sCompanionTexturePath" type="Hash64">FFFFFFFFFFFFFFFF</field>
          <field name="fScaleX" type="Float32">0.04</field>
          <field name="fScaleY" type="Float32">0.04</field>
          <field name="fVerticalOffset" type="Float32">0.5</field>
          <field name="sMinimapFrameLabel" type="String"></field>
          <field name="fAutoTagDistance" type="Float32">50</field>
          <field name="fFadingTime" type="Float32">0</field>
        </object>
      </object>
      <object name="CObjectSoundAndFXComponent">
        <field name="hidHasAliasName" type="Boolean">False</field>
        <object name="Impact">
          <field name="matimpDropImpact" type="BinHex">FFFFFFFF00000000</field>
          <field name="fSpeedForMaxDropImpactVolume" type="Float32">0</field>
          <field name="fMinimalCollisionSpeed" type="Float32">1</field>
          <field name="bIsSingleDropImpactObject" type="Boolean">False</field>
          <object name="MovementSound">
            <field name="sndRollingSound" type="String">0xFFFFFFFF</field>
            <field name="sndRollingSoundEnd" type="String">0xFFFFFFFF</field>
            <field name="sndtpRollingSoundType" type="Int32">-1</field>
            <field name="sndSlidingSound" type="String">0xFFFFFFFF</field>
            <field name="sndSlidingSoundEnd" type="String">0xFFFFFFFF</field>
            <field name="sndtpSlidingSoundType" type="Int32">-1</field>
            <field name="sndmlObjectMovementMultilayer" type="BinHex">FFFFFFFF</field>
          </object>
        </object>
        <object name="Falling">
          <field name="bAllowAfterCollision" type="Boolean">False</field>
          <field name="sndFallingSound" type="String">0xFFFFFFFF</field>
          <field name="sndtpFallingType" type="Int32">-1</field>
          <field name="fSpeedToPlayFallingSound" type="Float32">0</field>
          <field name="FallingSoundTimeTrigger" type="BinHex">00000000</field>
        </object>
        <object name="Water">
          <field name="fZMinSpeedToTriggerSplash" type="Float32">1</field>
          <field name="fZMaxSpeedToTriggerSplash" type="Float32">5</field>
          <field name="fZMinSplashScale" type="Float32">1</field>
          <field name="fZMaxSplashScale" type="Float32">1.2</field>
          <field name="fZSpeedForMaxSplashVolume" type="Float32">0</field>
        </object>
        <object name="WaterWave">
          <field name="zSpeedToTriggerWaterWave" type="Float32">1</field>
          <field name="zMaxSpeedToTriggerWaterWave" type="Float32">5</field>
          <field name="minWaterWavePressure" type="Float32">0.2</field>
          <field name="maxWaterWavePressure" type="Float32">1</field>
          <field name="minWaterWaveSpeed" type="Float32">1</field>
          <field name="maxWaterWaveSpeed" type="Float32">1.5</field>
          <field name="minWaterWaveWaveLength" type="Float32">0.2</field>
          <field name="maxWaterWaveWaveLength" type="Float32">0.4</field>
          <field name="minWaterWaveDuration" type="Float32">0.5</field>
          <field name="maxWaterWaveDuration" type="Float32">1.5</field>
          <field name="minWaterWaveStartTime" type="Float32">0</field>
          <field name="maxWaterWaveStartTime" type="Float32">0.2</field>
          <field name="minWaterWaveTimeExponent" type="Float32">1</field>
          <field name="maxWaterWaveTimeExponent" type="Float32">1</field>
        </object>
      </object>
      <object name="COcclusionQueryComponent">
        <field name="hidHasAliasName" type="Boolean">False</field>
        <field name="bComponentEnabled" type="Boolean">False</field>
      </object>
      <object name="CLadder">
        <field name="hidHasAliasName" type="Boolean">False</field>
        <field name="iOverrideLadderSteps" type="BinHex">FFFFFFFF</field>
        <field name="sndClimbSound" type="String">0xFFFFFFFF</field>
        <field name="sndtpClimbSoundType" type="Int32">11</field>
        <field name="sndswvlLadderSoundSwitchValue" type="BinHex">38031B00</field>
        <field name="text_sAnimationPackage" type="String">ladder</field>
        <field name="sAnimationPackage" type="Hash64">423D2C9C9BE14000</field>
        <field name="selLadderType" type="BinHex">00000000</field>
        <object name="FixedParams">
          <object name="HandsOnSide">
            <field name="fStepHeight" type="Float32">0.3</field>
            <field name="fDistFromLadderY" type="Float32">-0.65</field>
            <field name="fDistFromLadderX" type="Float32">-0.05</field>
            <field name="fPawnHeight" type="Float32">1.7</field>
            <field name="iMoveSteps" type="BinHex">02000000</field>
            <field name="iAnimSteps" type="BinHex">04000000</field>
            <field name="iGetInDistanceFromBottomInSteps" type="BinHex">06000000</field>
          </object>
          <object name="HandOverHand">
            <field name="fStepHeight" type="Float32">1</field>
            <field name="fDistFromLadderY" type="Float32">-0.65</field>
            <field name="fDistFromLadderX" type="Float32">-0.05</field>
            <field name="fPawnHeight" type="Float32">1.7</field>
            <field name="iMoveSteps" type="BinHex">01000000</field>
            <field name="iAnimSteps" type="BinHex">02000000</field>
            <field name="iGetInDistanceFromBottomInSteps" type="BinHex">02000000</field>
          </object>
        </object>
      </object>
      <object name="CCountersComponent">
        <field name="hidHasAliasName" type="Boolean">False</field>
      </object>
      <object name="CParticleFXComponent">
        <field name="hidHasAliasName" type="Boolean">False</field>
        <field name="bAutoStart" type="Boolean">False</field>
        <object name="ParticleSystems" />
      </object>
      <object name="CLadderNetworkComponent">
        <field name="hidHasAliasName" type="Boolean">False</field>
      </object>
      <object name="CMissionComponent">
        <field name="hidHasAliasName" type="Boolean">False</field>
        <field name="hidMissionLayerId" type="Hash64">FFFFFFFFFFFFFFFF</field>
        <field name="text_hidCategory" type="String"></field>
        <field name="hidCategory" type="Hash32">FFFFFFFF</field>
        <field name="ForceMerge" type="Boolean">True</field>
      </object>
      <object name="CNavLinkComponent">
        <field name="hidHasAliasName" type="Boolean">False</field>
        <field name="hidInjected" type="Boolean">True</field>
        <field name="bValid" type="BinHex">01</field>
        <field name="bActivated" type="BinHex">01</field>
        <field name="bCanUseFirstEntry" type="BinHex">01</field>
        <field name="bCanUseSecondEntry" type="BinHex">01</field>
        <field name="selNavMeshLayer" type="BinHex">00000000</field>
      </object>
      <object name="CIgnitorComponent">
        <field name="hidHasAliasName" type="Boolean">False</field>
        <field name="hidInjected" type="Boolean">True</field>
        <field name="fireobjObjectProfile_SP" type="Id64">3193554488</field>
        <field name="fireobjObjectProfile_MP" type="Id64">3193554488</field>
        <field name="bIgniteAutoFire" type="BinHex">00</field>
        <field name="bIgniteNoPropagate" type="BinHex">00</field>
        <field name="bUseLargeParticlePool" type="BinHex">00</field>
        <object name="IgnitorStims">
          <field name="bIgniteOnBurn" type="BinHex">01</field>
          <field name="bIgniteOnPierce" type="BinHex">00</field>
          <field name="bIgniteOnCrush" type="BinHex">00</field>
          <field name="bIgniteOnExplosion" type="BinHex">00</field>
          <field name="bIgniteOnMolotovExplosion" type="BinHex">01</field>
          <field name="bIgniteOnPoison" type="BinHex">00</field>
          <field name="bIgniteOnUse" type="BinHex">00</field>
        </object>
      </object>
    </object>
  </object>
  <object name="ResPack">
    <field name="Count" type="BinHex">03000000</field>
    <object name="ResList">
      <field name="TypeId" type="Hash32">3AE88EFD</field>
      <field name="ResIds" type="BinHex">01000000BF8310D18E8731E9</field>
    </object>
    <object name="ResList">
      <field name="TypeId" type="Hash32">84A30AF0</field>
      <field name="ResIds" type="BinHex">010000000040E19B9C2C3D42</field>
    </object>
    <object name="ResList">
      <field name="TypeId" type="Hash32">86E8E8BE</field>
      <field name="ResIds" type="BinHex">01000000BF8310D18EACADFB</field>
    </object>
  </object>
</object>