﻿<?xml version="1.0" encoding="utf-8"?>
<object name="EntityPrototype" def="ark">
  <field name="disLibItemId" type="Id64">153129974201985815</field>
  <field name="text_hidArchetypeResId" type="String">entityarchetypeslibrary\153129974201985815.ark.fcb</field>
  <field name="hidArchetypeResId" type="Hash64">C74B8898A10FE4EE</field>
  <field name="Name" type="String">Domino/DominoOmniEntity</field>
  <field name="ArchetypeName" type="String">fcc_missions:domino/dominoomnientity</field>
  <object name="Entity">
    <field name="hidName" type="String">FCC_Missions:Domino/DominoOmniEntity</field>
    <field name="text_hidEntityClass" type="String">COmniEntity</field>
    <field name="hidEntityClass" type="Hash32">85B9AF9E</field>
    <field name="hidResourceCount" type="Int32">0</field>
    <field name="hidConstEntity" type="Boolean">False</field>
    <field name="text_hidArchetypeResId" type="String">entityarchetypeslibrary\153129974201985815.ark.fcb</field>
    <field name="hidArchetypeResId" type="Hash64">C74B8898A10FE4EE</field>
    <object name="Components">
      <object name="CDominoComponent">
        <field name="hidHasAliasName" type="Boolean">False</field>
        <field name="hidStartOnLoad" type="Boolean">False</field>
        <field name="hidStartByOwner" type="BinHex">00</field>
        <field name="hidParentPrefabId" type="BinHex">FFFFFFFFFFFFFFFF</field>
        <object name="ScriptDescriptor">
          <field name="fileScriptPath" type="String"></field>
          <object name="DominoInputs" />
        </object>
      </object>
      <object name="CTriggerComponent">
        <field name="hidHasAliasName" type="Boolean">False</field>
        <field name="static" type="Boolean">False</field>
        <field name="hidRaycast" type="Boolean">False</field>
        <field name="bIsSphere" type="BinHex">00</field>
      </object>
      <object name="CProximityTriggerComponent">
        <field name="hidHasAliasName" type="Boolean">False</field>
        <field name="bEnabled" type="Boolean">True</field>
        <field name="vectorSize" type="Vector3">1,1,1</field>
        <field name="bUseBoundingBoxOverride" type="BinHex">00</field>
        <field name="bUsable" type="Boolean">False</field>
        <field name="bExclusiveUser" type="BinHex">00</field>
        <field name="selUsableBy" type="Enum">2</field>
        <field name="bAllowTriggerByNonPlayers" type="BinHex">00</field>
        <field name="selLocomotionFilter" type="BinHex">00000000</field>
        <field name="sUsageString" type="String"></field>
        <field name="locidDisplayInteractionString" type="BinHex">00000000</field>
        <object name="UseRestrictions">
          <field name="bIsInsideToUse" type="BinHex">00</field>
          <field name="bLookAtCheck" type="Boolean">True</field>
          <field name="fMaxDifLookAt" type="Float32">0.3</field>
          <field name="bAngleCheck" type="BinHex">00</field>
        </object>
      </object>
    </object>
  </object>
  <object name="ResPack" />
</object>