﻿<?xml version="1.0" encoding="utf-8"?>
<object name="EntityPrototype" def="ark">
  <field name="disLibItemId" type="Id64">153260830273025459</field>
  <field name="text_hidArchetypeResId" type="String">entityarchetypeslibrary\153260830273025459.ark.fcb</field>
  <field name="hidArchetypeResId" type="Hash64">AB25F908BDD114CF</field>
  <field name="Name" type="String">groups/groups/Dolpo_MediumTemple/Dolpo_MediumTemple_A_01_Interior_0</field>
  <field name="ArchetypeName" type="String">ige_archetypes:groups/groups/dolpo_mediumtemple/dolpo_mediumtemple_a_01_interior_0</field>
  <object name="Entity">
    <field name="hidName" type="String">ige_archetypes:groups/groups/Dolpo_MediumTemple/Dolpo_MediumTemple_A_01_Interior_0</field>
    <field name="text_hidEntityClass" type="String">CEntity</field>
    <field name="hidEntityClass" type="Hash32">50C95067</field>
    <field name="hidResourceCount" type="Int32">1</field>
    <field name="hidConstEntity" type="Boolean">False</field>
    <field name="text_hidArchetypeResId" type="String">entityarchetypeslibrary\153260830273025459.ark.fcb</field>
    <field name="hidArchetypeResId" type="Hash64">AB25F908BDD114CF</field>
    <object name="Components">
      <object name="CFileDescriptorComponent">
        <field name="hidHasAliasName" type="Boolean">False</field>
        <field name="text_fileName" type="String">graphics\_singleplayer\buildings\dolpo\dolpo_mediumtemple_a_interior_01.xml</field>
        <field name="fileName" type="Hash64">F50D536F4BA4BB90</field>
        <field name="hidDescriptor" type="Rml">
          <rml>
            <hidDescriptor>
              <component class="GraphicComponent" version="2" detail="0">
                <object index="0" boneName="Dolpo_MediumTemple_A_Interior_01_LOD0" bboxMin="-7.50851,-7.5154,0.0712104" bboxMax="4.62745,4.64691,4.77773" />
                <resource fileName="graphics\_SinglePlayer\Buildings\Dolpo\Dolpo_MediumTemple_A_Interior_01.xbg" bboxMin="-7.50851,-7.5154,0.0712104" bboxMax="4.63769,4.64691,4.77773" />
                <skeleton_reference_list>
                  <skeleton name="Dolpo_MediumTemple_A_Interior_01" index="0" pos="0,0,0" rot="1,-0,-0,-0" />
                </skeleton_reference_list>
                <material_reference_list>
                  <material name="FcG_ConcreteBroken_01" shader_name="Generic_FC3" ref_shader_id="arodrigue2-M-20130718083834" hd="0" />
                  <material name="FcG_WoodPainted_Burgandy" shader_name="Generic_FC3" ref_shader_id="ipapismado-M-20130620144833" hd="0" />
                  <material name="FcG_EarthDry_01" shader_name="Generic_FC3" ref_shader_id="skovalchuk-M-20130521105145" hd="0" />
                  <material name="Sim_EarthDry_01" shader_name="Simple" ref_shader_id="sdesjardins-M-20140813182316" hd="0" />
                  <material name="Sim_ConcretePainted_01" shader_name="Simple" ref_shader_id="arodrigue2-M-20140403134333" hd="0" />
                </material_reference_list>
              </component>
              <component class="InteriorVolumeComponent" version="1" detail="0" />
            </hidDescriptor>
          </rml>
        </field>
      </object>
      <object name="CGraphicComponent">
        <field name="hidHasAliasName" type="Boolean">True</field>
        <field name="hidComponentClassName" type="String">CStaticGraphicComponent</field>
        <field name="bCastShadow" type="Boolean">True</field>
        <field name="bReceiveShadow" type="Boolean">True</field>
        <field name="bCastAmbientShadow" type="Boolean">True</field>
        <field name="olgLightGroup" type="Int32">129</field>
        <field name="bShowInReflection" type="Boolean">True</field>
        <field name="bAlwaysShowInReflection" type="Boolean">False</field>
        <field name="bHighLight" type="Boolean">False</field>
        <field name="bLodDitheringEnable" type="Boolean">True</field>
        <field name="matIntuitionMaterialName" type="String"></field>
        <field name="bShowThroughWithFlashing" type="Boolean">False</field>
        <field name="bBackDrop" type="Boolean">False</field>
        <field name="bDisableMip0ResourceLoading" type="BinHex">00</field>
        <field hash="F41DCC4F" type="BinHex">0000000000000000</field>
        <field name="hidIndex" type="Int32">0</field>
        <field name="text_fileModel" type="String">graphics\_singleplayer\buildings\dolpo\dolpo_mediumtemple_a_interior_01.xbg</field>
        <field name="fileModel" type="Hash64">FA54C36F4BA4BB90</field>
        <field name="hidMeshName" type="String"></field>
        <field name="hidScale" type="Vector3">1,1,1</field>
        <object name="MaterialLightSwitch">
          <field name="hidSharedDataHandlerHash" type="Hash64">F71E26EDE1CFB8C1</field>
          <object name="MaterialSlots">
            <object name="Material">
              <field name="text_disSlotPathId" type="String">graphics\_materials\arodrigue2-m-20140403134333.material.bin</field>
              <field name="disSlotPathId" type="Hash64">06B0FAB48E653BE4</field>
              <field name="text_matMaterial" type="String"></field>
              <field name="matMaterial" type="Hash64">FFFFFFFFFFFFFFFF</field>
              <field name="disHD" type="BinHex">00</field>
            </object>
            <object name="Material">
              <field name="text_disSlotPathId" type="String">graphics\_materials\ipapismado-m-20130620144833.material.bin</field>
              <field name="disSlotPathId" type="Hash64">3329396C43E405CD</field>
              <field name="text_matMaterial" type="String"></field>
              <field name="matMaterial" type="Hash64">FFFFFFFFFFFFFFFF</field>
              <field name="disHD" type="BinHex">00</field>
            </object>
            <object name="Material">
              <field name="text_disSlotPathId" type="String">graphics\_materials\arodrigue2-m-20130718083834.material.bin</field>
              <field name="disSlotPathId" type="Hash64">85DB1D7349AAFD78</field>
              <field name="text_matMaterial" type="String"></field>
              <field name="matMaterial" type="Hash64">FFFFFFFFFFFFFFFF</field>
              <field name="disHD" type="BinHex">00</field>
            </object>
            <object name="Material">
              <field name="text_disSlotPathId" type="String">graphics\_materials\skovalchuk-m-20130521105145.material.bin</field>
              <field name="disSlotPathId" type="Hash64">A2BB38A2DE269CF7</field>
              <field name="text_matMaterial" type="String"></field>
              <field name="matMaterial" type="Hash64">FFFFFFFFFFFFFFFF</field>
              <field name="disHD" type="BinHex">00</field>
            </object>
            <object name="Material">
              <field name="text_disSlotPathId" type="String">graphics\_materials\sdesjardins-m-20140813182316.material.bin</field>
              <field name="disSlotPathId" type="Hash64">FB37252913D0D14C</field>
              <field name="text_matMaterial" type="String"></field>
              <field name="matMaterial" type="Hash64">FFFFFFFFFFFFFFFF</field>
              <field name="disHD" type="BinHex">00</field>
            </object>
          </object>
        </object>
        <object name="MaterialOverrides">
          <field name="hidSharedDataHandlerHash" type="Hash64">7B2A1684E6289590</field>
          <object name="MaterialSlots">
            <object name="Material">
              <field name="text_disSlotPathId" type="String">graphics\_materials\arodrigue2-m-20140403134333.material.bin</field>
              <field name="disSlotPathId" type="Hash64">06B0FAB48E653BE4</field>
              <field name="text_matMaterial" type="String"></field>
              <field name="matMaterial" type="Hash64">FFFFFFFFFFFFFFFF</field>
              <field name="disHD" type="BinHex">00</field>
            </object>
            <object name="Material">
              <field name="text_disSlotPathId" type="String">graphics\_materials\ipapismado-m-20130620144833.material.bin</field>
              <field name="disSlotPathId" type="Hash64">3329396C43E405CD</field>
              <field name="text_matMaterial" type="String"></field>
              <field name="matMaterial" type="Hash64">FFFFFFFFFFFFFFFF</field>
              <field name="disHD" type="BinHex">00</field>
            </object>
            <object name="Material">
              <field name="text_disSlotPathId" type="String">graphics\_materials\arodrigue2-m-20130718083834.material.bin</field>
              <field name="disSlotPathId" type="Hash64">85DB1D7349AAFD78</field>
              <field name="text_matMaterial" type="String"></field>
              <field name="matMaterial" type="Hash64">FFFFFFFFFFFFFFFF</field>
              <field name="disHD" type="BinHex">00</field>
            </object>
            <object name="Material">
              <field name="text_disSlotPathId" type="String">graphics\_materials\skovalchuk-m-20130521105145.material.bin</field>
              <field name="disSlotPathId" type="Hash64">A2BB38A2DE269CF7</field>
              <field name="text_matMaterial" type="String"></field>
              <field name="matMaterial" type="Hash64">FFFFFFFFFFFFFFFF</field>
              <field name="disHD" type="BinHex">00</field>
            </object>
            <object name="Material">
              <field name="text_disSlotPathId" type="String">graphics\_materials\sdesjardins-m-20140813182316.material.bin</field>
              <field name="disSlotPathId" type="Hash64">FB37252913D0D14C</field>
              <field name="text_matMaterial" type="String"></field>
              <field name="matMaterial" type="Hash64">FFFFFFFFFFFFFFFF</field>
              <field name="disHD" type="BinHex">00</field>
            </object>
          </object>
        </object>
        <object name="hidModelLODs" />
        <object name="hidModelDistancesLODs" />
      </object>
      <object name="CMinimapComponent">
        <field name="hidHasAliasName" type="Boolean">False</field>
        <field name="minimapobjectinfoObjectInfo" type="BinHex">FFFFFFFF00000000</field>
      </object>
      <object name="CCoverComponent">
        <field name="hidHasAliasName" type="Boolean">False</field>
        <field name="hidInjected" type="Boolean">True</field>
        <object name="Covers">
          <object name="Cover">
            <field name="bUseMetadataOnEmptyInstance" type="BinHex">01</field>
            <field name="bIsFPCover" type="BinHex">01</field>
            <field name="hidTransform" type="BinHex">0000803F000000000000000000000000000000000000803F000000000000000000000000000000000000803F000000000000000000000000000000000000803F</field>
            <field name="selCoverObjectType" type="BinHex">00000000</field>
            <object name="hidCoverInformation">
              <object name="hidState">
                <object name="hidCover">
                  <field name="State" type="BinHex">FFFFFFFF</field>
                  <object name="CoverPoints" />
                  <object name="CoverLinks" />
                  <object name="CoverAnchors" />
                </object>
              </object>
            </object>
          </object>
        </object>
      </object>
    </object>
  </object>
  <object name="ResPack">
    <field name="Count" type="BinHex">01000000</field>
    <object name="ResList">
      <field name="TypeId" type="Hash32">86E8E8BE</field>
      <field name="ResIds" type="BinHex">0100000090BBA44B6FC354FA</field>
    </object>
  </object>
</object>