﻿<?xml version="1.0" encoding="utf-8"?>
<object name="EntityPrototype" def="ark">
  <field name="disLibItemId" type="Id64">15726708308839150472</field>
  <field name="text_hidArchetypeResId" type="String">entityarchetypeslibrary\15726708308839150472.ark.fcb</field>
  <field name="hidArchetypeResId" type="Hash64">A8AC56DED2EC2029</field>
  <field name="Name" type="String">prefabs/FCC_OW_Prefabs/GenericHamlets/GamblingHouseB/Table_BackCounter_01_7</field>
  <field name="ArchetypeName" type="String">ige_archetypes:prefabs/fcc_ow_prefabs/generichamlets/gamblinghouseb/table_backcounter_01_7</field>
  <object name="Entity">
    <field name="hidName" type="String">ige_archetypes:prefabs/FCC_OW_Prefabs/GenericHamlets/GamblingHouseB/Table_BackCounter_01_7</field>
    <field name="text_hidEntityClass" type="String">CEntity</field>
    <field name="hidEntityClass" type="Hash32">50C95067</field>
    <field name="hidResourceCount" type="Int32">2</field>
    <field name="hidConstEntity" type="Boolean">False</field>
    <field name="text_hidArchetypeResId" type="String">entityarchetypeslibrary\15726708308839150472.ark.fcb</field>
    <field name="hidArchetypeResId" type="Hash64">A8AC56DED2EC2029</field>
    <object name="Components">
      <object name="CFileDescriptorComponent">
        <field name="hidHasAliasName" type="Boolean">False</field>
        <field name="text_fileName" type="String">graphics\_singleplayer\props\furnitures\table_backcounter_01.xml</field>
        <field name="fileName" type="Hash64">2EC2AE8371993A26</field>
        <field name="hidDescriptor" type="Rml">
          <rml>
            <hidDescriptor>
              <component class="GraphicComponent" version="2" detail="0">
                <object index="0" boneName="Table_BackCounter_01_LOD0" bboxMin="-0.575,-0.325,0" bboxMax="0.575,0.329456,1" />
                <resource fileName="graphics\_SinglePlayer\Props\Furnitures\Table_BackCounter_01.xbg" bboxMin="-0.575,-0.325,0" bboxMax="0.575,0.329456,1" />
                <skeleton_reference_list>
                  <skeleton name="Table_BackCounter_01" index="0" pos="0,0,0" rot="1,-0,-0,-0" />
                </skeleton_reference_list>
                <material_reference_list>
                  <material name="FcG_MetalSimple_01" shader_name="Generic_FC3" ref_shader_id="skovalchuk-M-20130710152614" hd="0" />
                  <material name="FcG_WoodPaintedLarge_Green" shader_name="Generic_FC3" ref_shader_id="ipapismado-M-20130819143102" hd="0" />
                  <material name="Sim_Mosaic_01" shader_name="Simple" ref_shader_id="skovalchuk-M-20130819095708" hd="0" />
                  <material name="FcG_WoodPainted_Green" shader_name="Generic_FC3" ref_shader_id="ipapismado-M-20130819143148" hd="0" />
                </material_reference_list>
              </component>
              <component class="InteriorVolumeComponent" version="1" detail="0" />
              <component class="StaticPhysComponent">
                <resource fileName="graphics\_SinglePlayer\Props\Furnitures\Table_BackCounter_01.hkx" />
              </component>
            </hidDescriptor>
          </rml>
        </field>
      </object>
      <object name="CObjectIgnitorCreatorComponent">
        <field name="hidHasAliasName" type="Boolean">False</field>
      </object>
      <object name="CGraphicComponent">
        <field name="hidHasAliasName" type="Boolean">True</field>
        <field name="hidComponentClassName" type="String">CStaticGraphicComponent</field>
        <field name="bCastShadow" type="Boolean">True</field>
        <field name="bReceiveShadow" type="Boolean">True</field>
        <field name="bCastAmbientShadow" type="Boolean">True</field>
        <field name="olgLightGroup" type="Int32">129</field>
        <field name="bShowInReflection" type="Boolean">False</field>
        <field name="bAlwaysShowInReflection" type="Boolean">False</field>
        <field name="bHighLight" type="Boolean">False</field>
        <field name="bLodDitheringEnable" type="Boolean">True</field>
        <field name="matIntuitionMaterialName" type="String"></field>
        <field name="bShowThroughWithFlashing" type="Boolean">False</field>
        <field name="bBackDrop" type="Boolean">False</field>
        <field name="bDisableMip0ResourceLoading" type="BinHex">00</field>
        <field hash="F41DCC4F" type="BinHex">0000000000000000</field>
        <field name="hidIndex" type="Int32">0</field>
        <field name="text_fileModel" type="String">graphics\_singleplayer\props\furnitures\table_backcounter_01.xbg</field>
        <field name="fileModel" type="Hash64">219B3E8371993A26</field>
        <field name="hidMeshName" type="String"></field>
        <field name="hidScale" type="Vector3">1,1,1</field>
        <object name="MaterialLightSwitch">
          <field name="hidSharedDataHandlerHash" type="Hash64">B7645296D4FD6052</field>
          <object name="MaterialSlots">
            <object name="Material">
              <field name="text_disSlotPathId" type="String">graphics\_materials\skovalchuk-m-20130710152614.material.bin</field>
              <field name="disSlotPathId" type="Hash64">07EDDE130739FB40</field>
              <field name="text_matMaterial" type="String"></field>
              <field name="matMaterial" type="Hash64">FFFFFFFFFFFFFFFF</field>
              <field name="disHD" type="BinHex">00</field>
            </object>
            <object name="Material">
              <field name="text_disSlotPathId" type="String">graphics\_materials\ipapismado-m-20130819143102.material.bin</field>
              <field name="disSlotPathId" type="Hash64">66D969634172D3A9</field>
              <field name="text_matMaterial" type="String"></field>
              <field name="matMaterial" type="Hash64">FFFFFFFFFFFFFFFF</field>
              <field name="disHD" type="BinHex">00</field>
            </object>
            <object name="Material">
              <field name="text_disSlotPathId" type="String">graphics\_materials\ipapismado-m-20130819143148.material.bin</field>
              <field name="disSlotPathId" type="Hash64">66D96963417A74BD</field>
              <field name="text_matMaterial" type="String"></field>
              <field name="matMaterial" type="Hash64">FFFFFFFFFFFFFFFF</field>
              <field name="disHD" type="BinHex">00</field>
            </object>
            <object name="Material">
              <field name="text_disSlotPathId" type="String">graphics\_materials\skovalchuk-m-20130819095708.material.bin</field>
              <field name="disSlotPathId" type="Hash64">6994398777CD1DD4</field>
              <field name="text_matMaterial" type="String"></field>
              <field name="matMaterial" type="Hash64">FFFFFFFFFFFFFFFF</field>
              <field name="disHD" type="BinHex">00</field>
            </object>
          </object>
        </object>
        <object name="MaterialOverrides">
          <field name="hidSharedDataHandlerHash" type="Hash64">A5C7E4E06382D92A</field>
          <object name="MaterialSlots">
            <object name="Material">
              <field name="text_disSlotPathId" type="String">graphics\_materials\skovalchuk-m-20130710152614.material.bin</field>
              <field name="disSlotPathId" type="Hash64">07EDDE130739FB40</field>
              <field name="text_matMaterial" type="String"></field>
              <field name="matMaterial" type="Hash64">FFFFFFFFFFFFFFFF</field>
              <field name="disHD" type="BinHex">00</field>
            </object>
            <object name="Material">
              <field name="text_disSlotPathId" type="String">graphics\_materials\ipapismado-m-20130819143102.material.bin</field>
              <field name="disSlotPathId" type="Hash64">66D969634172D3A9</field>
              <field name="text_matMaterial" type="String"></field>
              <field name="matMaterial" type="Hash64">FFFFFFFFFFFFFFFF</field>
              <field name="disHD" type="BinHex">00</field>
            </object>
            <object name="Material">
              <field name="text_disSlotPathId" type="String">graphics\_materials\ipapismado-m-20130819143148.material.bin</field>
              <field name="disSlotPathId" type="Hash64">66D96963417A74BD</field>
              <field name="text_matMaterial" type="String"></field>
              <field name="matMaterial" type="Hash64">FFFFFFFFFFFFFFFF</field>
              <field name="disHD" type="BinHex">00</field>
            </object>
            <object name="Material">
              <field name="text_disSlotPathId" type="String">graphics\_materials\skovalchuk-m-20130819095708.material.bin</field>
              <field name="disSlotPathId" type="Hash64">6994398777CD1DD4</field>
              <field name="text_matMaterial" type="String"></field>
              <field name="matMaterial" type="Hash64">FFFFFFFFFFFFFFFF</field>
              <field name="disHD" type="BinHex">00</field>
            </object>
          </object>
        </object>
        <object name="hidModelLODs" />
        <object name="hidModelDistancesLODs" />
      </object>
      <object name="CStaticPhysComponent">
        <field name="hidHasAliasName" type="Boolean">False</field>
        <field name="text_hidResourceId" type="String">graphics\_singleplayer\props\furnitures\table_backcounter_01.hkx</field>
        <field name="hidResourceId" type="Hash64">3307158371993A26</field>
        <field hash="C784A41F" type="BinHex">01</field>
        <field name="bUseMaxTerrainSlope" type="Boolean">False</field>
        <field name="bIgnoreInExplosions" type="Boolean">False</field>
        <field name="selOverrideSlideAngle" type="BinHex">00000000</field>
        <field name="bAnimateable" type="Boolean">False</field>
        <field hash="AAFA0C31" type="BinHex">00</field>
        <field hash="BF1EB181" type="BinHex">00</field>
        <field name="bIgnoreBreakableEventsForEver" type="BinHex">00</field>
        <field name="bIgnoreBreakableEventsTemporarily" type="BinHex">00</field>
        <field name="bImmuneToDamage" type="BinHex">00</field>
        <field name="bNoCollision" type="BinHex">00</field>
        <field name="bLargeEntity" type="Boolean">False</field>
        <field name="hidResourceIndex" type="Int32">0</field>
        <field name="bEncounterTeleportToGroundOnCreate" type="BinHex">00</field>
        <field name="bNoDecals" type="BinHex">00</field>
        <field name="bPatchNavmesh" type="BinHex">00</field>
        <field name="bAffectNavMesh" type="Boolean">True</field>
        <object name="LogicMaterialOverrides" />
        <object name="hidTheSharedMap">
          <field name="hidSharedDataHandlerHash" type="Hash64">86B8C40898DE0042</field>
        </object>
      </object>
      <object name="CCoverComponent">
        <field name="hidHasAliasName" type="Boolean">False</field>
        <object name="Covers">
          <object name="Cover">
            <field name="bUseMetadataOnEmptyInstance" type="BinHex">01</field>
            <field name="bIsFPCover" type="BinHex">01</field>
            <field name="hidTransform" type="BinHex">0000803F000000000000000000000000000000000000803F000000000000000000000000000000000000803F000000000000000000000000000000000000803F</field>
            <field name="selCoverObjectType" type="BinHex">00000000</field>
            <object name="hidCoverInformation">
              <object name="hidState">
                <object name="hidCover">
                  <field name="State" type="BinHex">FFFFFFFF</field>
                  <object name="CoverPoints" />
                  <object name="CoverLinks" />
                  <object name="CoverAnchors" />
                </object>
              </object>
            </object>
          </object>
        </object>
      </object>
      <object hash="0C5A5F7D">
        <field name="hidHasAliasName" type="Boolean">False</field>
        <object hash="D89DA0E2">
          <field name="sndvarMIMUHBRes" type="BinHex">01000000</field>
          <field hash="EB9B8FFE" type="BinHex">00000000</field>
          <field name="MaterialId" type="BinHex">00000000</field>
          <field name="RulesBus" type="BinHex">00000000</field>
        </object>
      </object>
      <object name="CInteriorVolumeComponent">
        <field name="hidHasAliasName" type="Boolean">False</field>
        <field name="text_fileModel" type="String"></field>
        <field name="fileModel" type="Hash64">FFFFFFFFFFFFFFFF</field>
        <field name="intambientInteriorAmbient" type="Id64">4294967295</field>
        <field name="bEnabled" type="Boolean">True</field>
        <field name="Priority" type="UInt32">0</field>
      </object>
      <object name="CMinimapComponent">
        <field name="hidHasAliasName" type="Boolean">False</field>
        <field name="minimapobjectinfoObjectInfo" type="BinHex">FFFFFFFF00000000</field>
      </object>
      <object name="CIgnitorComponent">
        <field name="hidHasAliasName" type="Boolean">False</field>
        <field name="hidInjected" type="Boolean">True</field>
        <field name="fireobjObjectProfile_SP" type="Id64">3193554488</field>
        <field name="fireobjObjectProfile_MP" type="Id64">4294967295</field>
        <field name="bIgniteAutoFire" type="BinHex">00</field>
        <field name="bIgniteNoPropagate" type="BinHex">00</field>
        <field name="bUseLargeParticlePool" type="BinHex">00</field>
        <object name="IgnitorStims">
          <field name="bIgniteOnBurn" type="BinHex">01</field>
          <field name="bIgniteOnPierce" type="BinHex">00</field>
          <field name="bIgniteOnCrush" type="BinHex">00</field>
          <field name="bIgniteOnExplosion" type="BinHex">00</field>
          <field name="bIgniteOnMolotovExplosion" type="BinHex">00</field>
          <field name="bIgniteOnPoison" type="BinHex">00</field>
          <field name="bIgniteOnUse" type="BinHex">00</field>
        </object>
      </object>
    </object>
  </object>
  <object name="ResPack">
    <field name="Count" type="BinHex">02000000</field>
    <object name="ResList">
      <field name="TypeId" type="Hash32">3AE88EFD</field>
      <field name="ResIds" type="BinHex">01000000263A997183150733</field>
    </object>
    <object name="ResList">
      <field name="TypeId" type="Hash32">86E8E8BE</field>
      <field name="ResIds" type="BinHex">01000000263A9971833E9B21</field>
    </object>
  </object>
</object>