﻿<?xml version="1.0" encoding="utf-8"?>
<object name="EntityPrototype" def="ark">
  <field name="disLibItemId" type="Id64">1576398312559359264</field>
  <field name="text_hidArchetypeResId" type="String">entityarchetypeslibrary\1576398312559359264.ark.fcb</field>
  <field name="hidArchetypeResId" type="Hash64">5236C2E6EAD4B08A</field>
  <field name="Name" type="String">groups/groups/GiantStatue_Head/GiantStatue_Face</field>
  <field name="ArchetypeName" type="String">ige_archetypes:groups/groups/giantstatue_head/giantstatue_face</field>
  <object name="Entity">
    <field name="hidName" type="String">ige_archetypes:groups/groups/GiantStatue_Head/GiantStatue_Face</field>
    <field name="text_hidEntityClass" type="String">CEntity</field>
    <field name="hidEntityClass" type="Hash32">50C95067</field>
    <field name="hidResourceCount" type="Int32">3</field>
    <field name="hidConstEntity" type="Boolean">False</field>
    <field name="text_hidArchetypeResId" type="String">entityarchetypeslibrary\1576398312559359264.ark.fcb</field>
    <field name="hidArchetypeResId" type="Hash64">5236C2E6EAD4B08A</field>
    <object name="Components">
      <object name="CFileDescriptorComponent">
        <field name="hidHasAliasName" type="Boolean">False</field>
        <field name="text_fileName" type="String">graphics\_singleplayer\infrastructures\giantstatue\giantstatue_face01.xml</field>
        <field name="fileName" type="Hash64">F3B1D8E7C150BB60</field>
        <field name="hidDescriptor" type="Rml">
          <rml>
            <hidDescriptor>
              <component class="GraphicComponent" version="2" detail="0">
                <object index="0" boneName="GiantStatue_Face01_LOD0" bboxMin="-4.56596,-6.09939,29.139" bboxMax="4.56619,3.80729,40.5364" />
                <resource fileName="graphics\_SinglePlayer\Infrastructures\GiantStatue\GiantStatue_Face01.xbg" bboxMin="-4.59173,-6.12355,29.1005" bboxMax="4.57013,3.80729,40.6087" />
                <skeleton_reference_list>
                  <skeleton name="GiantStatue_Face01" index="0" pos="0,0,0" rot="1,-0,-0,-0" />
                </skeleton_reference_list>
                <material_reference_list>
                  <material name="GiantStatue_Break_01" shader_name="Generic_FC3" ref_shader_id="nbrdar-M-20130905175526" hd="0" />
                  <material name="GiantStatue_Color_Blue" shader_name="Generic_FC3" ref_shader_id="ipapismado-M-20130822165034" hd="0" />
                </material_reference_list>
              </component>
              <component class="InteriorVolumeComponent" version="1" detail="0" />
              <component class="StaticPhysComponent">
                <resource fileName="graphics\_SinglePlayer\Infrastructures\GiantStatue\GiantStatue_Face01.hkx" />
              </component>
            </hidDescriptor>
          </rml>
        </field>
      </object>
      <object name="CGraphicComponent">
        <field name="hidHasAliasName" type="Boolean">False</field>
        <field name="bCastShadow" type="Boolean">True</field>
        <field name="bReceiveShadow" type="Boolean">True</field>
        <field name="bCastAmbientShadow" type="Boolean">True</field>
        <field name="olgLightGroup" type="Int32">129</field>
        <field name="bShowInReflection" type="Boolean">True</field>
        <field name="bAlwaysShowInReflection" type="Boolean">False</field>
        <field name="bHighLight" type="Boolean">False</field>
        <field name="bLodDitheringEnable" type="Boolean">True</field>
        <field name="matIntuitionMaterialName" type="String"></field>
        <field name="bShowThroughWithFlashing" type="Boolean">False</field>
        <field name="bBackDrop" type="Boolean">False</field>
        <field name="bDisableMip0ResourceLoading" type="BinHex">00</field>
        <field hash="F41DCC4F" type="BinHex">0000000000000000</field>
        <field name="bAllowCullBySize" type="Boolean">True</field>
        <field name="bMotionBlurExclusion" type="Boolean">False</field>
        <field name="text_currentSkin" type="String"></field>
        <field name="currentSkin" type="Hash32">FFFFFFFF</field>
        <field name="bUseCurrentSkin" type="Boolean">False</field>
        <object name="MaterialLightSwitch">
          <field name="hidSharedDataHandlerHash" type="Hash64">F0EB33A53BB1A5EF</field>
          <object name="MaterialSlots">
            <object name="Material">
              <field name="text_disSlotPathId" type="String">graphics\_materials\ipapismado-m-20130822165034.material.bin</field>
              <field name="disSlotPathId" type="Hash64">0971FF8FF508DE67</field>
              <field name="text_matMaterial" type="String"></field>
              <field name="matMaterial" type="Hash64">FFFFFFFFFFFFFFFF</field>
              <field name="disHD" type="BinHex">00</field>
            </object>
            <object name="Material">
              <field name="text_disSlotPathId" type="String">graphics\_materials\nbrdar-m-20130905175526.material.bin</field>
              <field name="disSlotPathId" type="Hash64">BC8FDD67F9D56694</field>
              <field name="text_matMaterial" type="String"></field>
              <field name="matMaterial" type="Hash64">FFFFFFFFFFFFFFFF</field>
              <field name="disHD" type="BinHex">00</field>
            </object>
          </object>
        </object>
        <object name="MaterialOverrides">
          <field name="hidSharedDataHandlerHash" type="Hash64">3ADDFB5B828F5A8F</field>
          <object name="MaterialSlots">
            <object name="Material">
              <field name="text_disSlotPathId" type="String">graphics\_materials\ipapismado-m-20130822165034.material.bin</field>
              <field name="disSlotPathId" type="Hash64">0971FF8FF508DE67</field>
              <field name="text_matMaterial" type="String"></field>
              <field name="matMaterial" type="Hash64">FFFFFFFFFFFFFFFF</field>
              <field name="disHD" type="BinHex">00</field>
            </object>
            <object name="Material">
              <field name="text_disSlotPathId" type="String">graphics\_materials\nbrdar-m-20130905175526.material.bin</field>
              <field name="disSlotPathId" type="Hash64">BC8FDD67F9D56694</field>
              <field name="text_matMaterial" type="String"></field>
              <field name="matMaterial" type="Hash64">FFFFFFFFFFFFFFFF</field>
              <field name="disHD" type="BinHex">00</field>
            </object>
          </object>
        </object>
        <object name="SkinList">
          <object name="Skin">
            <field name="text_name" type="String"></field>
            <field name="name" type="Hash32">FFFFFFFF</field>
            <field name="locSkinNameId" type="Int32">-1</field>
            <field name="bIsExcludedFromRandomSkin" type="Boolean">False</field>
            <object name="MaterialOverrides">
              <field name="hidSharedDataHandlerHash" type="Hash64">1A9641302CFD8B37</field>
              <object name="MaterialSlots" />
            </object>
          </object>
        </object>
        <object name="object">
          <field name="hidIndex" type="Int32">0</field>
          <field name="text_fileModel" type="String">graphics\_singleplayer\infrastructures\giantstatue\giantstatue_face01.xbg</field>
          <field name="fileModel" type="Hash64">FCE848E7C150BB60</field>
          <field name="hidMeshName" type="String"></field>
          <field name="text_hidNodeName" type="String">GiantStatue_Face01</field>
          <field name="hidNodeName" type="Hash32">7B5EF712</field>
          <field name="text_hidNodeNameLOD0" type="String">GiantStatue_Face01_LOD0</field>
          <field name="hidNodeNameLOD0" type="Hash32">CFD171A9</field>
          <field name="hidDetailObject" type="Boolean">False</field>
        </object>
        <object name="object">
          <field name="hidIndex" type="Int32">1</field>
          <field name="text_fileModel" type="String"></field>
          <field name="fileModel" type="Hash64">FFFFFFFFFFFFFFFF</field>
          <field name="hidMeshName" type="String"></field>
          <field name="text_hidNodeName" type="String"></field>
          <field name="hidNodeName" type="Hash32">FFFFFFFF</field>
          <field name="text_hidNodeNameLOD0" type="String"></field>
          <field name="hidNodeNameLOD0" type="Hash32">FFFFFFFF</field>
          <field name="hidDetailObject" type="Boolean">False</field>
        </object>
        <object name="hidSharedDescriptors">
          <field name="hidSharedDataHandlerHash" type="Hash64">1D85518878BB9459</field>
        </object>
      </object>
      <object name="CStaticPhysComponent">
        <field name="hidHasAliasName" type="Boolean">False</field>
        <field name="text_hidResourceId" type="String">graphics\_singleplayer\infrastructures\giantstatue\giantstatue_face01.hkx</field>
        <field name="hidResourceId" type="Hash64">EE7463E7C150BB60</field>
        <field hash="C784A41F" type="BinHex">01</field>
        <field name="bUseMaxTerrainSlope" type="Boolean">False</field>
        <field name="bIgnoreInExplosions" type="Boolean">False</field>
        <field name="selOverrideSlideAngle" type="BinHex">00000000</field>
        <field name="bAnimateable" type="Boolean">False</field>
        <field hash="AAFA0C31" type="BinHex">00</field>
        <field hash="BF1EB181" type="BinHex">00</field>
        <field name="bIgnoreBreakableEventsForEver" type="BinHex">00</field>
        <field name="bIgnoreBreakableEventsTemporarily" type="BinHex">00</field>
        <field name="bImmuneToDamage" type="BinHex">00</field>
        <field name="bNoCollision" type="BinHex">00</field>
        <field name="bLargeEntity" type="Boolean">False</field>
        <field name="hidResourceIndex" type="Int32">0</field>
        <field name="bEncounterTeleportToGroundOnCreate" type="BinHex">00</field>
        <field name="bNoDecals" type="BinHex">00</field>
        <field name="bPatchNavmesh" type="BinHex">00</field>
        <field name="bAffectNavMesh" type="Boolean">True</field>
        <object name="LogicMaterialOverrides" />
        <object name="hidTheSharedMap">
          <field name="hidSharedDataHandlerHash" type="Hash64">86B8C40898DE0042</field>
        </object>
      </object>
      <object name="CSimpleAnimationComponent">
        <field name="hidHasAliasName" type="Boolean">False</field>
        <field name="text_fileSkeleton" type="String">graphics\_singleplayer\infrastructures\giantstatue\giantstatue_face_ref.skeleton</field>
        <field name="fileSkeleton" type="Hash64">37F76FCD1CF42FB1</field>
        <field name="text_sPackage" type="String"></field>
        <field name="sPackage" type="Hash64">FFFFFFFFFFFFFFFF</field>
        <field name="AutoApplyDisplacement" type="Boolean">False</field>
        <field name="DynamicJointWindMultiplier" type="BinHex">00000000</field>
        <field name="sPartName" type="String">giantstatue_face</field>
        <field name="bEnableEvents" type="Boolean">False</field>
        <field name="bRandomStart" type="Boolean">False</field>
        <field name="text_Animation" type="String"></field>
        <field name="Animation" type="Hash64">FFFFFFFFFFFFFFFF</field>
        <field name="bStartOnFinalize" type="BinHex">01</field>
        <object name="AnimPackages">
          <object hash="FE56BE8A">
            <field name="text_sPackage" type="String"></field>
            <field name="sPackage" type="Hash64">FFFFFFFFFFFFFFFF</field>
            <field name="text_hidName" type="String">entityarchetypeslibrary\1576398312559359264.ark.fcb</field>
            <field name="hidName" type="Hash64">5236C2E6EAD4B08A</field>
          </object>
        </object>
        <object name="DynamicJoints">
          <object name="Joint">
            <field name="bHD" type="Boolean">True</field>
            <field name="bUseParentAsConstraint" type="BinHex">00</field>
            <field name="text_JointName" type="String"></field>
            <field name="JointName" type="Hash32">FFFFFFFF</field>
            <field name="ZRotation" type="BinHex">00000000</field>
            <field name="YRotation" type="BinHex">00000000</field>
            <field name="AngleOfRestraint" type="Float32">90</field>
            <field name="InverseMass" type="Float32">0.4</field>
            <field name="Damping" type="Float32">0.95</field>
            <field name="Stiffness" type="Float32">-1</field>
            <field name="GravityMultiplier" type="Float32">1</field>
            <field name="selPlaneConstraintAxis" type="BinHex">FFFFFFFF</field>
            <field name="selAlignedAxis" type="BinHex">05000000</field>
          </object>
        </object>
        <object name="EventFilterMask">
          <field name="bSinglePlayer" type="Boolean">True</field>
          <field name="bPvP" type="Boolean">True</field>
          <field name="bCoop" type="Boolean">True</field>
          <field name="bShangriLa" type="Boolean">True</field>
          <field name="bArena" type="Boolean">True</field>
          <field name="bChannel0" type="Boolean">False</field>
          <field name="bChannel1" type="BinHex">00</field>
          <field name="bChannel2" type="BinHex">00</field>
        </object>
      </object>
      <object name="CMinimapComponent">
        <field name="hidHasAliasName" type="Boolean">False</field>
        <field name="minimapobjectinfoObjectInfo" type="BinHex">FFFFFFFF00000000</field>
      </object>
    </object>
  </object>
  <object name="ResPack">
    <field name="Count" type="BinHex">03000000</field>
    <object name="ResList">
      <field name="TypeId" type="Hash32">3AE88EFD</field>
      <field name="ResIds" type="BinHex">0100000060BB50C1E76374EE</field>
    </object>
    <object name="ResList">
      <field name="TypeId" type="Hash32">4CDDA42C</field>
      <field name="ResIds" type="BinHex">01000000B12FF41CCD6FF737</field>
    </object>
    <object name="ResList">
      <field name="TypeId" type="Hash32">86E8E8BE</field>
      <field name="ResIds" type="BinHex">0100000060BB50C1E748E8FC</field>
    </object>
  </object>
</object>